Hydraulic data input file for inSTREAM 4.5 ,,,,,,,,,,,,,,,,,,,,,,,,,,,,,,,,,,,,,,,,,,,,,,,,,,,,,,
Created from Clear Creek Reach 3c Data 14 OCT 2010 by D.S. Montoya,,High flows added 3/25/2011 SFR,,,,,,,,,,,,,,,,,,,,,,,,,,,,,,,,,,,,,,,,,,,,,,,,,,,,
flows,1.42,,2.12,,2.83,,3.54,,4.25,,4.96,,5.66,,6.37,,7.08,,7.79,,8.5,,9.91,,11.33,,12.74,,14.16,,15.57,,16.99,,18.41,,19.82,,21.24,,22.65,,24.07,,25.49,,56.63,,141.6,,283.2,,1416,
poly-id,depth@050,veloc@050,depth@075,veloc@075,depth@100,veloc@100,depth@125,veloc@125,depth@150,veloc@150,depth@175,veloc@175,depth@200,veloc@200,depth@225,veloc@225,depth@250,veloc@250,depth@275,veloc@275,depth@300,veloc@300,depth@350,veloc@350,depth@400,veloc@400,depth@450,veloc@450,depth@500,veloc@500,depth@550,veloc@550,depth@600,veloc@600,depth@650,veloc@650,depth@700,veloc@700,depth@750,veloc@750,depth@800,veloc@800,depth@850,veloc@850,depth@900,veloc@900,Depth@2000,Vel@2000,Depth@5000,Vel@5000,Depth@10000,Vel@10000,Depth@50000,Vel@50000
163,-0.51,0.01,-0.4,0.02,-0.33,0.03,-0.27,0.05,-0.22,0.09,-0.17,0.11,-0.13,0.12,-0.09,0.13,-0.05,0.13,-0.02,0.13,0.01,0.13,0.07,0.12,0.12,0.12,0.18,0.11,0.22,0.13,0.27,0.18,0.3,0.21,0.35,0.21,0.38,0.2,0.42,0.2,0.45,0.2,0.48,0.2,0.52,0.2,0.3,0.21,0.65,0.25,1.1,0.16,3.31,0.77
2,-0.51,0.01,-0.4,0.02,-0.33,0.03,-0.27,0.05,-0.22,0.09,-0.17,0.11,-0.13,0.12,-0.09,0.13,-0.05,0.13,-0.02,0.13,0.01,0.13,0.07,0.12,0.12,0.12,0.18,0.11,0.22,0.13,0.27,0.18,0.3,0.21,0.35,0.21,0.38,0.2,0.42,0.2,0.45,0.2,0.48,0.2,0.52,0.2,0.6,0.38,0.94,0.54,1.38,0.68,3.49,1.34
3,0.49,0.29,0.59,0.34,0.66,0.41,0.71,0.47,0.76,0.51,0.81,0.55,0.84,0.59,0.88,0.61,0.92,0.63,0.95,0.66,0.98,0.68,1.04,0.73,1.09,0.77,1.14,0.82,1.18,0.87,1.23,0.91,1.26,0.96,1.3,1,1.34,1.04,1.37,1.07,1.41,1.11,1.44,1.14,1.47,1.18,0.33,0.2,0.69,0.26,1.13,0.36,3.32,1.06
4,-0.38,0.03,-0.28,0.05,-0.2,0.07,-0.15,0.1,-0.1,0.12,-0.05,0.16,-0.02,0.19,0.03,0.22,0.07,0.24,0.1,0.25,0.13,0.26,0.18,0.3,0.24,0.35,0.29,0.38,0.33,0.4,0.38,0.49,0.41,0.55,0.45,0.57,0.49,0.58,0.52,0.59,0.56,0.61,0.59,0.62,0.62,0.63,0.64,0.4,1,0.58,1.44,0.75,3.57,1.42
5,0.67,0.27,0.77,0.32,0.85,0.38,0.9,0.43,0.95,0.47,1,0.49,1.03,0.54,1.07,0.55,1.11,0.57,1.14,0.6,1.17,0.62,1.22,0.66,1.27,0.7,1.33,0.76,1.37,0.81,1.41,0.86,1.44,0.91,1.49,0.95,1.52,0.99,1.55,1.03,1.59,1.08,1.62,1.12,1.65,1.16,0.28,0.18,0.64,0.38,1.03,0.6,2.99,1.44
6,-0.53,0.01,-0.44,0.03,-0.37,0.04,-0.32,0.07,-0.27,0.14,-0.21,0.17,-0.18,0.18,-0.15,0.19,-0.11,0.19,-0.08,0.19,-0.05,0.2,0,0.21,0.05,0.22,0.11,0.27,0.15,0.34,0.19,0.4,0.22,0.42,0.26,0.42,0.3,0.42,0.33,0.43,0.37,0.43,0.4,0.44,0.43,0.46,0.44,0.45,0.79,0.82,1.21,1.09,3.15,1.82
7,0.07,0.08,0.17,0.08,0.24,0.09,0.29,0.1,0.34,0.09,0.39,0.09,0.42,0.11,0.46,0.08,0.5,0.08,0.53,0.08,0.56,0.07,0.61,0.09,0.66,0.06,0.71,0.15,0.75,0.17,0.79,0.17,0.82,0.16,0.86,0.16,0.89,0.18,0.92,0.2,0.95,0.22,0.98,0.24,1.01,0.22,0.31,0.52,0.63,0.65,1,0.88,2.83,1.78
8,-0.17,0.07,-0.1,0.1,-0.05,0.14,-0.01,0.17,0.03,0.19,0.06,0.24,0.1,0.3,0.12,0.34,0.16,0.39,0.18,0.44,0.21,0.48,0.25,0.56,0.3,0.62,0.35,0.68,0.38,0.74,0.42,0.8,0.45,0.86,0.49,0.91,0.52,0.96,0.55,1,0.58,1.05,0.61,1.09,0.65,1.13,0.31,0.66,0.59,1.08,0.93,1.42,2.72,2.24
9,-0.2,0,-0.1,0.01,-0.03,0.03,0.01,0.05,0.06,0.08,0.1,0.11,0.13,0.14,0.16,0.18,0.2,0.22,0.22,0.25,0.25,0.27,0.3,0.32,0.35,0.36,0.4,0.41,0.44,0.47,0.48,0.51,0.5,0.56,0.54,0.61,0.57,0.66,0.6,0.71,0.64,0.77,0.67,0.82,0.69,0.87,0.51,0.79,0.82,1.14,1.2,1.45,3.04,2.61
10,0.37,0.54,0.44,0.73,0.49,0.89,0.53,1.01,0.57,1.1,0.61,1.17,0.65,1.23,0.68,1.27,0.71,1.31,0.74,1.35,0.76,1.38,0.81,1.44,0.86,1.48,0.9,1.51,0.94,1.55,0.98,1.59,1.01,1.63,1.05,1.65,1.08,1.69,1.12,1.72,1.15,1.75,1.18,1.78,1.21,1.81,0.31,0.95,0.59,1.34,0.9,1.72,2.27,3.16
11,-0.02,0.11,0.06,0.23,0.11,0.34,0.14,0.44,0.17,0.52,0.2,0.63,0.23,0.74,0.25,0.82,0.28,0.9,0.31,0.98,0.33,1.05,0.37,1.16,0.41,1.25,0.46,1.35,0.5,1.43,0.54,1.51,0.57,1.59,0.61,1.65,0.64,1.7,0.67,1.76,0.7,1.81,0.73,1.86,0.76,1.9,0.28,0.25,0.55,0.49,0.89,0.65,2.57,1.01
12,-0.26,0,-0.14,0.04,-0.09,0.01,-0.04,0.01,0.01,0.02,0.06,0.04,0.09,0.05,0.13,0.08,0.17,0.09,0.2,0.1,0.23,0.11,0.28,0.12,0.33,0.1,0.38,0.12,0.42,0.11,0.46,0.11,0.49,0.1,0.53,0.1,0.56,0.11,0.59,0.11,0.62,0.12,0.65,0.12,0.68,0.06,0.2,0.26,0.41,0.53,0.69,0.63,2.35,0.42
13,-0.3,0,-0.19,0,-0.14,0,-0.1,0.01,-0.06,0.02,-0.01,0.03,0.02,0.06,0.06,0.1,0.1,0.14,0.13,0.15,0.16,0.16,0.21,0.15,0.26,0.12,0.31,0.09,0.35,0.08,0.39,0.06,0.42,0.06,0.46,0.06,0.49,0.07,0.52,0.09,0.55,0.1,0.58,0.12,0.61,0.09,0.2,0.16,0.42,0.38,0.69,0.51,2.17,0.65
14,-0.34,0,-0.24,0,-0.18,0,-0.14,0,-0.12,0.01,-0.08,0.05,-0.05,0.11,-0.01,0.15,0.03,0.16,0.05,0.16,0.08,0.15,0.13,0.12,0.18,0.09,0.22,0.05,0.26,0.05,0.3,0.04,0.33,0.04,0.37,0.05,0.4,0.06,0.44,0.07,0.47,0.08,0.5,0.09,0.52,0.09,0.19,0.2,0.43,0.34,0.7,0.55,1.78,1.58
15,-0.37,0,-0.28,0,-0.22,0,-0.19,0,-0.16,0,-0.14,0.02,-0.11,0.04,-0.08,0.06,-0.06,0.07,-0.03,0.08,-0.01,0.08,0.03,0.08,0.08,0.08,0.13,0.07,0.17,0.08,0.21,0.1,0.24,0.12,0.28,0.14,0.31,0.16,0.34,0.18,0.37,0.2,0.4,0.22,0.43,0.24,0.19,0.34,0.4,0.47,0.81,0.4,2.57,1.07
16,-0.39,0,-0.33,0,-0.26,0,-0.21,0.01,-0.17,0.02,-0.13,0.04,-0.1,0.08,-0.08,0.11,-0.06,0.14,-0.03,0.17,-0.01,0.2,0.03,0.28,0.07,0.34,0.12,0.42,0.15,0.49,0.19,0.56,0.22,0.62,0.25,0.67,0.28,0.72,0.3,0.75,0.33,0.8,0.36,0.84,0.38,0.88,0.19,0.59,0.43,1.02,0.7,1.47,1.8,3.26
17,-0.41,0,-0.33,0,-0.28,0,-0.24,0,-0.2,0,-0.16,0.01,-0.13,0.04,-0.11,0.06,-0.08,0.09,-0.06,0.12,-0.04,0.16,0,0.23,0.04,0.32,0.08,0.4,0.11,0.48,0.15,0.55,0.18,0.61,0.21,0.67,0.24,0.73,0.27,0.77,0.3,0.82,0.32,0.86,0.35,0.9,0.35,0.8,0.62,1.2,1.06,1.32,2.86,2.31
18,-0.06,0.02,0,0.05,0.06,0.12,0.12,0.23,0.16,0.35,0.2,0.46,0.23,0.55,0.26,0.62,0.28,0.69,0.31,0.76,0.33,0.82,0.38,0.92,0.42,1.01,0.46,1.1,0.5,1.18,0.53,1.27,0.56,1.34,0.6,1.4,0.63,1.46,0.66,1.51,0.69,1.57,0.71,1.62,0.74,1.67,0.31,0.3,0.67,0.84,1.13,1.18,3.46,2.17
19,-0.45,0,-0.37,0.01,-0.31,0.01,-0.26,0.03,-0.21,0.04,-0.16,0.06,-0.11,0.09,-0.08,0.13,-0.04,0.18,-0.01,0.22,0.02,0.25,0.07,0.29,0.12,0.3,0.17,0.3,0.21,0.3,0.25,0.29,0.29,0.3,0.32,0.31,0.36,0.32,0.39,0.33,0.42,0.35,0.45,0.36,0.48,0.38,0.56,0.53,0.94,0.88,1.4,1.12,3.76,1.98
20,0.37,0.4,0.44,0.51,0.51,0.61,0.56,0.72,0.61,0.75,0.66,0.78,0.7,0.81,0.74,0.85,0.77,0.89,0.8,0.94,0.83,0.97,0.88,1.01,0.93,1.04,0.98,1.06,1.02,1.08,1.06,1.1,1.09,1.13,1.13,1.16,1.16,1.18,1.2,1.21,1.23,1.24,1.26,1.27,1.3,1.3,0.48,0.83,0.78,1.19,1.22,1.36,3.02,2.56
21,0.21,0.37,0.27,0.56,0.33,0.7,0.39,0.81,0.43,0.88,0.48,0.94,0.51,1,0.53,1.05,0.56,1.1,0.59,1.15,0.61,1.2,0.66,1.28,0.7,1.35,0.75,1.42,0.79,1.49,0.82,1.55,0.86,1.61,0.89,1.66,0.92,1.71,0.95,1.76,0.98,1.8,1.01,1.84,1.04,1.89,0.55,0.7,0.93,0.91,1.4,1.1,3.76,1.87
22,0.36,0.66,0.43,0.83,0.49,0.96,0.55,1.05,0.6,1.07,0.65,1.09,0.69,1.11,0.72,1.12,0.75,1.14,0.78,1.16,0.81,1.19,0.86,1.24,0.91,1.29,0.95,1.34,0.99,1.39,1.03,1.45,1.06,1.5,1.1,1.54,1.13,1.57,1.16,1.6,1.2,1.64,1.23,1.66,1.26,1.69,0.17,0.39,0.42,0.44,0.7,0.95,1.17,3.4
23,-0.37,0,-0.3,0,-0.24,0,-0.19,0.01,-0.15,0.03,-0.12,0.04,-0.09,0.06,-0.06,0.09,-0.04,0.13,-0.02,0.16,0.01,0.19,0.05,0.29,0.08,0.37,0.12,0.45,0.15,0.52,0.18,0.57,0.21,0.63,0.24,0.73,0.26,0.81,0.28,0.86,0.3,0.92,0.33,0.97,0.35,1.01,0.16,0.61,0.41,0.82,0.41,2.09,1.39,3.5
24,-0.36,0.01,-0.29,0.02,-0.22,0.03,-0.17,0.05,-0.14,0.07,-0.1,0.08,-0.07,0.11,-0.05,0.14,-0.02,0.18,0.01,0.23,0.03,0.29,0.08,0.38,0.11,0.45,0.15,0.5,0.18,0.56,0.21,0.63,0.24,0.71,0.27,0.8,0.3,0.87,0.32,0.94,0.34,1.02,0.36,1.08,0.38,1.15,0.39,0.48,0.75,0.93,1.22,1.15,3.37,2.19
25,-0.17,0.14,-0.1,0.17,-0.04,0.2,0.02,0.24,0.07,0.26,0.11,0.31,0.15,0.36,0.18,0.4,0.21,0.43,0.24,0.46,0.26,0.49,0.31,0.53,0.36,0.59,0.41,0.63,0.45,0.65,0.49,0.69,0.52,0.71,0.56,0.74,0.59,0.77,0.62,0.8,0.65,0.82,0.68,0.84,0.72,0.86,0.34,0.93,0.61,1.35,0.75,1.97,1.88,3.7
26,0.05,0.07,0.12,0.16,0.18,0.25,0.23,0.37,0.27,0.46,0.31,0.54,0.34,0.63,0.36,0.71,0.39,0.79,0.41,0.86,0.44,0.94,0.48,1.07,0.52,1.18,0.56,1.28,0.59,1.37,0.63,1.46,0.66,1.53,0.69,1.61,0.71,1.68,0.74,1.75,0.76,1.82,0.79,1.89,0.81,1.95,0.5,0.82,0.79,1.21,1.23,1.4,2.96,2.74
27,0.33,0.76,0.4,0.92,0.46,1.02,0.51,1.08,0.56,1.11,0.6,1.15,0.63,1.21,0.65,1.26,0.68,1.31,0.7,1.36,0.73,1.4,0.77,1.46,0.82,1.51,0.86,1.56,0.9,1.6,0.95,1.64,0.98,1.68,1.02,1.72,1.05,1.76,1.08,1.8,1.11,1.84,1.14,1.87,1.17,1.91,0.42,0.62,0.81,0.91,1.33,1.17,4.03,2.04
28,-0.23,0.11,-0.17,0.14,-0.11,0.14,-0.06,0.15,-0.02,0.16,0.02,0.22,0.06,0.33,0.1,0.38,0.13,0.41,0.17,0.43,0.2,0.45,0.26,0.48,0.31,0.53,0.37,0.68,0.42,0.81,0.47,0.87,0.51,0.92,0.55,0.96,0.59,1.01,0.63,1.05,0.67,1.09,0.71,1.12,0.75,1.15,0.4,0.71,0.78,1.02,1.28,1.28,3.92,2.21
29,-0.31,0.04,-0.24,0.11,-0.18,0.13,-0.13,0.13,-0.09,0.14,-0.05,0.16,-0.01,0.21,0.02,0.31,0.06,0.38,0.09,0.41,0.12,0.43,0.18,0.47,0.23,0.5,0.28,0.53,0.33,0.61,0.38,0.73,0.42,0.89,0.47,1.01,0.5,1.06,0.54,1.11,0.58,1.15,0.62,1.18,0.66,1.22,0.49,0.61,0.88,0.88,1.41,1.13,4.13,1.98
30,-0.09,0.21,-0.03,0.24,0.03,0.27,0.08,0.3,0.12,0.33,0.16,0.37,0.2,0.45,0.23,0.48,0.27,0.51,0.3,0.53,0.34,0.56,0.4,0.63,0.46,0.73,0.51,0.82,0.56,0.87,0.6,0.91,0.65,0.96,0.69,1.05,0.73,1.13,0.77,1.18,0.82,1.21,0.85,1.23,0.89,1.26,0.45,0.6,0.84,0.9,1.35,1.17,4.01,2.08
31,-0.08,0.16,-0.01,0.2,0.04,0.25,0.1,0.3,0.14,0.34,0.18,0.39,0.22,0.43,0.25,0.45,0.28,0.48,0.32,0.53,0.35,0.59,0.41,0.68,0.47,0.74,0.52,0.8,0.57,0.84,0.62,0.87,0.66,0.91,0.7,0.95,0.74,0.98,0.78,1.01,0.82,1.04,0.86,1.07,0.9,1.09,0.35,0.63,0.72,0.98,1.2,1.29,3.74,2.33
32,-0.23,0.06,-0.16,0.1,-0.11,0.14,-0.05,0.19,-0.01,0.24,0.03,0.3,0.07,0.34,0.1,0.36,0.14,0.38,0.17,0.4,0.2,0.42,0.26,0.51,0.31,0.66,0.37,0.74,0.41,0.77,0.46,0.8,0.51,0.83,0.55,0.85,0.59,0.88,0.63,0.9,0.67,0.92,0.71,0.94,0.75,0.97,0.5,0.86,0.79,1.25,1.05,1.77,2.61,3.3
33,0.3,0.47,0.37,0.6,0.43,0.7,0.49,0.78,0.52,0.84,0.56,0.91,0.59,0.98,0.62,1.02,0.65,1.08,0.68,1.13,0.7,1.18,0.75,1.27,0.79,1.35,0.83,1.43,0.87,1.49,0.91,1.56,0.94,1.62,0.97,1.68,1,1.74,1.03,1.8,1.06,1.86,1.08,1.91,1.11,1.97,0.32,0.87,0.66,1.25,1.13,1.56,3.56,2.65
34,-0.42,0,-0.35,0.03,-0.29,0.08,-0.25,0.09,-0.21,0.09,-0.17,0.1,-0.13,0.12,-0.1,0.15,-0.07,0.24,-0.03,0.31,0,0.34,0.05,0.38,0.1,0.41,0.14,0.45,0.18,0.49,0.22,0.59,0.26,0.77,0.3,0.92,0.34,0.98,0.37,1.03,0.4,1.08,0.44,1.14,0.47,1.21,0.28,0.94,0.55,1.48,0.97,1.84,3.18,3.06
35,-0.48,0,-0.41,0.01,-0.36,0.03,-0.31,0.04,-0.27,0.04,-0.23,0.06,-0.2,0.08,-0.16,0.1,-0.13,0.14,-0.1,0.19,-0.07,0.21,-0.01,0.24,0.03,0.26,0.07,0.29,0.11,0.34,0.15,0.44,0.18,0.55,0.22,0.65,0.26,0.71,0.29,0.75,0.32,0.8,0.35,0.87,0.38,0.97,0.24,0.67,0.56,1.12,0.97,1.47,3.1,2.59
36,-0.31,0.01,-0.24,0.01,-0.18,0.02,-0.13,0.03,-0.09,0.04,-0.05,0.09,-0.01,0.18,0.02,0.24,0.05,0.29,0.07,0.31,0.1,0.34,0.14,0.42,0.19,0.53,0.23,0.63,0.27,0.7,0.31,0.76,0.34,0.83,0.37,0.89,0.4,0.95,0.43,1.02,0.46,1.11,0.48,1.18,0.51,1.27,0.44,0.65,0.81,0.97,1.3,1.27,3.89,2.29
37,-0.31,0.04,-0.24,0.08,-0.19,0.1,-0.14,0.11,-0.1,0.13,-0.05,0.19,-0.01,0.25,0.02,0.29,0.05,0.31,0.09,0.32,0.12,0.33,0.18,0.37,0.23,0.53,0.29,0.62,0.33,0.66,0.38,0.69,0.43,0.72,0.47,0.75,0.51,0.77,0.55,0.8,0.6,0.82,0.63,0.85,0.67,0.87,0.33,0.53,0.69,0.89,1.14,1.17,3.49,2.1
38,-0.34,0,-0.27,0,-0.21,0,-0.16,0.01,-0.13,0.03,-0.08,0.07,-0.05,0.13,-0.02,0.17,0.01,0.19,0.04,0.22,0.07,0.3,0.12,0.42,0.17,0.49,0.22,0.55,0.26,0.59,0.3,0.63,0.34,0.66,0.37,0.69,0.41,0.72,0.44,0.76,0.47,0.82,0.51,0.92,0.54,1.04,0.35,0.52,0.7,0.87,1.15,1.17,3.46,2.14
39,-0.37,0,-0.3,0,-0.25,0,-0.2,0.02,-0.16,0.05,-0.12,0.08,-0.08,0.09,-0.05,0.11,-0.02,0.15,0.01,0.22,0.04,0.27,0.09,0.34,0.14,0.39,0.19,0.43,0.23,0.47,0.27,0.5,0.31,0.53,0.35,0.56,0.38,0.6,0.42,0.66,0.45,0.75,0.49,0.86,0.52,0.94,0.39,0.69,0.56,1.4,0.76,2.16,2.46,3.64
40,-0.17,0.07,-0.11,0.11,-0.05,0.15,0,0.18,0.03,0.2,0.07,0.26,0.11,0.35,0.15,0.39,0.18,0.43,0.22,0.47,0.25,0.5,0.3,0.54,0.35,0.58,0.4,0.65,0.44,0.75,0.48,0.81,0.52,0.85,0.56,0.91,0.6,0.95,0.63,0.99,0.67,1.02,0.7,1.05,0.74,1.09,0.45,0.57,0.78,0.88,0.91,1.76,2.08,3.95
41,0.01,0.2,0.08,0.24,0.14,0.27,0.19,0.32,0.23,0.36,0.27,0.41,0.31,0.45,0.34,0.47,0.38,0.5,0.41,0.53,0.45,0.55,0.5,0.59,0.55,0.64,0.6,0.71,0.64,0.79,0.69,0.83,0.73,0.85,0.78,0.89,0.81,0.91,0.85,0.94,0.89,0.96,0.93,0.98,0.96,1,0.36,0.51,0.71,0.86,1.15,1.17,3.42,2.18
42,-0.29,0,-0.22,0,-0.16,0,-0.11,0.04,-0.07,0.06,-0.03,0.07,0,0.08,0.03,0.12,0.07,0.19,0.1,0.24,0.13,0.27,0.18,0.32,0.23,0.36,0.28,0.4,0.32,0.43,0.36,0.46,0.4,0.49,0.44,0.53,0.47,0.57,0.51,0.64,0.54,0.76,0.58,0.9,0.61,0.99,0.37,0.54,0.72,0.85,1.16,1.15,1.76,4.13
43,-0.09,0.19,-0.02,0.24,0.04,0.29,0.09,0.33,0.13,0.37,0.17,0.4,0.21,0.42,0.25,0.44,0.28,0.46,0.32,0.47,0.35,0.49,0.41,0.53,0.46,0.59,0.51,0.69,0.55,0.75,0.6,0.78,0.64,0.79,0.68,0.81,0.72,0.83,0.76,0.85,0.8,0.87,0.83,0.89,0.87,0.91,0.51,0.6,0.9,0.89,1.41,1.16,4.12,2.06
44,0,0.12,0.07,0.15,0.13,0.18,0.18,0.27,0.22,0.34,0.27,0.38,0.31,0.4,0.34,0.43,0.38,0.45,0.41,0.48,0.44,0.51,0.5,0.66,0.56,0.76,0.61,0.81,0.66,0.86,0.71,0.9,0.76,0.94,0.8,0.98,0.84,1.02,0.89,1.06,0.93,1.09,0.97,1.12,1.01,1.16,0.39,0.46,0.74,0.83,1.19,1.14,3.48,2.15
45,-0.3,0,-0.23,0.02,-0.17,0.05,-0.12,0.07,-0.08,0.08,-0.04,0.1,0,0.13,0.03,0.15,0.06,0.17,0.1,0.19,0.13,0.2,0.18,0.22,0.23,0.23,0.28,0.32,0.32,0.39,0.36,0.45,0.4,0.48,0.44,0.52,0.48,0.55,0.52,0.6,0.55,0.65,0.59,0.69,0.62,0.73,0.55,0.74,0.93,1.02,1.43,1.28,4.04,2.17
46,0.26,0.5,0.32,0.62,0.38,0.7,0.43,0.77,0.47,0.83,0.51,0.89,0.55,0.94,0.59,0.99,0.62,1.04,0.66,1.09,0.69,1.13,0.75,1.2,0.8,1.27,0.85,1.34,0.89,1.39,0.94,1.45,0.98,1.5,1.03,1.55,1.07,1.59,1.11,1.64,1.14,1.69,1.18,1.73,1.22,1.77,0.59,0.65,0.98,0.91,1.49,1.16,4.17,2.02
47,0.33,0.55,0.39,0.65,0.45,0.72,0.5,0.79,0.54,0.83,0.58,0.89,0.62,0.93,0.65,0.97,0.69,1.01,0.72,1.05,0.76,1.07,0.82,1.12,0.87,1.17,0.92,1.23,0.97,1.28,1.02,1.33,1.06,1.38,1.11,1.42,1.15,1.46,1.19,1.5,1.23,1.55,1.26,1.58,1.3,1.62,0.3,0.54,0.64,0.87,1.08,1.17,1.47,4.2
48,-0.23,0.11,-0.16,0.15,-0.1,0.17,-0.05,0.19,-0.01,0.2,0.03,0.21,0.07,0.23,0.11,0.24,0.14,0.25,0.18,0.27,0.21,0.3,0.27,0.37,0.32,0.46,0.37,0.57,0.41,0.63,0.46,0.64,0.5,0.65,0.54,0.68,0.58,0.71,0.62,0.74,0.66,0.78,0.69,0.82,0.73,0.85,0.61,0.69,0.98,1,1.47,1.3,4.02,2.31
49,0.41,0.52,0.47,0.63,0.53,0.72,0.58,0.79,0.62,0.84,0.66,0.9,0.7,0.95,0.73,0.99,0.77,1.04,0.8,1.07,0.83,1.11,0.89,1.16,0.95,1.21,1,1.26,1.05,1.31,1.1,1.36,1.14,1.41,1.18,1.46,1.22,1.5,1.26,1.55,1.31,1.59,1.34,1.63,1.38,1.67,0.61,0.49,1.01,0.76,1.53,1.02,4.27,1.83
50,0.32,0.11,0.39,0.14,0.45,0.17,0.51,0.19,0.55,0.2,0.59,0.21,0.63,0.24,0.67,0.26,0.71,0.29,0.74,0.33,0.78,0.38,0.84,0.48,0.89,0.54,0.95,0.59,1,0.64,1.05,0.7,1.1,0.74,1.15,0.79,1.19,0.83,1.23,0.87,1.28,0.91,1.32,0.94,1.36,0.98,0.31,0.56,0.65,0.89,1.09,1.2,1.36,4.21
51,-0.45,0.01,-0.38,0.01,-0.32,0.01,-0.27,0.01,-0.23,0.02,-0.19,0.03,-0.14,0.04,-0.11,0.07,-0.07,0.1,-0.04,0.12,-0.01,0.15,0.05,0.2,0.1,0.26,0.15,0.32,0.19,0.36,0.24,0.41,0.28,0.47,0.32,0.53,0.36,0.59,0.4,0.64,0.43,0.68,0.47,0.71,0.5,0.74,0.66,0.65,1.04,0.93,1.54,1.2,4.22,2.11
52,0.48,0.47,0.55,0.56,0.61,0.63,0.66,0.7,0.7,0.76,0.75,0.81,0.79,0.86,0.82,0.89,0.86,0.93,0.89,0.97,0.92,1,0.99,1.04,1.04,1.07,1.09,1.12,1.14,1.17,1.19,1.22,1.24,1.26,1.28,1.3,1.32,1.35,1.37,1.39,1.41,1.43,1.45,1.47,1.49,1.51,0.49,0.96,0.79,1.37,1.24,1.68,3.58,2.79
53,0.32,0.49,0.38,0.62,0.44,0.74,0.49,0.83,0.52,0.9,0.56,0.98,0.6,1.05,0.63,1.11,0.67,1.16,0.7,1.21,0.73,1.26,0.78,1.36,0.83,1.46,0.87,1.56,0.91,1.65,0.95,1.73,0.99,1.79,1.03,1.85,1.06,1.92,1.1,1.98,1.13,2.04,1.16,2.1,1.19,2.16,0.28,0.57,0.62,0.93,1.04,1.26,1.53,3.94
54,-0.5,0,-0.43,0,-0.37,0,-0.31,0,-0.27,0,-0.23,0.01,-0.19,0.02,-0.16,0.03,-0.12,0.06,-0.08,0.08,-0.05,0.1,0,0.12,0.05,0.14,0.1,0.18,0.14,0.22,0.19,0.32,0.23,0.43,0.27,0.53,0.31,0.59,0.34,0.63,0.38,0.67,0.42,0.71,0.45,0.76,0.3,0.53,0.62,1.05,1.02,1.4,2.48,3.21
55,-0.33,0.03,-0.27,0.05,-0.21,0.06,-0.16,0.07,-0.12,0.08,-0.08,0.09,-0.05,0.1,-0.02,0.1,0.01,0.11,0.04,0.11,0.07,0.12,0.12,0.15,0.17,0.25,0.22,0.42,0.26,0.51,0.31,0.57,0.34,0.62,0.38,0.64,0.41,0.67,0.45,0.7,0.48,0.73,0.51,0.77,0.54,0.81,0.5,0.67,0.86,0.94,1.3,1.21,3.61,2.16
56,0.22,0.33,0.29,0.41,0.35,0.48,0.4,0.54,0.44,0.6,0.48,0.66,0.52,0.73,0.54,0.77,0.58,0.82,0.61,0.87,0.64,0.91,0.69,0.99,0.74,1.05,0.78,1.11,0.82,1.17,0.87,1.23,0.9,1.28,0.94,1.34,0.98,1.39,1.01,1.43,1.05,1.47,1.08,1.51,1.12,1.55,0.47,0.78,0.81,1.07,1.23,1.37,3.44,2.4
57,0.2,0.36,0.28,0.46,0.34,0.54,0.39,0.61,0.43,0.66,0.47,0.73,0.51,0.82,0.53,0.89,0.56,0.95,0.59,1.01,0.62,1.06,0.67,1.16,0.71,1.23,0.76,1.3,0.8,1.36,0.84,1.43,0.87,1.5,0.9,1.57,0.93,1.63,0.96,1.68,1,1.74,1.02,1.8,1.05,1.85,0.52,0.62,0.87,0.9,1.32,1.18,3.58,2.2
58,0.25,0.31,0.32,0.39,0.38,0.47,0.43,0.53,0.47,0.58,0.51,0.64,0.54,0.69,0.57,0.73,0.61,0.78,0.64,0.82,0.67,0.85,0.72,0.92,0.77,0.98,0.82,1.06,0.86,1.12,0.91,1.18,0.95,1.23,0.99,1.27,1.02,1.32,1.06,1.36,1.1,1.4,1.13,1.44,1.16,1.48,0.25,0.64,0.56,1.06,0.97,1.42,2.37,3.22
59,-0.34,0.04,-0.27,0.06,-0.21,0.08,-0.16,0.09,-0.13,0.1,-0.08,0.11,-0.05,0.13,-0.02,0.14,0.02,0.16,0.05,0.2,0.08,0.25,0.14,0.35,0.19,0.44,0.23,0.52,0.27,0.58,0.31,0.62,0.35,0.67,0.39,0.72,0.42,0.78,0.46,0.84,0.49,0.91,0.53,0.97,0.56,1.03,0.52,0.48,0.91,0.79,1.42,1.07,4.1,1.92
60,0.05,0.02,0.12,0.02,0.18,0.03,0.24,0.04,0.28,0.03,0.32,0.04,0.37,0.05,0.4,0.05,0.44,0.07,0.47,0.09,0.51,0.16,0.57,0.26,0.63,0.32,0.69,0.36,0.74,0.41,0.79,0.47,0.84,0.51,0.88,0.56,0.93,0.59,0.97,0.63,1.02,0.67,1.06,0.7,1.1,0.73,0.55,0.79,0.76,1.38,1.01,2.01,2.55,3.74
61,0.35,0.44,0.41,0.55,0.47,0.63,0.52,0.71,0.56,0.77,0.6,0.83,0.64,0.89,0.67,0.93,0.71,0.97,0.74,1.02,0.77,1.06,0.83,1.13,0.88,1.21,0.92,1.29,0.96,1.36,1.01,1.42,1.05,1.48,1.09,1.53,1.13,1.59,1.16,1.63,1.2,1.68,1.24,1.73,1.27,1.78,0.39,0.48,0.79,0.74,1.32,0.98,4.16,1.72
62,-0.35,0,-0.28,0,-0.22,0,-0.16,0,-0.12,0,-0.08,0.01,-0.04,0.01,-0.01,0.02,0.03,0.02,0.06,0.03,0.1,0.08,0.16,0.15,0.21,0.18,0.26,0.21,0.32,0.27,0.37,0.38,0.42,0.45,0.47,0.51,0.51,0.56,0.56,0.6,0.6,0.63,0.65,0.66,0.69,0.69,0.68,0.56,1.07,0.84,1.59,1.1,4.29,1.97
63,0.56,0.25,0.63,0.33,0.69,0.38,0.75,0.43,0.79,0.45,0.84,0.49,0.88,0.53,0.91,0.57,0.95,0.61,0.99,0.66,1.02,0.7,1.08,0.77,1.14,0.81,1.19,0.86,1.24,0.91,1.3,0.95,1.34,0.99,1.39,1.04,1.43,1.08,1.48,1.13,1.52,1.17,1.56,1.22,1.6,1.26,0.54,0.56,0.9,0.84,1.35,1.11,1.92,3.96
64,0.26,0.38,0.33,0.46,0.39,0.52,0.45,0.57,0.49,0.62,0.53,0.66,0.57,0.71,0.6,0.74,0.64,0.78,0.67,0.82,0.71,0.85,0.77,0.91,0.82,0.96,0.87,1.02,0.91,1.07,0.95,1.13,1,1.17,1.04,1.22,1.08,1.26,1.12,1.3,1.16,1.35,1.19,1.38,1.23,1.42,0.53,0.65,0.87,0.96,1.3,1.26,1.89,3.95
65,0.21,0.31,0.28,0.41,0.34,0.48,0.39,0.53,0.43,0.57,0.47,0.62,0.51,0.67,0.54,0.71,0.58,0.76,0.62,0.8,0.65,0.84,0.71,0.92,0.76,1,0.8,1.08,0.84,1.14,0.89,1.2,0.93,1.24,0.97,1.29,1.01,1.34,1.05,1.38,1.08,1.43,1.12,1.47,1.15,1.51,0.61,0.64,1,0.92,1.5,1.18,4.2,2.05
66,0.33,0.4,0.4,0.51,0.46,0.61,0.52,0.69,0.56,0.76,0.6,0.82,0.64,0.87,0.68,0.91,0.71,0.95,0.75,0.98,0.78,1,0.84,1.05,0.9,1.11,0.95,1.18,1,1.23,1.05,1.27,1.1,1.32,1.15,1.36,1.19,1.39,1.23,1.43,1.28,1.46,1.32,1.5,1.36,1.53,0.38,0.45,0.81,0.61,1.37,0.78,4.33,1.37
67,-0.39,0,-0.31,0,-0.22,0,-0.13,0.02,-0.09,0.04,-0.06,0.08,-0.03,0.13,-0.01,0.17,0.01,0.22,0.03,0.26,0.05,0.28,0.09,0.33,0.14,0.38,0.19,0.49,0.24,0.61,0.28,0.68,0.33,0.72,0.38,0.76,0.42,0.79,0.47,0.81,0.51,0.83,0.56,0.84,0.6,0.86,0.33,0.73,0.63,1.2,0.89,1.77,2.61,3.22
68,-0.24,0.07,-0.16,0.11,-0.1,0.16,-0.05,0.19,-0.01,0.21,0.03,0.23,0.06,0.26,0.09,0.29,0.12,0.34,0.14,0.39,0.17,0.43,0.22,0.49,0.26,0.53,0.3,0.6,0.34,0.7,0.38,0.8,0.41,0.87,0.45,0.92,0.48,0.97,0.51,1.01,0.54,1.05,0.56,1.08,0.59,1.12,0.42,0.44,0.85,0.57,1.41,0.73,4.4,1.28
69,-0.26,0,-0.14,0,-0.04,0.01,0.03,0.05,0.07,0.09,0.1,0.16,0.13,0.22,0.16,0.28,0.18,0.34,0.21,0.41,0.23,0.48,0.28,0.61,0.31,0.72,0.35,0.81,0.39,0.86,0.43,0.9,0.47,0.93,0.52,0.95,0.56,0.97,0.6,0.98,0.65,0.99,0.69,1,0.73,1.01,0.57,0.68,0.93,1,1.42,1.28,3.98,2.24
70,0.26,0.32,0.32,0.43,0.38,0.51,0.43,0.58,0.47,0.63,0.51,0.69,0.55,0.75,0.58,0.79,0.62,0.84,0.65,0.89,0.68,0.94,0.74,1.01,0.8,1.07,0.85,1.14,0.9,1.2,0.95,1.27,0.99,1.32,1.03,1.38,1.07,1.43,1.11,1.48,1.15,1.53,1.19,1.57,1.23,1.62,0.57,0.64,0.96,0.92,1.47,1.17,4.12,2.02
71,0.24,0.42,0.3,0.52,0.36,0.6,0.41,0.67,0.45,0.72,0.49,0.77,0.53,0.81,0.56,0.85,0.6,0.89,0.63,0.93,0.67,0.96,0.73,1.02,0.78,1.07,0.84,1.13,0.88,1.18,0.93,1.24,0.97,1.29,1.02,1.35,1.06,1.39,1.1,1.43,1.14,1.48,1.18,1.52,1.22,1.57,0.51,0.77,0.83,1.09,1.24,1.42,2.65,3.28
72,0.25,0.38,0.32,0.49,0.38,0.58,0.43,0.66,0.47,0.72,0.51,0.79,0.55,0.86,0.58,0.91,0.61,0.97,0.64,1.02,0.67,1.07,0.73,1.14,0.78,1.21,0.83,1.28,0.87,1.33,0.91,1.4,0.95,1.45,0.99,1.51,1.02,1.57,1.06,1.62,1.09,1.68,1.12,1.73,1.15,1.78,0.54,0.53,0.95,0.75,1.49,0.95,4.37,1.62
73,0,0.01,0.06,0.06,0.12,0.09,0.17,0.13,0.21,0.22,0.26,0.32,0.3,0.4,0.33,0.46,0.37,0.52,0.41,0.6,0.44,0.68,0.5,0.78,0.56,0.84,0.61,0.89,0.66,0.94,0.72,0.98,0.77,1.02,0.82,1.06,0.86,1.1,0.91,1.14,0.95,1.18,1,1.21,1.04,1.24,0.59,0.57,1,0.8,1.53,1.01,4.38,1.72
74,0.23,0.41,0.3,0.56,0.35,0.65,0.41,0.72,0.45,0.77,0.5,0.83,0.54,0.88,0.57,0.93,0.61,0.97,0.65,1.01,0.68,1.04,0.74,1.08,0.8,1.13,0.85,1.18,0.9,1.2,0.96,1.22,1.01,1.24,1.06,1.26,1.1,1.29,1.15,1.31,1.19,1.34,1.23,1.36,1.28,1.38,0.45,0.43,0.88,0.56,1.45,0.7,4.44,1.23
75,-0.2,0,-0.07,0.01,0.02,0.02,0.08,0.05,0.12,0.09,0.16,0.16,0.19,0.23,0.22,0.31,0.25,0.38,0.28,0.46,0.31,0.52,0.35,0.62,0.39,0.72,0.43,0.83,0.46,0.91,0.5,0.97,0.54,1.01,0.59,1.04,0.63,1.06,0.67,1.08,0.71,1.09,0.75,1.1,0.8,1.11,0.46,0.42,0.88,0.56,1.45,0.72,4.42,1.27
76,-0.17,0,-0.04,0.02,0.04,0.02,0.09,0.04,0.13,0.07,0.17,0.12,0.21,0.17,0.25,0.21,0.28,0.26,0.31,0.3,0.34,0.35,0.38,0.44,0.42,0.54,0.46,0.64,0.5,0.72,0.54,0.78,0.58,0.83,0.62,0.87,0.66,0.9,0.7,0.92,0.74,0.94,0.78,0.96,0.82,0.98,0.53,0.62,0.84,1.03,1.11,1.61,2.13,3.87
77,0.24,0.32,0.31,0.41,0.36,0.49,0.41,0.55,0.45,0.6,0.49,0.64,0.53,0.69,0.57,0.73,0.6,0.77,0.64,0.82,0.67,0.86,0.73,0.92,0.78,0.99,0.82,1.06,0.86,1.11,0.91,1.17,0.95,1.23,0.99,1.28,1.03,1.33,1.07,1.37,1.11,1.42,1.14,1.47,1.18,1.51,0.5,0.7,0.85,0.98,1.29,1.27,3.54,2.21
78,0.27,0.51,0.34,0.59,0.4,0.66,0.46,0.73,0.5,0.79,0.54,0.83,0.57,0.86,0.6,0.9,0.63,0.94,0.66,0.98,0.69,1.02,0.74,1.1,0.79,1.16,0.83,1.22,0.87,1.28,0.91,1.34,0.95,1.4,0.99,1.46,1.02,1.51,1.05,1.56,1.08,1.61,1.11,1.65,1.14,1.69,0.47,0.5,0.89,0.67,1.45,0.83,4.42,1.37
79,-0.15,0.01,-0.07,0.04,-0.01,0.09,0.06,0.18,0.09,0.28,0.13,0.4,0.16,0.49,0.18,0.55,0.21,0.61,0.24,0.67,0.26,0.72,0.31,0.79,0.36,0.84,0.42,0.87,0.47,0.9,0.52,0.95,0.57,0.99,0.62,1.03,0.67,1.07,0.71,1.1,0.76,1.14,0.8,1.17,0.84,1.2,0.47,0.45,0.89,0.6,1.44,0.77,4.4,1.34
80,-0.14,0,-0.03,0.03,0.05,0.04,0.1,0.06,0.14,0.09,0.19,0.13,0.23,0.17,0.26,0.21,0.29,0.25,0.32,0.29,0.35,0.33,0.4,0.43,0.44,0.54,0.48,0.63,0.52,0.7,0.56,0.76,0.6,0.81,0.64,0.84,0.68,0.87,0.72,0.9,0.77,0.92,0.8,0.95,0.84,0.97,0.55,0.64,0.9,0.92,1.35,1.19,3.64,2.09
81,0.33,0.39,0.4,0.48,0.46,0.54,0.51,0.6,0.55,0.64,0.59,0.69,0.62,0.74,0.65,0.78,0.69,0.82,0.72,0.86,0.75,0.9,0.8,0.96,0.85,1.03,0.89,1.09,0.93,1.14,0.98,1.19,1.02,1.24,1.05,1.3,1.09,1.34,1.12,1.38,1.16,1.43,1.19,1.46,1.23,1.5,0.46,0.44,0.87,0.6,1.43,0.78,4.36,1.39
82,-0.17,0.01,-0.08,0.04,0,0.06,0.05,0.09,0.09,0.12,0.13,0.14,0.17,0.18,0.21,0.21,0.24,0.25,0.27,0.28,0.3,0.31,0.35,0.38,0.39,0.49,0.44,0.57,0.48,0.63,0.52,0.69,0.56,0.73,0.6,0.76,0.64,0.79,0.68,0.82,0.72,0.84,0.76,0.86,0.8,0.88,0.42,0.48,0.85,0.65,1.41,0.8,4.39,1.31
83,-0.28,0,-0.19,0.01,-0.11,0.02,-0.06,0.02,-0.02,0.03,0.02,0.05,0.06,0.07,0.09,0.09,0.12,0.13,0.15,0.16,0.17,0.22,0.22,0.33,0.26,0.44,0.31,0.53,0.35,0.62,0.4,0.7,0.45,0.78,0.49,0.85,0.54,0.92,0.58,0.97,0.62,1.02,0.67,1.07,0.71,1.11,0.43,0.41,0.85,0.57,1.4,0.76,4.36,1.38
84,-0.32,0.02,-0.23,0.04,-0.16,0.06,-0.11,0.09,-0.07,0.11,-0.03,0.14,0.01,0.17,0.05,0.19,0.08,0.21,0.11,0.24,0.14,0.26,0.19,0.32,0.24,0.38,0.28,0.44,0.32,0.5,0.37,0.56,0.41,0.6,0.45,0.63,0.49,0.66,0.53,0.68,0.57,0.7,0.61,0.72,0.65,0.74,0.39,0.32,0.81,0.48,1.37,0.66,4.35,1.26
85,-0.38,0.01,-0.3,0.01,-0.23,0.01,-0.18,0.02,-0.14,0.03,-0.1,0.04,-0.06,0.05,-0.02,0.07,0.01,0.08,0.05,0.1,0.08,0.13,0.13,0.16,0.17,0.18,0.22,0.21,0.26,0.27,0.31,0.34,0.35,0.41,0.4,0.46,0.44,0.49,0.48,0.51,0.52,0.53,0.56,0.54,0.6,0.56,0.58,0.64,0.92,0.95,1.35,1.25,2.56,3.48
86,0.36,0.42,0.43,0.5,0.49,0.56,0.54,0.62,0.58,0.67,0.63,0.72,0.67,0.77,0.7,0.81,0.74,0.84,0.77,0.88,0.8,0.91,0.86,0.97,0.91,1.02,0.96,1.08,1,1.13,1.04,1.19,1.08,1.24,1.13,1.29,1.16,1.33,1.2,1.38,1.24,1.42,1.27,1.46,1.31,1.51,0.34,0.73,0.65,1.13,1.03,1.54,3.12,2.72
87,-0.24,0.1,-0.17,0.16,-0.1,0.21,-0.05,0.24,-0.01,0.27,0.03,0.32,0.07,0.37,0.09,0.39,0.13,0.42,0.15,0.44,0.18,0.46,0.23,0.5,0.27,0.55,0.32,0.66,0.36,0.74,0.4,0.79,0.43,0.83,0.46,0.87,0.5,0.9,0.53,0.93,0.56,0.97,0.58,1,0.61,1.03,0.41,0.31,0.83,0.46,1.39,0.64,4.39,1.21
88,-0.28,0.01,-0.2,0.03,-0.14,0.05,-0.08,0.07,-0.04,0.07,0,0.08,0.04,0.1,0.07,0.13,0.11,0.17,0.14,0.19,0.17,0.2,0.22,0.22,0.27,0.23,0.31,0.25,0.36,0.34,0.4,0.47,0.44,0.6,0.49,0.67,0.53,0.7,0.57,0.71,0.61,0.73,0.65,0.74,0.69,0.74,0.38,0.71,0.74,1.05,1.24,1.32,3.81,2.23
89,-0.41,0.06,-0.34,0.09,-0.28,0.13,-0.23,0.17,-0.19,0.2,-0.15,0.25,-0.11,0.29,-0.08,0.32,-0.04,0.34,-0.01,0.37,0.02,0.4,0.07,0.46,0.12,0.51,0.17,0.59,0.22,0.65,0.26,0.71,0.3,0.75,0.34,0.8,0.38,0.85,0.42,0.89,0.46,0.94,0.49,0.98,0.53,1.03,0.24,0.69,0.53,1.41,0.98,1.71,3.32,2.77
90,-0.52,0.03,-0.46,0.05,-0.4,0.07,-0.36,0.09,-0.32,0.1,-0.28,0.13,-0.24,0.15,-0.21,0.18,-0.18,0.23,-0.15,0.26,-0.12,0.29,-0.07,0.33,-0.02,0.36,0.02,0.4,0.05,0.44,0.09,0.49,0.13,0.54,0.17,0.6,0.2,0.65,0.23,0.71,0.26,0.77,0.29,0.82,0.32,0.87,0.41,0.23,0.84,0.4,1.4,0.58,4.4,1.12
91,-0.23,0.02,-0.15,0.03,-0.09,0.04,-0.03,0.05,0.01,0.06,0.05,0.1,0.09,0.13,0.12,0.15,0.16,0.16,0.19,0.16,0.22,0.17,0.27,0.18,0.32,0.18,0.36,0.2,0.41,0.3,0.45,0.47,0.5,0.59,0.54,0.66,0.58,0.67,0.62,0.68,0.66,0.69,0.7,0.69,0.74,0.7,0.45,0.61,0.84,0.89,1.35,1.14,4.04,1.95
92,-0.18,0.05,-0.12,0.1,-0.06,0.19,-0.01,0.24,0.04,0.31,0.08,0.37,0.12,0.41,0.15,0.44,0.19,0.49,0.22,0.53,0.26,0.56,0.31,0.63,0.37,0.71,0.42,0.81,0.47,0.86,0.52,0.9,0.56,0.93,0.61,0.96,0.65,0.99,0.69,1.02,0.73,1.05,0.76,1.07,0.8,1.1,0.49,0.57,0.88,0.83,1.41,1.05,4.13,1.78
93,-0.07,0.06,0,0.13,0.05,0.19,0.1,0.27,0.14,0.33,0.19,0.39,0.23,0.43,0.26,0.48,0.29,0.53,0.33,0.58,0.36,0.64,0.42,0.73,0.48,0.83,0.53,0.89,0.58,0.94,0.63,0.98,0.67,1.01,0.72,1.05,0.76,1.08,0.8,1.1,0.84,1.13,0.88,1.15,0.92,1.18,0.33,0.54,0.5,1.31,0.69,2.06,2.27,3.51
94,-0.14,0.09,-0.08,0.13,-0.02,0.16,0.03,0.2,0.07,0.22,0.11,0.25,0.15,0.28,0.18,0.31,0.22,0.35,0.25,0.39,0.28,0.43,0.34,0.48,0.39,0.52,0.43,0.58,0.47,0.63,0.52,0.68,0.56,0.73,0.6,0.78,0.64,0.83,0.67,0.89,0.71,0.96,0.74,1,0.78,1.04,0.48,0.59,0.86,0.9,1.36,1.15,4,1.98
95,-0.04,0.04,0.02,0.11,0.08,0.2,0.13,0.24,0.17,0.27,0.21,0.3,0.25,0.33,0.28,0.36,0.32,0.42,0.35,0.53,0.39,0.59,0.45,0.66,0.5,0.71,0.55,0.75,0.6,0.79,0.65,0.84,0.69,0.87,0.73,0.91,0.77,0.93,0.81,0.96,0.85,0.99,0.89,1.02,0.93,1.05,0.44,0.61,0.8,0.95,1.29,1.24,3.84,2.16
96,-0.05,0.02,0.01,0.1,0.07,0.15,0.12,0.21,0.16,0.26,0.2,0.3,0.24,0.33,0.27,0.37,0.31,0.45,0.34,0.53,0.37,0.58,0.43,0.65,0.49,0.7,0.54,0.76,0.59,0.8,0.64,0.85,0.68,0.89,0.72,0.93,0.76,0.97,0.8,1,0.84,1.03,0.88,1.06,0.92,1.1,0.39,0.3,0.81,0.48,1.36,0.67,4.31,1.25
97,-0.49,0,-0.42,0.01,-0.36,0.01,-0.31,0.01,-0.27,0.02,-0.22,0.04,-0.18,0.06,-0.15,0.06,-0.12,0.06,-0.09,0.07,-0.06,0.07,-0.01,0.07,0.04,0.07,0.08,0.1,0.12,0.18,0.17,0.37,0.22,0.47,0.26,0.52,0.3,0.53,0.33,0.53,0.38,0.54,0.41,0.54,0.45,0.54,0.46,0.65,0.82,0.99,1.29,1.28,3.75,2.18
98,-0.1,0.02,-0.03,0.09,0.03,0.14,0.08,0.18,0.12,0.2,0.16,0.23,0.2,0.26,0.23,0.28,0.27,0.31,0.3,0.34,0.33,0.39,0.39,0.52,0.45,0.68,0.5,0.77,0.55,0.83,0.6,0.89,0.64,0.95,0.68,1,0.72,1.05,0.76,1.08,0.8,1.12,0.84,1.15,0.88,1.19,0.48,0.63,0.85,0.95,1.34,1.22,3.9,2.08
99,-0.03,0.02,0.04,0.06,0.09,0.16,0.15,0.23,0.19,0.26,0.23,0.3,0.27,0.34,0.3,0.37,0.33,0.43,0.37,0.5,0.4,0.56,0.46,0.66,0.51,0.78,0.57,0.86,0.61,0.92,0.66,0.98,0.71,1.04,0.75,1.09,0.79,1.13,0.83,1.17,0.87,1.21,0.91,1.24,0.95,1.28,0.6,0.47,1.02,0.62,1.58,0.77,4.56,1.3
100,0.32,0.39,0.4,0.41,0.47,0.44,0.52,0.47,0.56,0.51,0.6,0.54,0.65,0.58,0.68,0.6,0.71,0.64,0.75,0.67,0.78,0.7,0.83,0.76,0.87,0.81,0.92,0.86,0.96,0.91,1.01,0.95,1.05,0.99,1.09,1.04,1.13,1.07,1.17,1.11,1.21,1.14,1.25,1.17,1.29,1.21,0.55,0.73,0.87,1.07,1.27,1.41,2.49,3.42
101,0.36,0.46,0.43,0.55,0.49,0.62,0.54,0.68,0.58,0.73,0.62,0.79,0.65,0.84,0.68,0.89,0.72,0.93,0.75,0.98,0.78,1.02,0.83,1.08,0.88,1.14,0.93,1.18,0.97,1.24,1.02,1.3,1.05,1.36,1.09,1.42,1.13,1.47,1.16,1.52,1.2,1.57,1.23,1.62,1.26,1.66,0.57,0.58,0.93,0.85,1.39,1.11,3.73,1.92
102,0.4,0.34,0.47,0.41,0.52,0.47,0.57,0.52,0.61,0.56,0.65,0.61,0.69,0.65,0.72,0.69,0.75,0.73,0.79,0.77,0.82,0.8,0.87,0.87,0.92,0.93,0.97,0.98,1.01,1.02,1.05,1.07,1.09,1.12,1.13,1.17,1.17,1.21,1.21,1.25,1.24,1.29,1.28,1.33,1.31,1.37,0.36,0.41,0.76,0.64,1.29,0.86,4.13,1.54
103,-0.49,0.01,-0.41,0.02,-0.35,0.02,-0.3,0.02,-0.26,0.02,-0.22,0.03,-0.18,0.03,-0.15,0.04,-0.12,0.04,-0.09,0.04,-0.06,0.05,-0.01,0.07,0.03,0.13,0.08,0.24,0.12,0.37,0.16,0.46,0.2,0.49,0.24,0.52,0.28,0.53,0.32,0.54,0.36,0.55,0.4,0.56,0.44,0.56,0.27,0.68,0.62,1.07,1.09,1.38,3.66,2.28
104,-0.34,0,-0.27,0.02,-0.21,0.03,-0.16,0.04,-0.12,0.05,-0.08,0.07,-0.04,0.08,-0.01,0.09,0.03,0.1,0.06,0.12,0.1,0.15,0.16,0.27,0.21,0.41,0.26,0.48,0.31,0.53,0.35,0.6,0.4,0.66,0.44,0.71,0.48,0.75,0.52,0.78,0.56,0.81,0.6,0.84,0.64,0.88,0.55,0.51,0.97,0.67,1.53,0.83,4.48,1.41
105,0.08,0.15,0.17,0.21,0.24,0.27,0.29,0.34,0.33,0.39,0.37,0.44,0.42,0.52,0.45,0.58,0.48,0.64,0.52,0.68,0.55,0.72,0.6,0.78,0.65,0.84,0.69,0.91,0.74,0.97,0.78,1.02,0.82,1.07,0.86,1.12,0.9,1.16,0.94,1.19,0.99,1.23,1.02,1.26,1.06,1.29,0.55,0.57,0.97,0.73,1.51,0.89,4.45,1.46
106,0.2,0.28,0.27,0.37,0.34,0.43,0.39,0.49,0.43,0.53,0.47,0.58,0.51,0.63,0.54,0.66,0.57,0.7,0.61,0.74,0.63,0.77,0.68,0.83,0.73,0.9,0.78,0.97,0.82,1.05,0.86,1.12,0.9,1.17,0.95,1.22,0.99,1.26,1.02,1.3,1.06,1.34,1.1,1.37,1.14,1.41,0.39,0.6,0.74,0.95,1.17,1.27,3.42,2.28
107,-0.23,0.05,-0.15,0.09,-0.09,0.13,-0.04,0.16,0,0.19,0.05,0.22,0.08,0.23,0.11,0.24,0.14,0.25,0.17,0.27,0.2,0.28,0.25,0.32,0.3,0.4,0.35,0.53,0.39,0.59,0.43,0.63,0.46,0.67,0.5,0.7,0.53,0.73,0.57,0.75,0.6,0.78,0.63,0.8,0.66,0.83,0.61,0.52,1.02,0.71,1.58,0.88,4.53,1.45
108,0.31,0.41,0.4,0.51,0.47,0.58,0.52,0.65,0.56,0.7,0.6,0.75,0.64,0.79,0.67,0.82,0.71,0.85,0.74,0.87,0.77,0.89,0.83,0.93,0.87,0.96,0.92,1,0.97,1.04,1.01,1.07,1.05,1.1,1.1,1.14,1.14,1.17,1.18,1.2,1.22,1.23,1.26,1.26,1.3,1.28,0.32,0.47,0.66,0.85,0.91,1.46,1.87,3.83
109,-0.39,0.03,-0.32,0.05,-0.27,0.09,-0.22,0.12,-0.18,0.13,-0.14,0.14,-0.1,0.15,-0.06,0.17,-0.03,0.2,0.01,0.24,0.04,0.27,0.1,0.31,0.14,0.34,0.19,0.38,0.23,0.42,0.28,0.47,0.32,0.51,0.36,0.55,0.4,0.61,0.44,0.66,0.48,0.71,0.51,0.75,0.55,0.79,0.34,0.61,0.69,0.93,1.14,1.21,3.45,2.11
110,-0.32,0.02,-0.25,0.03,-0.19,0.06,-0.14,0.12,-0.1,0.17,-0.06,0.19,-0.02,0.2,0,0.21,0.04,0.22,0.07,0.23,0.09,0.25,0.14,0.28,0.19,0.35,0.24,0.51,0.28,0.59,0.32,0.64,0.36,0.67,0.39,0.7,0.43,0.73,0.46,0.76,0.49,0.78,0.52,0.8,0.56,0.82,0.27,0.56,0.66,0.88,1.17,1.15,3.91,1.96
111,-0.4,0,-0.33,0.01,-0.27,0.02,-0.22,0.04,-0.18,0.07,-0.13,0.09,-0.09,0.11,-0.06,0.12,-0.02,0.13,0.02,0.14,0.05,0.15,0.11,0.18,0.16,0.26,0.22,0.32,0.27,0.4,0.32,0.51,0.37,0.6,0.42,0.66,0.46,0.69,0.5,0.71,0.55,0.73,0.59,0.76,0.63,0.79,0.35,0.44,0.7,0.8,1.14,1.1,1.86,3.89
112,-0.29,0.07,-0.22,0.11,-0.17,0.15,-0.11,0.17,-0.08,0.19,-0.03,0.2,0.01,0.21,0.04,0.23,0.07,0.25,0.11,0.27,0.14,0.3,0.2,0.35,0.25,0.39,0.3,0.42,0.34,0.45,0.39,0.49,0.43,0.53,0.47,0.57,0.51,0.61,0.55,0.65,0.59,0.69,0.62,0.73,0.66,0.76,0.35,0.52,0.7,0.85,1.15,1.13,3.47,1.99
113,-0.23,0.01,-0.16,0.02,-0.11,0.07,-0.05,0.13,-0.02,0.16,0.02,0.17,0.06,0.18,0.09,0.19,0.12,0.2,0.15,0.21,0.18,0.22,0.23,0.25,0.28,0.33,0.33,0.47,0.37,0.55,0.41,0.6,0.45,0.63,0.49,0.66,0.52,0.68,0.56,0.71,0.59,0.73,0.62,0.74,0.66,0.76,0.5,0.44,0.86,0.76,1.31,1.04,1.86,3.98
114,-0.14,0.19,-0.07,0.22,-0.01,0.25,0.05,0.27,0.09,0.29,0.13,0.31,0.17,0.33,0.2,0.36,0.24,0.38,0.28,0.4,0.31,0.42,0.37,0.45,0.42,0.47,0.47,0.49,0.51,0.51,0.56,0.55,0.6,0.58,0.64,0.6,0.68,0.63,0.72,0.66,0.76,0.69,0.8,0.71,0.83,0.74,0.4,0.49,0.75,0.85,1.19,1.15,3.45,2.05
115,-0.31,0.02,-0.24,0.04,-0.18,0.1,-0.13,0.12,-0.1,0.13,-0.06,0.14,-0.02,0.15,0.01,0.15,0.04,0.16,0.07,0.17,0.1,0.18,0.16,0.2,0.2,0.25,0.25,0.33,0.29,0.39,0.34,0.42,0.38,0.44,0.42,0.46,0.45,0.48,0.49,0.49,0.52,0.51,0.56,0.52,0.59,0.54,0.33,0.54,0.67,0.9,1.1,1.22,2.36,3.5
116,-0.33,0.04,-0.26,0.06,-0.2,0.09,-0.15,0.14,-0.1,0.21,-0.06,0.26,-0.02,0.28,0.01,0.29,0.05,0.3,0.08,0.31,0.11,0.32,0.17,0.34,0.22,0.37,0.27,0.42,0.31,0.49,0.36,0.57,0.4,0.62,0.44,0.65,0.48,0.67,0.51,0.69,0.55,0.72,0.58,0.74,0.62,0.77,0.22,0.51,0.54,0.99,0.93,1.33,2.07,3.24
117,-0.36,0.05,-0.29,0.1,-0.23,0.13,-0.18,0.15,-0.14,0.17,-0.1,0.19,-0.06,0.2,-0.03,0.21,0,0.23,0.04,0.25,0.07,0.27,0.12,0.32,0.17,0.37,0.22,0.41,0.26,0.47,0.3,0.52,0.34,0.57,0.38,0.61,0.42,0.65,0.45,0.69,0.49,0.74,0.52,0.79,0.55,0.84,0.46,0.5,0.81,0.85,1.26,1.15,3.54,2.04
118,-0.21,0.06,-0.14,0.09,-0.08,0.12,-0.03,0.14,0.01,0.15,0.05,0.16,0.09,0.17,0.12,0.18,0.15,0.19,0.18,0.2,0.21,0.21,0.27,0.25,0.31,0.3,0.36,0.35,0.41,0.38,0.45,0.41,0.49,0.43,0.53,0.46,0.56,0.48,0.6,0.5,0.64,0.52,0.67,0.54,0.7,0.57,0.51,0.41,0.88,0.69,1.35,0.95,1.93,3.86
119,-0.05,0.22,0.02,0.26,0.08,0.3,0.13,0.33,0.17,0.35,0.22,0.37,0.26,0.39,0.29,0.41,0.33,0.43,0.37,0.45,0.4,0.47,0.46,0.51,0.51,0.53,0.56,0.54,0.61,0.56,0.65,0.59,0.69,0.62,0.74,0.65,0.78,0.67,0.82,0.69,0.86,0.71,0.89,0.73,0.93,0.75,0.43,0.49,0.79,0.81,1.24,1.09,3.6,1.89
120,-0.3,0.01,-0.23,0.04,-0.17,0.05,-0.12,0.06,-0.08,0.07,-0.04,0.08,-0.01,0.08,0.02,0.09,0.05,0.11,0.09,0.12,0.12,0.14,0.17,0.19,0.22,0.23,0.27,0.26,0.31,0.28,0.36,0.31,0.39,0.34,0.44,0.38,0.47,0.43,0.51,0.48,0.55,0.52,0.58,0.56,0.61,0.59,0.31,0.44,0.68,0.75,1.15,1,3.53,1.7
121,-0.24,0.01,-0.17,0.02,-0.11,0.03,-0.06,0.04,-0.02,0.05,0.02,0.06,0.06,0.07,0.09,0.08,0.12,0.1,0.15,0.12,0.18,0.15,0.24,0.2,0.29,0.25,0.34,0.29,0.38,0.33,0.42,0.37,0.46,0.41,0.51,0.47,0.54,0.52,0.58,0.58,0.62,0.64,0.65,0.69,0.68,0.74,0.34,0.44,0.7,0.77,1.16,1.05,2.51,3.38
122,-0.24,0.07,-0.17,0.09,-0.1,0.12,-0.05,0.17,-0.01,0.23,0.03,0.28,0.08,0.3,0.11,0.31,0.15,0.32,0.18,0.33,0.21,0.34,0.27,0.38,0.32,0.4,0.37,0.42,0.41,0.46,0.46,0.52,0.5,0.58,0.55,0.62,0.59,0.64,0.63,0.66,0.66,0.68,0.7,0.7,0.74,0.72,0.54,0.49,0.96,0.69,1.52,0.85,4.5,1.37
123,0.14,0.23,0.22,0.39,0.28,0.48,0.34,0.54,0.37,0.58,0.42,0.62,0.46,0.65,0.49,0.67,0.52,0.7,0.56,0.73,0.59,0.76,0.64,0.82,0.68,0.87,0.73,0.92,0.77,0.94,0.82,0.97,0.86,0.99,0.9,1.01,0.94,1.04,0.98,1.06,1.02,1.09,1.06,1.11,1.1,1.14,0.62,0.52,1.04,0.68,1.61,0.82,4.59,1.33
124,0.34,0.46,0.41,0.59,0.47,0.7,0.51,0.78,0.55,0.85,0.59,0.91,0.62,0.97,0.65,1.02,0.68,1.06,0.71,1.09,0.74,1.12,0.79,1.17,0.85,1.2,0.91,1.22,0.97,1.23,1.02,1.25,1.07,1.27,1.12,1.29,1.16,1.3,1.21,1.31,1.25,1.33,1.29,1.34,1.34,1.36,0.43,0.65,0.78,0.99,1.25,1.28,3.81,2.16
125,-0.1,0.11,-0.02,0.15,0.04,0.17,0.09,0.2,0.13,0.22,0.17,0.24,0.21,0.26,0.24,0.28,0.27,0.32,0.3,0.37,0.34,0.43,0.39,0.59,0.43,0.68,0.47,0.75,0.51,0.8,0.54,0.85,0.58,0.89,0.62,0.92,0.66,0.95,0.69,0.97,0.73,1,0.76,1.02,0.8,1.04,0.56,0.75,0.94,1,1.45,1.22,4.22,1.97
126,0.3,0.36,0.37,0.46,0.43,0.56,0.48,0.65,0.52,0.71,0.56,0.78,0.6,0.84,0.63,0.89,0.66,0.95,0.69,1.01,0.72,1.06,0.77,1.14,0.81,1.21,0.86,1.27,0.9,1.33,0.93,1.4,0.97,1.46,1.01,1.52,1.05,1.57,1.09,1.61,1.13,1.65,1.16,1.69,1.2,1.74,0.43,0.49,0.84,0.74,1.39,0.96,4.3,1.65
127,-0.14,0.15,-0.06,0.25,0,0.36,0.05,0.42,0.09,0.45,0.14,0.48,0.18,0.5,0.22,0.52,0.26,0.54,0.29,0.54,0.33,0.55,0.39,0.58,0.45,0.64,0.5,0.71,0.55,0.75,0.61,0.79,0.65,0.82,0.7,0.85,0.75,0.87,0.79,0.89,0.84,0.92,0.88,0.96,0.92,1.02,0.37,0.75,0.68,1.18,1.12,1.54,3.71,2.51
128,-0.3,0.03,-0.22,0.05,-0.16,0.06,-0.11,0.1,-0.07,0.16,-0.02,0.19,0.02,0.21,0.05,0.24,0.08,0.28,0.11,0.35,0.14,0.42,0.19,0.52,0.23,0.58,0.27,0.63,0.3,0.67,0.34,0.7,0.38,0.74,0.41,0.78,0.45,0.81,0.48,0.84,0.52,0.86,0.55,0.89,0.58,0.92,0.29,0.47,0.65,0.9,1.12,1.25,3.74,2.2
129,-0.55,0,-0.47,0,-0.41,0,-0.35,0,-0.31,0,-0.27,0.01,-0.23,0.04,-0.2,0.06,-0.16,0.07,-0.13,0.08,-0.1,0.08,-0.05,0.09,-0.01,0.1,0.04,0.12,0.08,0.16,0.12,0.26,0.16,0.38,0.2,0.46,0.24,0.51,0.28,0.54,0.32,0.57,0.35,0.6,0.39,0.62,0.38,0.6,0.74,0.95,1.22,1.26,3.91,2.16
130,-0.43,0.01,-0.35,0.01,-0.29,0.02,-0.23,0.04,-0.19,0.05,-0.15,0.06,-0.11,0.07,-0.07,0.1,-0.04,0.15,-0.01,0.19,0.02,0.21,0.07,0.23,0.12,0.25,0.16,0.27,0.2,0.28,0.24,0.31,0.27,0.39,0.32,0.54,0.36,0.63,0.4,0.67,0.44,0.71,0.48,0.75,0.52,0.79,0.59,0.84,0.92,1.2,1.38,1.5,3.97,2.43
131,0.44,0.33,0.51,0.44,0.58,0.55,0.63,0.64,0.67,0.71,0.71,0.78,0.75,0.85,0.78,0.9,0.81,0.96,0.85,1.01,0.87,1.06,0.92,1.14,0.97,1.22,1.01,1.31,1.04,1.4,1.08,1.48,1.12,1.55,1.16,1.62,1.2,1.67,1.23,1.73,1.27,1.78,1.3,1.83,1.34,1.89,0.57,0.42,0.99,0.63,1.56,0.82,4.55,1.42
132,0.13,0.44,0.21,0.55,0.27,0.62,0.32,0.68,0.36,0.71,0.41,0.73,0.45,0.74,0.48,0.74,0.52,0.74,0.55,0.72,0.58,0.7,0.63,0.71,0.69,0.75,0.75,0.8,0.8,0.83,0.85,0.86,0.9,0.88,0.95,0.91,1,0.93,1.04,0.95,1.09,0.97,1.14,1.01,1.18,1.04,0.59,0.57,1,0.77,1.55,0.95,4.47,1.54
133,0.3,0.34,0.37,0.4,0.43,0.45,0.48,0.5,0.52,0.55,0.57,0.58,0.6,0.61,0.64,0.64,0.67,0.68,0.7,0.72,0.73,0.77,0.78,0.84,0.83,0.91,0.87,0.96,0.92,0.98,0.96,1.01,1,1.04,1.04,1.07,1.08,1.11,1.12,1.14,1.16,1.18,1.19,1.21,1.23,1.24,0.58,0.79,0.93,1.13,1.41,1.42,4.06,2.32
134,0.33,0.24,0.41,0.32,0.47,0.39,0.52,0.46,0.56,0.52,0.61,0.58,0.65,0.65,0.68,0.7,0.72,0.75,0.75,0.81,0.78,0.86,0.83,0.97,0.87,1.06,0.92,1.14,0.96,1.22,1,1.3,1.04,1.37,1.08,1.43,1.12,1.49,1.15,1.55,1.19,1.6,1.23,1.65,1.27,1.7,0.58,0.76,0.93,1.11,1.4,1.42,4.03,2.35
135,0.42,0.24,0.5,0.33,0.57,0.4,0.62,0.47,0.66,0.53,0.7,0.59,0.75,0.65,0.78,0.71,0.81,0.76,0.85,0.81,0.88,0.86,0.93,0.95,0.97,1.04,1.01,1.13,1.05,1.2,1.09,1.28,1.13,1.35,1.17,1.41,1.21,1.47,1.25,1.52,1.29,1.58,1.32,1.63,1.36,1.68,0.37,0.64,0.72,1,1.2,1.32,3.88,2.21
136,-0.42,0,-0.34,0.02,-0.28,0.03,-0.22,0.04,-0.18,0.07,-0.14,0.1,-0.1,0.14,-0.07,0.17,-0.03,0.19,0,0.21,0.03,0.23,0.08,0.26,0.12,0.3,0.17,0.35,0.21,0.43,0.25,0.55,0.29,0.62,0.33,0.67,0.37,0.71,0.41,0.74,0.45,0.78,0.48,0.82,0.52,0.86,0.59,0.39,1.02,0.58,1.59,0.75,4.59,1.29
137,0.21,0.34,0.28,0.42,0.34,0.51,0.39,0.58,0.43,0.63,0.47,0.66,0.51,0.67,0.54,0.67,0.57,0.67,0.6,0.66,0.63,0.65,0.68,0.67,0.74,0.72,0.8,0.78,0.85,0.82,0.9,0.85,0.95,0.88,1,0.91,1.05,0.93,1.1,0.95,1.14,0.97,1.19,0.99,1.23,1.02,0.57,0.38,1,0.57,1.57,0.73,4.59,1.21
138,0.17,0.23,0.24,0.3,0.29,0.37,0.34,0.41,0.38,0.44,0.42,0.47,0.45,0.49,0.48,0.51,0.51,0.54,0.54,0.63,0.57,0.75,0.63,0.87,0.68,0.92,0.75,0.93,0.8,0.93,0.85,0.93,0.9,0.93,0.95,0.93,1,0.93,1.04,0.94,1.09,0.94,1.13,0.95,1.17,0.96,0.36,0.67,0.71,1.04,1.17,1.38,3.8,2.3
139,-0.41,0.02,-0.33,0.07,-0.27,0.09,-0.21,0.11,-0.17,0.15,-0.12,0.17,-0.08,0.19,-0.05,0.22,-0.02,0.25,0.02,0.28,0.05,0.31,0.1,0.35,0.14,0.39,0.18,0.43,0.22,0.48,0.27,0.58,0.31,0.63,0.35,0.67,0.38,0.71,0.42,0.76,0.46,0.85,0.5,0.9,0.53,0.95,0.37,0.67,0.73,1.04,1.22,1.36,4.06,2.22
140,-0.39,0.03,-0.31,0.06,-0.24,0.09,-0.19,0.12,-0.15,0.14,-0.1,0.16,-0.06,0.18,-0.03,0.19,0.01,0.22,0.04,0.27,0.07,0.3,0.12,0.34,0.17,0.38,0.21,0.42,0.25,0.48,0.29,0.56,0.33,0.6,0.38,0.65,0.41,0.69,0.45,0.75,0.48,0.81,0.52,0.86,0.56,0.91,0.37,0.63,0.74,0.97,1.25,1.26,4.08,2.09
141,-0.38,0.01,-0.3,0.05,-0.24,0.08,-0.18,0.1,-0.14,0.12,-0.1,0.13,-0.05,0.15,-0.02,0.16,0.01,0.2,0.05,0.25,0.08,0.27,0.13,0.31,0.17,0.35,0.22,0.41,0.26,0.48,0.3,0.53,0.34,0.58,0.38,0.63,0.42,0.66,0.45,0.68,0.49,0.75,0.52,0.8,0.56,0.85,0.38,0.66,0.74,1,1.24,1.29,4.06,2.12
142,-0.45,0.01,-0.37,0.03,-0.31,0.07,-0.25,0.08,-0.21,0.09,-0.16,0.1,-0.12,0.11,-0.09,0.12,-0.05,0.16,-0.02,0.2,0.01,0.22,0.06,0.26,0.1,0.29,0.15,0.35,0.19,0.42,0.23,0.46,0.27,0.49,0.31,0.55,0.34,0.58,0.38,0.6,0.42,0.66,0.45,0.72,0.49,0.77,0.48,0.38,0.91,0.61,1.47,0.78,4.45,1.29
143,0.08,0.23,0.15,0.28,0.2,0.33,0.25,0.34,0.29,0.36,0.32,0.38,0.35,0.41,0.38,0.46,0.42,0.57,0.45,0.75,0.48,0.89,0.54,0.99,0.6,0.99,0.67,0.96,0.72,0.93,0.77,0.92,0.82,0.9,0.86,0.9,0.91,0.89,0.95,0.89,0.99,0.89,1.03,0.89,1.08,0.9,0.37,0.65,0.73,1,1.23,1.3,4.04,2.14
144,-0.38,0.02,-0.3,0.04,-0.24,0.09,-0.18,0.11,-0.14,0.12,-0.09,0.14,-0.05,0.15,-0.02,0.17,0.01,0.2,0.05,0.25,0.08,0.28,0.13,0.32,0.17,0.36,0.22,0.42,0.26,0.5,0.3,0.54,0.34,0.58,0.38,0.64,0.41,0.67,0.45,0.71,0.49,0.78,0.52,0.84,0.56,0.89,0.6,0.86,0.96,1.17,1.43,1.45,4.13,2.33
145,0.37,0.28,0.45,0.39,0.52,0.48,0.57,0.57,0.61,0.64,0.66,0.72,0.7,0.79,0.73,0.84,0.77,0.9,0.8,0.96,0.83,1.02,0.88,1.12,0.93,1.22,0.97,1.31,1.01,1.4,1.05,1.46,1.09,1.52,1.14,1.59,1.17,1.65,1.21,1.71,1.25,1.76,1.29,1.81,1.32,1.86,0.38,0.66,0.74,1.02,1.24,1.32,4.04,2.15
146,-0.35,0.03,-0.27,0.05,-0.2,0.1,-0.14,0.13,-0.1,0.14,-0.06,0.16,-0.02,0.18,0.02,0.19,0.05,0.22,0.08,0.27,0.12,0.31,0.16,0.35,0.21,0.4,0.25,0.45,0.29,0.53,0.34,0.58,0.37,0.62,0.41,0.69,0.45,0.72,0.49,0.79,0.53,0.86,0.56,0.92,0.6,0.98,0.35,0.62,0.71,1,1.2,1.3,4,2.14
147,-0.38,0.04,-0.31,0.06,-0.24,0.11,-0.18,0.13,-0.14,0.15,-0.1,0.17,-0.05,0.19,-0.02,0.21,0.01,0.23,0.05,0.26,0.08,0.29,0.13,0.34,0.17,0.38,0.22,0.43,0.26,0.49,0.3,0.54,0.33,0.59,0.37,0.64,0.41,0.69,0.45,0.76,0.49,0.83,0.53,0.88,0.56,0.93,0.47,0.41,0.89,0.68,1.44,0.88,4.38,1.47
148,-0.2,0.09,-0.12,0.15,-0.05,0.18,0,0.21,0.03,0.23,0.07,0.27,0.11,0.3,0.15,0.34,0.18,0.39,0.21,0.44,0.25,0.48,0.3,0.54,0.35,0.55,0.4,0.55,0.45,0.56,0.5,0.57,0.54,0.58,0.58,0.58,0.63,0.59,0.67,0.6,0.71,0.61,0.75,0.62,0.79,0.64,0.38,0.66,0.73,1.03,1.23,1.32,4.03,2.15
149,-0.33,0.06,-0.25,0.08,-0.18,0.13,-0.13,0.16,-0.09,0.18,-0.04,0.2,0,0.23,0.03,0.25,0.07,0.28,0.1,0.31,0.13,0.34,0.18,0.4,0.23,0.45,0.27,0.51,0.31,0.57,0.35,0.63,0.39,0.69,0.43,0.75,0.47,0.83,0.51,0.89,0.55,0.96,0.58,1.01,0.62,1.08,0.48,0.4,0.89,0.68,1.44,0.89,4.39,1.49
150,-0.17,0.02,-0.09,0.1,-0.02,0.14,0.04,0.16,0.08,0.18,0.12,0.2,0.16,0.22,0.2,0.23,0.23,0.26,0.26,0.29,0.29,0.34,0.34,0.38,0.39,0.41,0.44,0.44,0.48,0.47,0.52,0.49,0.56,0.52,0.61,0.54,0.65,0.56,0.69,0.58,0.73,0.59,0.77,0.6,0.81,0.62,0.48,0.4,0.9,0.65,1.46,0.82,4.45,1.37
151,-0.2,0.02,-0.11,0.07,-0.05,0.13,0,0.17,0.04,0.19,0.09,0.21,0.13,0.23,0.16,0.25,0.19,0.27,0.23,0.29,0.26,0.3,0.3,0.34,0.35,0.38,0.4,0.47,0.44,0.53,0.49,0.56,0.53,0.58,0.58,0.6,0.62,0.6,0.66,0.61,0.7,0.61,0.74,0.61,0.78,0.62,0.62,0.91,0.98,1.22,1.47,1.47,4.26,2.23
152,0.44,0.29,0.52,0.4,0.59,0.5,0.65,0.59,0.69,0.67,0.73,0.75,0.77,0.82,0.81,0.88,0.84,0.95,0.88,1.01,0.91,1.06,0.95,1.17,1,1.28,1.04,1.38,1.08,1.47,1.13,1.56,1.17,1.63,1.21,1.71,1.24,1.77,1.28,1.84,1.32,1.9,1.35,1.95,1.39,2.01,0.48,0.32,0.9,0.6,1.46,0.79,4.45,1.34
153,-0.24,0,-0.16,0.02,-0.1,0.05,-0.05,0.06,-0.01,0.07,0.04,0.07,0.08,0.07,0.11,0.08,0.14,0.08,0.17,0.08,0.2,0.09,0.25,0.11,0.3,0.15,0.35,0.23,0.39,0.24,0.44,0.24,0.48,0.22,0.52,0.22,0.56,0.21,0.6,0.21,0.64,0.21,0.67,0.22,0.71,0.22,0.2,0.6,0.54,1.08,1,1.41,3.59,2.34
154,-0.4,0,-0.33,0,-0.27,0.02,-0.22,0.03,-0.18,0.06,-0.14,0.11,-0.1,0.16,-0.07,0.22,-0.04,0.27,-0.01,0.32,0.02,0.36,0.07,0.42,0.11,0.47,0.15,0.52,0.19,0.56,0.23,0.59,0.27,0.63,0.3,0.67,0.34,0.73,0.38,0.79,0.42,0.86,0.46,0.91,0.49,0.96,0.39,0.41,0.79,0.75,1.33,0.98,4.2,1.64
155,-0.31,0,-0.23,0,-0.17,0.01,-0.12,0.03,-0.08,0.03,-0.04,0.04,0,0.04,0.03,0.04,0.06,0.06,0.09,0.09,0.12,0.15,0.17,0.23,0.22,0.29,0.26,0.31,0.3,0.31,0.35,0.31,0.39,0.31,0.43,0.3,0.47,0.3,0.5,0.31,0.54,0.33,0.58,0.34,0.62,0.36,0.62,0.93,0.98,1.24,1.48,1.48,4.28,2.23
156,0.41,0.31,0.49,0.42,0.56,0.51,0.61,0.6,0.66,0.68,0.7,0.77,0.74,0.84,0.78,0.9,0.81,0.97,0.84,1.03,0.87,1.09,0.92,1.2,0.97,1.31,1.01,1.41,1.06,1.5,1.1,1.6,1.13,1.68,1.17,1.76,1.21,1.82,1.25,1.88,1.29,1.94,1.32,2,1.36,2.05,0.39,0.28,0.81,0.64,1.36,0.86,4.29,1.46
157,-0.32,0,-0.25,0,-0.18,0.01,-0.13,0.01,-0.1,0.02,-0.05,0.02,-0.01,0.02,0.02,0.02,0.05,0.02,0.08,0.02,0.11,0.03,0.16,0.07,0.21,0.13,0.26,0.17,0.3,0.16,0.34,0.14,0.38,0.13,0.42,0.11,0.46,0.1,0.5,0.1,0.54,0.11,0.57,0.11,0.61,0.11,0.38,0.71,0.71,1.15,1.16,1.5,3.74,2.47
158,-0.22,0.02,-0.14,0.05,-0.08,0.12,-0.03,0.16,0.01,0.21,0.05,0.29,0.09,0.34,0.13,0.4,0.16,0.46,0.19,0.5,0.22,0.54,0.27,0.65,0.31,0.72,0.36,0.79,0.39,0.85,0.43,0.91,0.47,0.96,0.51,1.02,0.55,1.09,0.59,1.17,0.63,1.22,0.66,1.27,0.7,1.31,0.31,0.56,0.65,1.05,1.11,1.41,3.71,2.42
159,-0.5,0,-0.43,0,-0.36,0.01,-0.31,0.02,-0.26,0.02,-0.22,0.04,-0.18,0.07,-0.15,0.09,-0.11,0.1,-0.08,0.11,-0.05,0.14,0,0.21,0.05,0.25,0.09,0.29,0.13,0.32,0.17,0.34,0.21,0.37,0.25,0.4,0.29,0.44,0.32,0.48,0.36,0.53,0.39,0.55,0.43,0.57,0.31,0.49,0.66,0.96,1.15,1.29,3.84,2.23
160,-0.56,0,-0.48,0,-0.41,0,-0.36,0,-0.32,0,-0.27,0,-0.23,0,-0.2,0,-0.17,0.01,-0.13,0.01,-0.11,0.05,-0.05,0.13,-0.01,0.15,0.03,0.18,0.07,0.21,0.12,0.24,0.15,0.28,0.2,0.3,0.23,0.33,0.27,0.36,0.31,0.41,0.35,0.5,0.39,0.61,0.34,0.51,0.7,0.99,1.19,1.29,3.99,2.15
161,-0.46,0,-0.38,0,-0.31,0.01,-0.26,0.02,-0.22,0.06,-0.17,0.09,-0.13,0.1,-0.1,0.12,-0.06,0.13,-0.03,0.14,0,0.16,0.05,0.17,0.09,0.2,0.14,0.23,0.17,0.28,0.22,0.42,0.26,0.54,0.3,0.59,0.33,0.64,0.37,0.68,0.41,0.72,0.44,0.76,0.48,0.8,0.36,0.48,0.72,0.95,1.2,1.28,3.92,2.17
162,-0.38,0,-0.3,0.01,-0.23,0.01,-0.18,0.02,-0.14,0.03,-0.09,0.08,-0.05,0.09,-0.02,0.1,0.02,0.11,0.05,0.13,0.08,0.16,0.13,0.19,0.17,0.21,0.22,0.24,0.26,0.29,0.3,0.39,0.34,0.55,0.39,0.6,0.42,0.64,0.46,0.67,0.5,0.72,0.54,0.78,0.58,0.84,0.31,0.49,0.66,0.94,1.16,1.25,3.95,2.12
