Daily temperature input, Clear Creek at GSC (RM 5.94),Winter: GSC =0.41+(0.96*Renshaw),Missing values from 10/7/2010 to 1/5/2011 copied from GorgeCascade
Data from USFWS Red Bluff, filled by SFRailsback Sept 2012,Summer: GSC =0.30+(0.95*Renshaw)OR: LCCRST - 1.5
Date,Daily mean water temperature, C
10/1/1999,12.8
10/2/1999,13.0
10/3/1999,12.9
10/4/1999,12.9
10/5/1999,12.5
10/6/1999,12.8
10/7/1999,12.6
10/8/1999,12.9
10/9/1999,12.8
10/10/1999,12.8
10/11/1999,12.8
10/12/1999,12.7
10/13/1999,12.5
10/14/1999,12.6
10/15/1999,12.2
10/16/1999,11.8
10/17/1999,11.8
10/18/1999,11.7
10/19/1999,11.7
10/20/1999,11.8
10/21/1999,11.8
10/22/1999,11.8
10/23/1999,11.8
10/24/1999,11.7
10/25/1999,11.7
10/26/1999,11.6
10/27/1999,11.7
10/28/1999,12.0
10/29/1999,11.4
10/30/1999,11.7
10/31/1999,11.8
11/1/1999,12.0
11/2/1999,11.8
11/3/1999,11.8
11/4/1999,12.0
11/5/1999,12.2
11/6/1999,12.1
11/7/1999,12.0
11/8/1999,12.3
11/9/1999,12.0
11/10/1999,11.9
11/11/1999,12.3
11/12/1999,12.3
11/13/1999,11.9
11/14/1999,11.8
11/15/1999,12.3
11/16/1999,12.0
11/17/1999,11.4
11/18/1999,11.2
11/19/1999,11.1
11/20/1999,11.6
11/21/1999,11.0
11/22/1999,10.5
11/23/1999,10.5
11/24/1999,10.6
11/25/1999,10.4
11/26/1999,10.4
11/27/1999,10.8
11/28/1999,10.7
11/29/1999,10.4
11/30/1999,10.5
12/1/1999,9.7
12/2/1999,9.9
12/3/1999,9.1
12/4/1999,9.1
12/5/1999,9.0
12/6/1999,9.1
12/7/1999,8.8
12/8/1999,8.3
12/9/1999,8.7
12/10/1999,8.3
12/11/1999,8.6
12/12/1999,8.8
12/13/1999,8.3
12/14/1999,7.8
12/15/1999,7.9
12/16/1999,7.9
12/17/1999,8.3
12/18/1999,8.2
12/19/1999,8.3
12/20/1999,8.4
12/21/1999,8.3
12/22/1999,8.0
12/23/1999,7.8
12/24/1999,7.7
12/25/1999,7.9
12/26/1999,7.8
12/27/1999,7.7
12/28/1999,7.7
12/29/1999,7.6
12/30/1999,7.4
12/31/1999,7.3
1/1/2000,7.6
1/2/2000,7.2
1/3/2000,7.3
1/4/2000,7.7
1/5/2000,7.4
1/6/2000,7.2
1/7/2000,7.5
1/8/2000,7.6
1/9/2000,7.5
1/10/2000,8.0
1/11/2000,8.3
1/12/2000,7.2
1/13/2000,7.7
1/14/2000,8.3
1/15/2000,8.6
1/16/2000,8.6
1/17/2000,7.7
1/18/2000,8.5
1/19/2000,9.0
1/20/2000,9.0
1/21/2000,8.7
1/22/2000,8.5
1/23/2000,8.4
1/24/2000,9.1
1/25/2000,9.6
1/26/2000,8.7
1/27/2000,8.2
1/28/2000,7.8
1/29/2000,7.5
1/30/2000,8.0
1/31/2000,7.9
2/1/2000,8.5
2/2/2000,8.8
2/3/2000,8.6
2/4/2000,8.7
2/5/2000,8.8
2/6/2000,9.3
2/7/2000,8.9
2/8/2000,8.7
2/9/2000,8.9
2/10/2000,9.4
2/11/2000,9.4
2/12/2000,9.5
2/13/2000,9.7
2/14/2000,10.4
2/15/2000,9.4
2/16/2000,9.3
2/17/2000,9.3
2/18/2000,8.7
2/19/2000,8.5
2/20/2000,9.0
2/21/2000,9.6
2/22/2000,9.2
2/23/2000,9.2
2/24/2000,8.3
2/25/2000,8.5
2/26/2000,9.4
2/27/2000,9.9
2/28/2000,9.6
2/29/2000,9.5
3/1/2000,9.2
3/2/2000,9.4
3/3/2000,9.6
3/4/2000,9.3
3/5/2000,9.3
3/6/2000,9.4
3/7/2000,9.2
3/8/2000,9.0
3/9/2000,9.1
3/10/2000,9.4
3/11/2000,10.0
3/12/2000,9.7
3/13/2000,10.0
3/14/2000,10.6
3/15/2000,10.2
3/16/2000,10.8
3/17/2000,9.7
3/18/2000,10.4
3/19/2000,10.8
3/20/2000,9.5
3/21/2000,9.8
3/22/2000,10.6
3/23/2000,10.7
3/24/2000,10.3
3/25/2000,10.4
3/26/2000,10.5
3/27/2000,10.4
3/28/2000,10.1
3/29/2000,10.3
3/30/2000,10.5
3/31/2000,10.5
4/1/2000,11.1
4/2/2000,11.6
4/3/2000,11.7
4/4/2000,11.7
4/5/2000,11.5
4/6/2000,11.4
4/7/2000,11.5
4/8/2000,11.2
4/9/2000,11.6
4/10/2000,11.6
4/11/2000,11.4
4/12/2000,11.6
4/13/2000,11.6
4/14/2000,11.1
4/15/2000,10.8
4/16/2000,10.3
4/17/2000,10.9
4/18/2000,10.6
4/19/2000,11.0
4/20/2000,11.7
4/21/2000,12.0
4/22/2000,11.8
4/23/2000,11.5
4/24/2000,11.4
4/25/2000,12.2
4/26/2000,12.3
4/27/2000,11.5
4/28/2000,11.2
4/29/2000,11.7
4/30/2000,12.2
5/1/2000,12.4
5/2/2000,12.7
5/3/2000,13.2
5/4/2000,12.6
5/5/2000,12.5
5/6/2000,11.9
5/7/2000,11.0
5/8/2000,12.2
5/9/2000,12.7
5/10/2000,11.8
5/11/2000,11.6
5/12/2000,11.3
5/13/2000,11.6
5/14/2000,11.3
5/15/2000,11.3
5/16/2000,11.2
5/17/2000,12.6
5/18/2000,13.3
5/19/2000,14.1
5/20/2000,14.8
5/21/2000,15.4
5/22/2000,15.9
5/23/2000,16.8
5/24/2000,17.2
5/25/2000,16.6
5/26/2000,16.2
5/27/2000,16.6
5/28/2000,15.5
5/29/2000,14.7
5/30/2000,14.9
5/31/2000,14.9
6/1/2000,15.2
6/2/2000,15.8
6/3/2000,16.1
6/4/2000,16.1
6/5/2000,16.1
6/6/2000,16.0
6/7/2000,15.7
6/8/2000,14.8
6/9/2000,14.4
6/10/2000,14.7
6/11/2000,14.8
6/12/2000,15.5
6/13/2000,16.2
6/14/2000,17.5
6/15/2000,17.9
6/16/2000,17.5
6/17/2000,17.2
6/18/2000,17.2
6/19/2000,17.4
6/20/2000,17.2
6/21/2000,17.3
6/22/2000,17.7
6/23/2000,17.7
6/24/2000,17.5
6/25/2000,17.6
6/26/2000,18.3
6/27/2000,19.1
6/28/2000,19.7
6/29/2000,20.6
6/30/2000,21.5
7/1/2000,21.2
7/2/2000,20.7
7/3/2000,20.1
7/4/2000,19.1
7/5/2000,18.3
7/6/2000,17.9
7/7/2000,17.9
7/8/2000,18.1
7/9/2000,19.1
7/10/2000,19.8
7/11/2000,20.2
7/12/2000,20.4
7/13/2000,20.7
7/14/2000,20.6
7/15/2000,20.4
7/16/2000,20.1
7/17/2000,20.2
7/18/2000,20.0
7/19/2000,20.3
7/20/2000,20.8
7/21/2000,21.2
7/22/2000,21.0
7/23/2000,20.6
7/24/2000,20.7
7/25/2000,21.0
7/26/2000,20.7
7/27/2000,20.8
7/28/2000,20.6
7/29/2000,20.7
7/30/2000,21.0
7/31/2000,21.4
8/1/2000,21.9
8/2/2000,22.0
8/3/2000,22.0
8/4/2000,21.3
8/5/2000,21.0
8/6/2000,20.9
8/7/2000,20.9
8/8/2000,20.9
8/9/2000,20.7
8/10/2000,20.0
8/11/2000,19.7
8/12/2000,19.9
8/13/2000,20.1
8/14/2000,19.9
8/15/2000,19.9
8/16/2000,19.9
8/17/2000,20.2
8/18/2000,19.6
8/19/2000,19.3
8/20/2000,19.4
8/21/2000,19.5
8/22/2000,19.4
8/23/2000,19.1
8/24/2000,19.0
8/25/2000,18.8
8/26/2000,18.9
8/27/2000,18.8
8/28/2000,18.7
8/29/2000,18.1
8/30/2000,17.8
8/31/2000,17.5
9/1/2000,16.6
9/2/2000,16.0
9/3/2000,16.3
9/4/2000,16.4
9/5/2000,15.9
9/6/2000,16.2
9/7/2000,16.9
9/8/2000,17.0
9/9/2000,17.1
9/10/2000,17.2
9/11/2000,17.5
9/12/2000,17.4
9/13/2000,17.3
9/14/2000,16.8
9/15/2000,17.0
9/16/2000,17.2
9/17/2000,17.7
9/18/2000,18.2
9/19/2000,18.6
9/20/2000,18.9
9/21/2000,18.3
9/22/2000,17.2
9/23/2000,15.7
9/24/2000,14.7
9/25/2000,14.9
9/26/2000,15.2
9/27/2000,15.5
9/28/2000,15.9
9/29/2000,15.9
9/30/2000,15.4
10/1/2000,15.2
10/2/2000,14.4
10/3/2000,13.6
10/4/2000,13.1
10/5/2000,13.1
10/6/2000,13.1
10/7/2000,13.3
10/8/2000,13.3
10/9/2000,12.7
10/10/2000,12.5
10/11/2000,12.4
10/12/2000,12.3
10/13/2000,12.3
10/14/2000,12.4
10/15/2000,12.3
10/16/2000,12.4
10/17/2000,12.2
10/18/2000,12.2
10/19/2000,12.3
10/20/2000,12.1
10/21/2000,11.5
10/22/2000,11.3
10/23/2000,11.4
10/24/2000,11.5
10/25/2000,11.9
10/26/2000,11.9
10/27/2000,11.5
10/28/2000,12.0
10/29/2000,11.8
10/30/2000,11.7
10/31/2000,11.0
11/1/2000,11.4
11/2/2000,11.9
11/3/2000,12.2
11/4/2000,11.7
11/5/2000,11.7
11/6/2000,11.4
11/7/2000,11.1
11/8/2000,11.3
11/9/2000,10.5
11/10/2000,10.2
11/11/2000,9.4
11/12/2000,9.0
11/13/2000,8.7
11/14/2000,9.0
11/15/2000,9.1
11/16/2000,9.2
11/17/2000,9.1
11/18/2000,9.1
11/19/2000,9.6
11/20/2000,9.6
11/21/2000,9.6
11/22/2000,10.2
11/23/2000,9.6
11/24/2000,9.3
11/25/2000,9.2
11/26/2000,9.1
11/27/2000,9.6
11/28/2000,10.0
11/29/2000,9.9
11/30/2000,9.4
12/1/2000,8.8
12/2/2000,8.6
12/3/2000,8.7
12/4/2000,8.7
12/5/2000,8.6
12/6/2000,8.5
12/7/2000,9.1
12/8/2000,9.3
12/9/2000,9.1
12/10/2000,9.4
12/11/2000,8.9
12/12/2000,9.0
12/13/2000,9.0
12/14/2000,8.8
12/15/2000,9.3
12/16/2000,8.9
12/17/2000,8.5
12/18/2000,8.0
12/19/2000,8.0
12/20/2000,8.7
12/21/2000,8.0
12/22/2000,8.7
12/23/2000,8.0
12/24/2000,7.9
12/25/2000,7.7
12/26/2000,7.6
12/27/2000,7.6
12/28/2000,7.4
12/29/2000,7.5
12/30/2000,7.4
12/31/2000,7.5
1/1/2001,7.7
1/2/2001,7.8
1/3/2001,7.5
1/4/2001,7.5
1/5/2001,7.3
1/6/2001,7.5
1/7/2001,7.4
1/8/2001,8.0
1/9/2001,7.1
1/10/2001,7.6
1/11/2001,8.0
1/12/2001,7.3
1/13/2001,7.6
1/14/2001,7.1
1/15/2001,6.8
1/16/2001,6.4
1/17/2001,6.3
1/18/2001,6.7
1/19/2001,7.1
1/20/2001,6.8
1/21/2001,7.2
1/22/2001,7.3
1/23/2001,6.8
1/24/2001,7.3
1/25/2001,6.4
1/26/2001,6.3
1/27/2001,6.5
1/28/2001,6.7
1/29/2001,7.4
1/30/2001,6.5
1/31/2001,6.6
2/1/2001,6.7
2/2/2001,7.5
2/3/2001,7.9
2/4/2001,8.0
2/5/2001,7.5
2/6/2001,6.9
2/7/2001,6.6
2/8/2001,6.3
2/9/2001,6.3
2/10/2001,5.7
2/11/2001,6.3
2/12/2001,6.3
2/13/2001,6.4
2/14/2001,6.4
2/15/2001,6.0
2/16/2001,6.9
2/17/2001,6.7
2/18/2001,7.0
2/19/2001,7.4
2/20/2001,7.6
2/21/2001,7.8
2/22/2001,7.8
2/23/2001,7.5
2/24/2001,7.4
2/25/2001,7.7
2/26/2001,8.2
2/27/2001,8.1
2/28/2001,7.5
3/1/2001,7.1
3/2/2001,7.9
3/3/2001,7.0
3/4/2001,7.7
3/5/2001,8.9
3/6/2001,9.3
3/7/2001,9.5
3/8/2001,10.0
3/9/2001,8.7
3/10/2001,8.6
3/11/2001,9.0
3/12/2001,9.3
3/13/2001,9.9
3/14/2001,9.7
3/15/2001,9.1
3/16/2001,8.8
3/17/2001,9.2
3/18/2001,9.9
3/19/2001,10.6
3/20/2001,10.5
3/21/2001,10.7
3/22/2001,11.0
3/23/2001,11.4
3/24/2001,10.7
3/25/2001,10.3
3/26/2001,9.9
3/27/2001,10.0
3/28/2001,11.0
3/29/2001,11.2
3/30/2001,11.0
3/31/2001,11.3
4/1/2001,11.3
4/2/2001,9.8
4/3/2001,9.0
4/4/2001,9.3
4/5/2001,9.7
4/6/2001,9.2
4/7/2001,9.0
4/8/2001,8.6
4/9/2001,9.3
4/10/2001,9.5
4/11/2001,10.4
4/12/2001,9.9
4/13/2001,10.2
4/14/2001,10.2
4/15/2001,10.7
4/16/2001,10.7
4/17/2001,11.3
4/18/2001,10.6
4/19/2001,9.9
4/20/2001,9.2
4/21/2001,9.8
4/22/2001,11.3
4/23/2001,12.1
4/24/2001,12.7
4/25/2001,13.0
4/26/2001,13.5
4/27/2001,13.2
4/28/2001,12.7
4/29/2001,11.6
4/30/2001,12.4
5/1/2001,12.7
5/2/2001,12.0
5/3/2001,12.2
5/4/2001,12.6
5/5/2001,13.1
5/6/2001,13.1
5/7/2001,13.7
5/8/2001,14.0
5/9/2001,14.0
5/10/2001,14.1
5/11/2001,14.0
5/12/2001,14.1
5/13/2001,13.8
5/14/2001,12.6
5/15/2001,12.1
5/16/2001,13.0
5/17/2001,13.8
5/18/2001,14.4
5/19/2001,14.6
5/20/2001,14.8
5/21/2001,15.0
5/22/2001,15.0
5/23/2001,15.2
5/24/2001,15.1
5/25/2001,14.6
5/26/2001,14.6
5/27/2001,14.4
5/28/2001,14.1
5/29/2001,14.3
5/30/2001,15.2
5/31/2001,15.6
6/1/2001,14.9
6/2/2001,14.2
6/3/2001,13.8
6/4/2001,13.8
6/5/2001,14.3
6/6/2001,14.5
6/7/2001,15.0
6/8/2001,15.1
6/9/2001,15.0
6/10/2001,14.5
6/11/2001,13.7
6/12/2001,14.1
6/13/2001,14.4
6/14/2001,14.9
6/15/2001,15.2
6/16/2001,15.1
6/17/2001,15.2
6/18/2001,15.4
6/19/2001,15.4
6/20/2001,15.8
6/21/2001,16.1
6/22/2001,16.1
6/23/2001,15.8
6/24/2001,14.2
6/25/2001,13.6
6/26/2001,12.9
6/27/2001,12.4
6/28/2001,14.4
6/29/2001,15.5
6/30/2001,15.9
7/1/2001,15.9
7/2/2001,16.1
7/3/2001,15.9
7/4/2001,16.0
7/5/2001,17.0
7/6/2001,17.9
7/7/2001,17.3
7/8/2001,16.7
7/9/2001,17.8
7/10/2001,17.9
7/11/2001,18.4
7/12/2001,17.5
7/13/2001,17.2
7/14/2001,17.7
7/15/2001,17.7
7/16/2001,17.5
7/17/2001,17.5
7/18/2001,17.5
7/19/2001,17.7
7/20/2001,17.8
7/21/2001,17.8
7/22/2001,17.5
7/23/2001,17.8
7/24/2001,18.2
7/25/2001,18.5
7/26/2001,18.7
7/27/2001,18.6
7/28/2001,18.1
7/29/2001,18.0
7/30/2001,18.0
7/31/2001,17.8
8/1/2001,17.9
8/2/2001,17.9
8/3/2001,17.8
8/4/2001,17.9
8/5/2001,17.9
8/6/2001,17.8
8/7/2001,18.0
8/8/2001,18.3
8/9/2001,18.6
8/10/2001,18.3
8/11/2001,17.8
8/12/2001,17.5
8/13/2001,17.3
8/14/2001,17.0
8/15/2001,17.1
8/16/2001,17.3
8/17/2001,17.2
8/18/2001,17.3
8/19/2001,17.5
8/20/2001,17.4
8/21/2001,17.3
8/22/2001,17.2
8/23/2001,17.4
8/24/2001,17.5
8/25/2001,17.5
8/26/2001,17.7
8/27/2001,17.9
8/28/2001,18.1
8/29/2001,18.3
8/30/2001,18.1
8/31/2001,17.6
9/1/2001,17.4
9/2/2001,17.4
9/3/2001,17.2
9/4/2001,17.0
9/5/2001,16.7
9/6/2001,15.9
9/7/2001,15.5
9/8/2001,15.7
9/9/2001,15.3
9/10/2001,15.3
9/11/2001,14.2
9/12/2001,14.3
9/13/2001,15.4
9/14/2001,15.6
9/15/2001,15.4
9/16/2001,15.4
9/17/2001,15.2
9/18/2001,15.0
9/19/2001,15.0
9/20/2001,14.9
9/21/2001,14.8
9/22/2001,14.5
9/23/2001,14.3
9/24/2001,13.8
9/25/2001,14.4
9/26/2001,13.8
9/27/2001,14.1
9/28/2001,14.0
9/29/2001,13.8
9/30/2001,14.0
10/1/2001,14.1
10/2/2001,14.4
10/3/2001,14.3
10/4/2001,13.9
10/5/2001,13.6
10/6/2001,13.3
10/7/2001,13.3
10/8/2001,13.3
10/9/2001,12.6
10/10/2001,12.5
10/11/2001,13.1
10/12/2001,12.6
10/13/2001,12.8
10/14/2001,13.0
10/15/2001,12.5
10/16/2001,12.7
10/17/2001,12.8
10/18/2001,12.4
10/19/2001,12.1
10/20/2001,12.2
10/21/2001,12.3
10/22/2001,12.2
10/23/2001,12.2
10/24/2001,11.7
10/25/2001,12.0
10/26/2001,11.7
10/27/2001,11.3
10/28/2001,11.6
10/29/2001,11.5
10/30/2001,11.8
10/31/2001,12.0
11/1/2001,11.4
11/2/2001,11.2
11/3/2001,11.2
11/4/2001,11.2
11/5/2001,11.2
11/6/2001,11.1
11/7/2001,10.9
11/8/2001,10.7
11/9/2001,11.0
11/10/2001,11.1
11/11/2001,11.6
11/12/2001,11.9
11/13/2001,11.7
11/14/2001,11.9
11/15/2001,11.7
11/16/2001,11.7
11/17/2001,11.3
11/18/2001,11.0
11/19/2001,11.5
11/20/2001,11.5
11/21/2001,11.8
11/22/2001,11.8
11/23/2001,10.5
11/24/2001,10.3
11/25/2001,10.1
11/26/2001,10.0
11/27/2001,9.7
11/28/2001,9.7
11/29/2001,9.4
11/30/2001,9.6
12/1/2001,9.9
12/2/2001,10.1
12/3/2001,10.0
12/4/2001,9.1
12/5/2001,9.3
12/6/2001,10.2
12/7/2001,9.5
12/8/2001,9.2
12/9/2001,9.1
12/10/2001,8.4
12/11/2001,8.1
12/12/2001,8.1
12/13/2001,8.6
12/14/2001,8.4
12/15/2001,8.1
12/16/2001,8.5
12/17/2001,8.7
12/18/2001,8.9
12/19/2001,8.9
12/20/2001,9.0
12/21/2001,9.2
12/22/2001,9.2
12/23/2001,9.5
12/24/2001,8.5
12/25/2001,8.8
12/26/2001,9.2
12/27/2001,9.3
12/28/2001,9.2
12/29/2001,9.6
12/30/2001,9.8
12/31/2001,10.5
1/1/2002,10.4
1/2/2002,11.0
1/3/2002,10.6
1/4/2002,9.7
1/5/2002,9.6
1/6/2002,9.8
1/7/2002,10.3
1/8/2002,10.1
1/9/2002,9.4
1/10/2002,9.0
1/11/2002,8.9
1/12/2002,8.9
1/13/2002,8.5
1/14/2002,8.3
1/15/2002,7.5
1/16/2002,7.5
1/17/2002,7.6
1/18/2002,7.3
1/19/2002,6.9
1/20/2002,7.0
1/21/2002,7.1
1/22/2002,6.3
1/23/2002,6.2
1/24/2002,6.5
1/25/2002,6.6
1/26/2002,7.2
1/27/2002,6.2
1/28/2002,5.9
1/29/2002,5.7
1/30/2002,5.7
1/31/2002,5.9
2/1/2002,6.4
2/2/2002,6.2
2/3/2002,6.2
2/4/2002,6.2
2/5/2002,6.0
2/6/2002,6.3
2/7/2002,6.8
2/8/2002,6.4
2/9/2002,6.5
2/10/2002,6.5
2/11/2002,6.8
2/12/2002,7.3
2/13/2002,7.4
2/14/2002,7.2
2/15/2002,7.2
2/16/2002,7.5
2/17/2002,7.6
2/18/2002,7.4
2/19/2002,7.8
2/20/2002,9.0
2/21/2002,9.6
2/22/2002,9.3
2/23/2002,9.0
2/24/2002,8.7
2/25/2002,8.4
2/26/2002,8.4
2/27/2002,8.7
2/28/2002,8.4
3/1/2002,7.8
3/2/2002,7.9
3/3/2002,7.8
3/4/2002,8.0
3/5/2002,7.8
3/6/2002,8.8
3/7/2002,8.7
3/8/2002,7.4
3/9/2002,7.2
3/10/2002,8.4
3/11/2002,9.5
3/12/2002,9.6
3/13/2002,8.3
3/14/2002,8.1
3/15/2002,8.2
3/16/2002,7.8
3/17/2002,7.7
3/18/2002,7.6
3/19/2002,8.4
3/20/2002,9.1
3/21/2002,9.4
3/22/2002,8.9
3/23/2002,9.3
3/24/2002,9.5
3/25/2002,9.5
3/26/2002,9.6
3/27/2002,10.0
3/28/2002,10.6
3/29/2002,10.9
3/30/2002,10.8
3/31/2002,11.0
4/1/2002,11.2
4/2/2002,11.8
4/3/2002,11.6
4/4/2002,11.6
4/5/2002,10.8
4/6/2002,11.2
4/7/2002,11.4
4/8/2002,11.3
4/9/2002,10.6
4/10/2002,11.4
4/11/2002,11.6
4/12/2002,11.6
4/13/2002,12.3
4/14/2002,12.7
4/15/2002,11.1
4/16/2002,9.6
4/17/2002,9.5
4/18/2002,9.8
4/19/2002,10.7
4/20/2002,10.9
4/21/2002,11.4
4/22/2002,11.8
4/23/2002,12.2
4/24/2002,12.1
4/25/2002,12.5
4/26/2002,11.9
4/27/2002,11.1
4/28/2002,10.8
4/29/2002,10.6
4/30/2002,10.5
5/1/2002,11.4
5/2/2002,12.3
5/3/2002,12.5
5/4/2002,12.6
5/5/2002,12.7
5/6/2002,12.8
5/7/2002,12.3
5/8/2002,12.0
5/9/2002,12.1
5/10/2002,12.3
5/11/2002,12.3
5/12/2002,12.6
5/13/2002,13.2
5/14/2002,13.1
5/15/2002,13.3
5/16/2002,13.4
5/17/2002,13.7
5/18/2002,13.7
5/19/2002,11.6
5/20/2002,10.7
5/21/2002,11.2
5/22/2002,12.5
5/23/2002,13.0
5/24/2002,13.5
5/25/2002,13.7
5/26/2002,13.8
5/27/2002,13.4
5/28/2002,13.9
5/29/2002,14.9
5/30/2002,14.9
5/31/2002,14.7
6/1/2002,14.8
6/2/2002,14.3
6/3/2002,14.1
6/4/2002,14.6
6/5/2002,15.1
6/6/2002,15.0
6/7/2002,14.5
6/8/2002,13.6
6/9/2002,13.3
6/10/2002,13.7
6/11/2002,14.2
6/12/2002,14.3
6/13/2002,14.6
6/14/2002,14.8
6/15/2002,14.8
6/16/2002,14.8
6/17/2002,14.3
6/18/2002,14.8
6/19/2002,14.8
6/20/2002,14.8
6/21/2002,15.0
6/22/2002,15.0
6/23/2002,15.1
6/24/2002,15.2
6/25/2002,15.4
6/26/2002,15.7
6/27/2002,15.6
6/28/2002,15.1
6/29/2002,15.2
6/30/2002,15.5
7/1/2002,16.1
7/2/2002,17.5
7/3/2002,18.5
7/4/2002,19.2
7/5/2002,19.4
7/6/2002,19.9
7/7/2002,19.7
7/8/2002,18.9
7/9/2002,19.5
7/10/2002,20.0
7/11/2002,19.9
7/12/2002,19.8
7/13/2002,18.8
7/14/2002,19.3
7/15/2002,19.2
7/16/2002,18.4
7/17/2002,18.6
7/18/2002,18.3
7/19/2002,18.9
7/20/2002,18.8
7/21/2002,18.9
7/22/2002,18.8
7/23/2002,18.6
7/24/2002,18.1
7/25/2002,18.0
7/26/2002,18.0
7/27/2002,18.3
7/28/2002,18.0
7/29/2002,18.2
7/30/2002,18.4
7/31/2002,18.3
8/1/2002,18.0
8/2/2002,18.0
8/3/2002,18.0
8/4/2002,16.4
8/5/2002,15.5
8/6/2002,16.2
8/7/2002,16.4
8/8/2002,16.7
8/9/2002,17.2
8/10/2002,17.4
8/11/2002,17.7
8/12/2002,17.7
8/13/2002,17.9
8/14/2002,18.1
8/15/2002,18.0
8/16/2002,17.8
8/17/2002,17.6
8/18/2002,17.4
8/19/2002,17.1
8/20/2002,16.7
8/21/2002,16.6
8/22/2002,16.7
8/23/2002,16.7
8/24/2002,17.0
8/25/2002,17.3
8/26/2002,17.7
8/27/2002,18.1
8/28/2002,18.4
8/29/2002,17.8
8/30/2002,17.7
8/31/2002,17.8
9/1/2002,17.6
9/2/2002,17.5
9/3/2002,17.4
9/4/2002,17.0
9/5/2002,16.4
9/6/2002,15.6
9/7/2002,15.7
9/8/2002,15.5
9/9/2002,15.8
9/10/2002,16.1
9/11/2002,16.2
9/12/2002,16.4
9/13/2002,16.3
9/14/2002,14.1
9/15/2002,13.6
9/16/2002,13.6
9/17/2002,13.8
9/18/2002,14.1
9/19/2002,14.1
9/20/2002,14.0
9/21/2002,13.9
9/22/2002,13.8
9/23/2002,13.8
9/24/2002,13.7
9/25/2002,13.7
9/26/2002,13.4
9/27/2002,13.4
9/28/2002,13.3
9/29/2002,13.4
9/30/2002,13.1
10/1/2002,12.7
10/2/2002,12.5
10/3/2002,12.6
10/4/2002,13.3
10/5/2002,13.3
10/6/2002,13.3
10/7/2002,12.9
10/8/2002,12.6
10/9/2002,12.2
10/10/2002,12.4
10/11/2002,11.9
10/12/2002,11.7
10/13/2002,11.7
10/14/2002,11.8
10/15/2002,11.8
10/16/2002,11.8
10/17/2002,11.7
10/18/2002,11.9
10/19/2002,11.9
10/20/2002,11.9
10/21/2002,11.9
10/22/2002,11.8
10/23/2002,11.5
10/24/2002,11.2
10/25/2002,11.4
10/26/2002,11.2
10/27/2002,11.2
10/28/2002,11.5
10/29/2002,10.9
10/30/2002,10.5
10/31/2002,10.2
11/1/2002,10.2
11/2/2002,10.1
11/3/2002,10.6
11/4/2002,10.6
11/5/2002,10.5
11/6/2002,10.6
11/7/2002,11.3
11/8/2002,11.5
11/9/2002,10.9
11/10/2002,11.1
11/11/2002,11.4
11/12/2002,11.2
11/13/2002,11.2
11/14/2002,11.1
11/15/2002,10.9
11/16/2002,10.4
11/17/2002,10.3
11/18/2002,10.4
11/19/2002,10.8
11/20/2002,11.0
11/21/2002,10.8
11/22/2002,10.6
11/23/2002,10.5
11/24/2002,10.6
11/25/2002,10.1
11/26/2002,9.9
11/27/2002,10.2
11/28/2002,10.1
11/29/2002,9.9
11/30/2002,9.7
12/1/2002,9.8
12/2/2002,9.7
12/3/2002,9.5
12/4/2002,10.3
12/5/2002,10.1
12/6/2002,10.0
12/7/2002,9.6
12/8/2002,9.5
12/9/2002,9.6
12/10/2002,10.3
12/11/2002,10.1
12/12/2002,9.8
12/13/2002,10.0
12/14/2002,10.7
12/15/2002,10.3
12/16/2002,10.6
12/17/2002,10.6
12/18/2002,10.3
12/19/2002,10.1
12/20/2002,9.1
12/21/2002,9.3
12/22/2002,9.0
12/23/2002,8.7
12/24/2002,8.5
12/25/2002,8.6
12/26/2002,8.7
12/27/2002,9.0
12/28/2002,9.8
12/29/2002,9.4
12/30/2002,9.2
12/31/2002,9.3
1/1/2003,9.8
1/2/2003,10.3
1/3/2003,10.6
1/4/2003,10.8
1/5/2003,11.0
1/6/2003,11.1
1/7/2003,11.2
1/8/2003,11.2
1/9/2003,10.0
1/10/2003,9.6
1/11/2003,9.6
1/12/2003,10.0
1/13/2003,10.5
1/14/2003,10.3
1/15/2003,10.4
1/16/2003,10.3
1/17/2003,10.4
1/18/2003,10.5
1/19/2003,10.5
1/20/2003,10.5
1/21/2003,10.4
1/22/2003,10.2
1/23/2003,10.2
1/24/2003,10.2
1/25/2003,10.3
1/26/2003,10.3
1/27/2003,10.3
1/28/2003,9.9
1/29/2003,10.2
1/30/2003,10.3
1/31/2003,10.2
2/1/2003,10.3
2/2/2003,10.3
2/3/2003,10.2
2/4/2003,9.9
2/5/2003,9.6
2/6/2003,9.4
2/7/2003,8.8
2/8/2003,8.3
2/9/2003,8.1
2/10/2003,8.1
2/11/2003,8.3
2/12/2003,8.3
2/13/2003,9.0
2/14/2003,9.1
2/15/2003,9.0
2/16/2003,8.9
2/17/2003,8.6
2/18/2003,8.8
2/19/2003,8.8
2/20/2003,8.6
2/21/2003,9.1
2/22/2003,9.0
2/23/2003,9.0
2/24/2003,9.3
2/25/2003,8.9
2/26/2003,8.1
2/27/2003,8.4
2/28/2003,8.2
3/1/2003,8.5
3/2/2003,8.5
3/3/2003,8.5
3/4/2003,8.4
3/5/2003,8.7
3/6/2003,8.8
3/7/2003,8.9
3/8/2003,9.0
3/9/2003,9.0
3/10/2003,9.8
3/11/2003,9.7
3/12/2003,9.6
3/13/2003,9.6
3/14/2003,9.8
3/15/2003,10.6
3/16/2003,10.0
3/17/2003,9.5
3/18/2003,9.6
3/19/2003,9.3
3/20/2003,10.1
3/21/2003,10.1
3/22/2003,9.9
3/23/2003,10.2
3/24/2003,10.0
3/25/2003,10.1
3/26/2003,10.7
3/27/2003,10.2
3/28/2003,10.1
3/29/2003,10.7
3/30/2003,11.1
3/31/2003,11.4
4/1/2003,11.1
4/2/2003,9.7
4/3/2003,9.3
4/4/2003,9.9
4/5/2003,9.4
4/6/2003,9.7
4/7/2003,10.5
4/8/2003,11.0
4/9/2003,11.3
4/10/2003,10.5
4/11/2003,11.2
4/12/2003,10.2
4/13/2003,9.7
4/14/2003,10.2
4/15/2003,9.6
4/16/2003,9.9
4/17/2003,10.5
4/18/2003,10.7
4/19/2003,10.9
4/20/2003,10.8
4/21/2003,10.4
4/22/2003,10.9
4/23/2003,10.5
4/24/2003,10.6
4/25/2003,10.0
4/26/2003,10.3
4/27/2003,10.7
4/28/2003,10.2
4/29/2003,10.1
4/30/2003,11.3
5/1/2003,11.7
5/2/2003,11.6
5/3/2003,11.8
5/4/2003,11.8
5/5/2003,11.9
5/6/2003,11.4
5/7/2003,11.8
5/8/2003,11.1
5/9/2003,10.9
5/10/2003,11.8
5/11/2003,12.0
5/12/2003,12.3
5/13/2003,12.8
5/14/2003,13.2
5/15/2003,12.9
5/16/2003,12.5
5/17/2003,12.3
5/18/2003,12.0
5/19/2003,12.5
5/20/2003,13.1
5/21/2003,13.5
5/22/2003,14.0
5/23/2003,14.4
5/24/2003,14.2
5/25/2003,13.6
5/26/2003,13.7
5/27/2003,14.0
5/28/2003,14.2
5/29/2003,13.9
5/30/2003,13.5
5/31/2003,14.4
6/1/2003,14.8
6/2/2003,15.3
6/3/2003,15.5
6/4/2003,15.7
6/5/2003,15.6
6/6/2003,15.7
6/7/2003,16.0
6/8/2003,16.1
6/9/2003,16.1
6/10/2003,16.0
6/11/2003,15.7
6/12/2003,15.7
6/13/2003,15.5
6/14/2003,15.5
6/15/2003,15.7
6/16/2003,16.2
6/17/2003,16.3
6/18/2003,15.8
6/19/2003,15.7
6/20/2003,15.2
6/21/2003,15.3
6/22/2003,15.2
6/23/2003,15.0
6/24/2003,15.1
6/25/2003,15.4
6/26/2003,15.7
6/27/2003,16.0
6/28/2003,16.4
6/29/2003,16.6
6/30/2003,16.5
7/1/2003,16.7
7/2/2003,16.8
7/3/2003,16.7
7/4/2003,16.8
7/5/2003,17.3
7/6/2003,17.5
7/7/2003,17.7
7/8/2003,17.2
7/9/2003,17.3
7/10/2003,17.6
7/11/2003,17.8
7/12/2003,17.9
7/13/2003,17.6
7/14/2003,17.8
7/15/2003,18.1
7/16/2003,18.1
7/17/2003,18.0
7/18/2003,18.0
7/19/2003,18.3
7/20/2003,18.0
7/21/2003,18.2
7/22/2003,18.7
7/23/2003,19.0
7/24/2003,17.8
7/25/2003,17.7
7/26/2003,18.4
7/27/2003,17.9
7/28/2003,18.2
7/29/2003,18.5
7/30/2003,18.6
7/31/2003,18.4
8/1/2003,17.8
8/2/2003,16.6
8/3/2003,17.1
8/4/2003,17.9
8/5/2003,17.6
8/6/2003,17.2
8/7/2003,17.2
8/8/2003,16.9
8/9/2003,17.1
8/10/2003,17.1
8/11/2003,17.1
8/12/2003,16.9
8/13/2003,17.0
8/14/2003,16.6
8/15/2003,16.7
8/16/2003,16.7
8/17/2003,17.0
8/18/2003,17.1
8/19/2003,17.3
8/20/2003,17.2
8/21/2003,16.9
8/22/2003,16.2
8/23/2003,16.2
8/24/2003,16.7
8/25/2003,16.7
8/26/2003,16.7
8/27/2003,16.9
8/28/2003,16.9
8/29/2003,16.7
8/30/2003,16.9
8/31/2003,17.0
9/1/2003,17.0
9/2/2003,17.2
9/3/2003,16.2
9/4/2003,16.7
9/5/2003,16.6
9/6/2003,15.5
9/7/2003,14.6
9/8/2003,14.3
9/9/2003,14.2
9/10/2003,14.5
9/11/2003,15.2
9/12/2003,15.3
9/13/2003,14.4
9/14/2003,14.1
9/15/2003,14.1
9/16/2003,13.7
9/17/2003,13.6
9/18/2003,13.8
9/19/2003,14.0
9/20/2003,14.0
9/21/2003,13.9
9/22/2003,13.8
9/23/2003,13.8
9/24/2003,13.9
9/25/2003,13.8
9/26/2003,13.6
9/27/2003,13.6
9/28/2003,13.6
9/29/2003,13.6
9/30/2003,13.3
10/1/2003,13.3
10/2/2003,13.4
10/3/2003,13.4
10/4/2003,13.6
10/5/2003,13.3
10/6/2003,13.2
10/7/2003,13.3
10/8/2003,13.0
10/9/2003,12.7
10/10/2003,12.3
10/11/2003,12.2
10/12/2003,12.4
10/13/2003,11.9
10/14/2003,11.8
10/15/2003,11.6
10/16/2003,11.9
10/17/2003,12.0
10/18/2003,11.8
10/19/2003,12.0
10/20/2003,11.8
10/21/2003,11.9
10/22/2003,11.8
10/23/2003,12.1
10/24/2003,11.8
10/25/2003,12.1
10/26/2003,12.1
10/27/2003,12.1
10/28/2003,12.1
10/29/2003,11.7
10/30/2003,10.6
10/31/2003,10.6
11/1/2003,10.1
11/2/2003,10.0
11/3/2003,10.2
11/4/2003,10.3
11/5/2003,10.8
11/6/2003,10.6
11/7/2003,10.9
11/8/2003,11.1
11/9/2003,11.1
11/10/2003,11.1
11/11/2003,10.8
11/12/2003,11.0
11/13/2003,10.6
11/14/2003,10.9
11/15/2003,10.9
11/16/2003,10.8
11/17/2003,10.9
11/18/2003,10.3
11/19/2003,10.5
11/20/2003,10.4
11/21/2003,9.5
11/22/2003,9.2
11/23/2003,9.3
11/24/2003,9.4
11/25/2003,9.5
11/26/2003,9.5
11/27/2003,9.2
11/28/2003,9.6
11/29/2003,9.8
11/30/2003,9.8
12/1/2003,9.8
12/2/2003,10.0
12/3/2003,9.8
12/4/2003,9.4
12/5/2003,9.9
12/6/2003,10.7
12/7/2003,10.0
12/8/2003,8.7
12/9/2003,8.9
12/10/2003,9.1
12/11/2003,9.2
12/12/2003,9.2
12/13/2003,9.5
12/14/2003,9.4
12/15/2003,8.4
12/16/2003,8.3
12/17/2003,8.3
12/18/2003,8.1
12/19/2003,8.1
12/20/2003,8.8
12/21/2003,8.9
12/22/2003,8.2
12/23/2003,8.3
12/24/2003,9.7
12/25/2003,8.5
12/26/2003,7.5
12/27/2003,7.1
12/28/2003,6.7
12/29/2003,6.0
12/30/2003,7.0
12/31/2003,7.3
1/1/2004,7.5
1/2/2004,7.3
1/3/2004,6.4
1/4/2004,6.4
1/5/2004,6.5
1/6/2004,7.2
1/7/2004,7.2
1/8/2004,7.6
1/9/2004,7.5
1/10/2004,8.4
1/11/2004,8.1
1/12/2004,7.8
1/13/2004,7.6
1/14/2004,7.4
1/15/2004,7.7
1/16/2004,7.3
1/17/2004,7.2
1/18/2004,7.7
1/19/2004,7.1
1/20/2004,7.5
1/21/2004,7.0
1/22/2004,6.6
1/23/2004,6.6
1/24/2004,7.5
1/25/2004,6.6
1/26/2004,6.6
1/27/2004,6.9
1/28/2004,6.7
1/29/2004,7.2
1/30/2004,7.6
1/31/2004,6.9
2/1/2004,7.1
2/2/2004,7.2
2/3/2004,7.7
2/4/2004,8.0
2/5/2004,7.8
2/6/2004,7.6
2/7/2004,7.1
2/8/2004,7.2
2/9/2004,7.3
2/10/2004,7.2
2/11/2004,7.1
2/12/2004,7.1
2/13/2004,7.0
2/14/2004,7.8
2/15/2004,7.9
2/16/2004,9.0
2/17/2004,10.1
2/18/2004,9.9
2/19/2004,8.9
2/20/2004,8.7
2/21/2004,8.5
2/22/2004,8.6
2/23/2004,8.9
2/24/2004,9.1
2/25/2004,9.4
2/26/2004,9.2
2/27/2004,9.1
2/28/2004,8.8
2/29/2004,8.8
3/1/2004,9.0
3/2/2004,8.9
3/3/2004,8.7
3/4/2004,8.9
3/5/2004,9.1
3/6/2004,9.3
3/7/2004,9.8
3/8/2004,10.1
3/9/2004,10.4
3/10/2004,10.4
3/11/2004,10.2
3/12/2004,10.1
3/13/2004,10.4
3/14/2004,10.5
3/15/2004,10.6
3/16/2004,10.4
3/17/2004,10.5
3/18/2004,10.6
3/19/2004,10.6
3/20/2004,10.4
3/21/2004,10.6
3/22/2004,10.9
3/23/2004,11.0
3/24/2004,10.7
3/25/2004,9.5
3/26/2004,9.0
3/27/2004,10.2
3/28/2004,10.6
3/29/2004,10.8
3/30/2004,10.5
3/31/2004,10.3
4/1/2004,10.4
4/2/2004,10.4
4/3/2004,11.1
4/4/2004,11.2
4/5/2004,11.3
4/6/2004,11.4
4/7/2004,11.3
4/8/2004,11.7
4/9/2004,11.7
4/10/2004,11.6
4/11/2004,11.4
4/12/2004,11.5
4/13/2004,11.0
4/14/2004,10.3
4/15/2004,10.6
4/16/2004,10.5
4/17/2004,10.6
4/18/2004,9.9
4/19/2004,9.9
4/20/2004,10.6
4/21/2004,11.3
4/22/2004,11.3
4/23/2004,11.6
4/24/2004,12.3
4/25/2004,12.5
4/26/2004,12.7
4/27/2004,12.9
4/28/2004,12.4
4/29/2004,12.3
4/30/2004,11.3
5/1/2004,12.5
5/2/2004,12.9
5/3/2004,13.1
5/4/2004,13.1
5/5/2004,12.7
5/6/2004,12.3
5/7/2004,11.5
5/8/2004,12.0
5/9/2004,12.2
5/10/2004,12.3
5/11/2004,11.8
5/12/2004,12.1
5/13/2004,12.5
5/14/2004,12.6
5/15/2004,13.1
5/16/2004,12.8
5/17/2004,12.5
5/18/2004,12.2
5/19/2004,12.6
5/20/2004,12.7
5/21/2004,12.9
5/22/2004,12.7
5/23/2004,12.7
5/24/2004,12.8
5/25/2004,13.0
5/26/2004,13.3
5/27/2004,13.1
5/28/2004,12.8
5/29/2004,12.8
5/30/2004,13.3
5/31/2004,13.4
6/1/2004,13.6
6/2/2004,13.9
6/3/2004,13.8
6/4/2004,14.2
6/5/2004,14.4
6/6/2004,14.2
6/7/2004,13.6
6/8/2004,14.6
6/9/2004,13.5
6/10/2004,13.9
6/11/2004,14.1
6/12/2004,14.5
6/13/2004,14.7
6/14/2004,15.0
6/15/2004,15.1
6/16/2004,15.3
6/17/2004,15.0
6/18/2004,15.0
6/19/2004,15.0
6/20/2004,14.9
6/21/2004,15.0
6/22/2004,15.2
6/23/2004,16.1
6/24/2004,15.4
6/25/2004,15.0
6/26/2004,15.0
6/27/2004,15.3
6/28/2004,15.2
6/29/2004,15.8
6/30/2004,16.0
7/1/2004,16.4
7/2/2004,16.6
7/3/2004,17.1
7/4/2004,17.6
7/5/2004,17.7
7/6/2004,17.8
7/7/2004,18.0
7/8/2004,17.9
7/9/2004,17.4
7/10/2004,17.5
7/11/2004,17.8
7/12/2004,17.7
7/13/2004,17.8
7/14/2004,17.8
7/15/2004,17.8
7/16/2004,18.0
7/17/2004,18.5
7/18/2004,18.5
7/19/2004,18.0
7/20/2004,18.4
7/21/2004,18.8
7/22/2004,19.0
7/23/2004,18.9
7/24/2004,18.2
7/25/2004,17.9
7/26/2004,17.7
7/27/2004,17.9
7/28/2004,18.4
7/29/2004,18.4
7/30/2004,17.9
7/31/2004,17.7
8/1/2004,17.5
8/2/2004,17.2
8/3/2004,17.3
8/4/2004,17.5
8/5/2004,17.1
8/6/2004,17.0
8/7/2004,17.3
8/8/2004,17.5
8/9/2004,17.6
8/10/2004,17.6
8/11/2004,17.3
8/12/2004,17.1
8/13/2004,17.4
8/14/2004,17.5
8/15/2004,17.0
8/16/2004,16.7
8/17/2004,16.8
8/18/2004,17.4
8/19/2004,17.7
8/20/2004,17.6
8/21/2004,17.7
8/22/2004,16.6
8/23/2004,15.7
8/24/2004,16.6
8/25/2004,16.7
8/26/2004,16.3
8/27/2004,16.9
8/28/2004,17.1
8/29/2004,17.2
8/30/2004,17.1
8/31/2004,17.0
9/1/2004,16.9
9/2/2004,16.5
9/3/2004,16.1
9/4/2004,16.2
9/5/2004,16.6
9/6/2004,16.8
9/7/2004,16.9
9/8/2004,17.1
9/9/2004,17.0
9/10/2004,16.7
9/11/2004,15.6
9/12/2004,15.6
9/13/2004,15.1
9/14/2004,14.9
9/15/2004,15.0
9/16/2004,15.2
9/17/2004,14.4
9/18/2004,14.2
9/19/2004,13.7
9/20/2004,13.8
9/21/2004,13.6
9/22/2004,13.9
9/23/2004,13.9
9/24/2004,13.9
9/25/2004,13.8
9/26/2004,13.7
9/27/2004,13.6
9/28/2004,13.5
9/29/2004,13.6
9/30/2004,13.4
10/1/2004,13.2
10/2/2004,13.2
10/3/2004,13.2
10/4/2004,13.1
10/5/2004,13.0
10/6/2004,12.8
10/7/2004,13.0
10/8/2004,12.8
10/9/2004,12.5
10/10/2004,12.3
10/11/2004,12.4
10/12/2004,12.4
10/13/2004,12.7
10/14/2004,12.3
10/15/2004,12.1
10/16/2004,11.8
10/17/2004,11.7
10/18/2004,11.1
10/19/2004,11.3
10/20/2004,11.3
10/21/2004,11.2
10/22/2004,11.1
10/23/2004,11.6
10/24/2004,11.0
10/25/2004,10.8
10/26/2004,11.0
10/27/2004,10.7
10/28/2004,10.6
10/29/2004,11.3
10/30/2004,10.9
10/31/2004,10.5
11/1/2004,10.4
11/2/2004,10.6
11/3/2004,10.9
11/4/2004,10.7
11/5/2004,10.4
11/6/2004,10.6
11/7/2004,10.6
11/8/2004,10.8
11/9/2004,11.0
11/10/2004,11.0
11/11/2004,11.1
11/12/2004,10.8
11/13/2004,11.2
11/14/2004,10.7
11/15/2004,10.7
11/16/2004,11.3
11/17/2004,10.8
11/18/2004,10.5
11/19/2004,10.3
11/20/2004,9.8
11/21/2004,9.7
11/22/2004,10.0
11/23/2004,10.0
11/24/2004,10.4
11/25/2004,10.3
11/26/2004,10.3
11/27/2004,10.4
11/28/2004,9.3
11/29/2004,9.2
11/30/2004,9.4
12/1/2004,9.5
12/2/2004,9.5
12/3/2004,9.4
12/4/2004,9.1
12/5/2004,9.0
12/6/2004,9.2
12/7/2004,9.1
12/8/2004,9.6
12/9/2004,10.4
12/10/2004,10.0
12/11/2004,9.7
12/12/2004,9.8
12/13/2004,9.8
12/14/2004,9.9
12/15/2004,9.1
12/16/2004,9.0
12/17/2004,8.7
12/18/2004,8.9
12/19/2004,8.7
12/20/2004,8.9
12/21/2004,8.7
12/22/2004,8.6
12/23/2004,8.5
12/24/2004,8.4
12/25/2004,8.0
12/26/2004,8.1
12/27/2004,8.4
12/28/2004,9.4
12/29/2004,9.4
12/30/2004,8.8
12/31/2004,8.6
1/1/2005,8.3
1/2/2005,8.2
1/3/2005,8.3
1/4/2005,7.7
1/5/2005,7.8
1/6/2005,8.2
1/7/2005,7.8
1/8/2005,7.5
1/9/2005,8.0
1/10/2005,8.0
1/11/2005,8.1
1/12/2005,7.4
1/13/2005,7.2
1/14/2005,7.4
1/15/2005,7.8
1/16/2005,8.2
1/17/2005,8.2
1/18/2005,8.2
1/19/2005,8.2
1/20/2005,7.8
1/21/2005,7.7
1/22/2005,7.6
1/23/2005,7.6
1/24/2005,7.7
1/25/2005,8.3
1/26/2005,8.6
1/27/2005,8.6
1/28/2005,8.8
1/29/2005,8.4
1/30/2005,8.0
1/31/2005,8.4
2/1/2005,8.3
2/2/2005,8.2
2/3/2005,8.4
2/4/2005,8.2
2/5/2005,8.1
2/6/2005,8.0
2/7/2005,8.2
2/8/2005,8.2
2/9/2005,8.1
2/10/2005,8.1
2/11/2005,8.0
2/12/2005,8.0
2/13/2005,8.6
2/14/2005,8.7
2/15/2005,8.4
2/16/2005,9.0
2/17/2005,9.1
2/18/2005,8.7
2/19/2005,9.1
2/20/2005,9.3
2/21/2005,9.4
2/22/2005,9.3
2/23/2005,9.3
2/24/2005,9.1
2/25/2005,9.4
2/26/2005,9.4
2/27/2005,9.2
2/28/2005,9.3
3/1/2005,9.2
3/2/2005,9.6
3/3/2005,9.2
3/4/2005,10.0
3/5/2005,10.0
3/6/2005,10.1
3/7/2005,10.3
3/8/2005,10.4
3/9/2005,10.4
3/10/2005,10.6
3/11/2005,10.6
3/12/2005,10.6
3/13/2005,10.4
3/14/2005,9.8
3/15/2005,9.5
3/16/2005,9.4
3/17/2005,9.6
3/18/2005,9.7
3/19/2005,10.0
3/20/2005,9.6
3/21/2005,9.5
3/22/2005,10.6
3/23/2005,11.0
3/24/2005,10.1
3/25/2005,9.9
3/26/2005,10.4
3/27/2005,10.3
3/28/2005,10.6
3/29/2005,10.6
3/30/2005,9.9
3/31/2005,10.3
4/1/2005,10.4
4/2/2005,10.9
4/3/2005,10.0
4/4/2005,10.0
4/5/2005,10.8
4/6/2005,11.0
4/7/2005,11.3
4/8/2005,9.9
4/9/2005,10.7
4/10/2005,11.1
4/11/2005,11.4
4/12/2005,10.7
4/13/2005,10.1
4/14/2005,10.1
4/15/2005,11.1
4/16/2005,11.7
4/17/2005,11.9
4/18/2005,11.2
4/19/2005,11.3
4/20/2005,11.6
4/21/2005,12.0
4/22/2005,12.1
4/23/2005,11.7
4/24/2005,11.4
4/25/2005,12.0
4/26/2005,12.2
4/27/2005,12.1
4/28/2005,11.9
4/29/2005,12.2
4/30/2005,12.3
5/1/2005,12.5
5/2/2005,12.6
5/3/2005,12.5
5/4/2005,12.2
5/5/2005,12.2
5/6/2005,12.0
5/7/2005,11.9
5/8/2005,11.9
5/9/2005,12.5
5/10/2005,12.0
5/11/2005,12.5
5/12/2005,13.0
5/13/2005,13.6
5/14/2005,13.8
5/15/2005,12.9
5/16/2005,13.1
5/17/2005,11.5
5/18/2005,11.9
5/19/2005,13.0
5/20/2005,13.3
5/21/2005,13.3
5/22/2005,13.9
5/23/2005,13.8
5/24/2005,14.1
5/25/2005,14.7
5/26/2005,14.8
5/27/2005,15.1
5/28/2005,14.5
5/29/2005,13.0
5/30/2005,13.9
5/31/2005,14.7
6/1/2005,14.3
6/2/2005,14.0
6/3/2005,14.1
6/4/2005,14.4
6/5/2005,14.1
6/6/2005,13.0
6/7/2005,12.9
6/8/2005,12.7
6/9/2005,13.8
6/10/2005,14.9
6/11/2005,15.1
6/12/2005,15.1
6/13/2005,15.3
6/14/2005,15.4
6/15/2005,15.1
6/16/2005,13.5
6/17/2005,12.9
6/18/2005,12.8
6/19/2005,13.8
6/20/2005,14.5
6/21/2005,14.9
6/22/2005,15.3
6/23/2005,15.4
6/24/2005,15.5
6/25/2005,15.4
6/26/2005,15.5
6/27/2005,15.8
6/28/2005,16.0
6/29/2005,16.3
6/30/2005,16.4
7/1/2005,16.7
7/2/2005,16.7
7/3/2005,17.0
7/4/2005,17.6
7/5/2005,18.2
7/6/2005,18.5
7/7/2005,18.2
7/8/2005,18.0
7/9/2005,17.6
7/10/2005,17.9
7/11/2005,17.6
7/12/2005,17.5
7/13/2005,17.9
7/14/2005,17.3
7/15/2005,17.2
7/16/2005,17.3
7/17/2005,17.3
7/18/2005,17.2
7/19/2005,17.4
7/20/2005,17.4
7/21/2005,16.0
7/22/2005,16.0
7/23/2005,16.5
7/24/2005,16.7
7/25/2005,16.6
7/26/2005,16.5
7/27/2005,16.5
7/28/2005,16.5
7/29/2005,16.6
7/30/2005,17.2
7/31/2005,17.4
8/1/2005,17.1
8/2/2005,16.9
8/3/2005,16.4
8/4/2005,16.9
8/5/2005,17.4
8/6/2005,17.4
8/7/2005,17.4
8/8/2005,17.3
8/9/2005,17.4
8/10/2005,17.1
8/11/2005,16.7
8/12/2005,16.8
8/13/2005,16.8
8/14/2005,16.6
8/15/2005,16.6
8/16/2005,16.7
8/17/2005,17.0
8/18/2005,16.8
8/19/2005,16.5
8/20/2005,16.5
8/21/2005,16.4
8/22/2005,16.5
8/23/2005,16.8
8/24/2005,16.6
8/25/2005,16.4
8/26/2005,16.0
8/27/2005,16.0
8/28/2005,16.2
8/29/2005,16.0
8/30/2005,15.9
8/31/2005,16.1
9/1/2005,15.9
9/2/2005,16.1
9/3/2005,16.0
9/4/2005,16.1
9/5/2005,15.7
9/6/2005,15.8
9/7/2005,15.5
9/8/2005,15.9
9/9/2005,15.8
9/10/2005,15.2
9/11/2005,14.9
9/12/2005,14.8
9/13/2005,14.9
9/14/2005,15.1
9/15/2005,15.2
9/16/2005,14.5
9/17/2005,14.4
9/18/2005,14.5
9/19/2005,14.6
9/20/2005,14.8
9/21/2005,15.1
9/22/2005,15.0
9/23/2005,14.9
9/24/2005,14.3
9/25/2005,14.5
9/26/2005,14.3
9/27/2005,14.8
9/28/2005,14.9
9/29/2005,14.8
9/30/2005,14.7
10/1/2005,14.4
10/2/2005,14.0
10/3/2005,13.9
10/4/2005,13.7
10/5/2005,14.1
10/6/2005,14.2
10/7/2005,14.2
10/8/2005,14.3
10/9/2005,13.9
10/10/2005,14.1
10/11/2005,14.1
10/12/2005,14.2
10/13/2005,14.0
10/14/2005,14.1
10/15/2005,13.9
10/16/2005,13.9
10/17/2005,14.2
10/18/2005,13.9
10/19/2005,13.9
10/20/2005,13.7
10/21/2005,13.9
10/22/2005,13.7
10/23/2005,13.7
10/24/2005,13.7
10/25/2005,13.7
10/26/2005,14.0
10/27/2005,13.3
10/28/2005,13.5
10/29/2005,13.4
10/30/2005,13.1
10/31/2005,13.3
11/1/2005,13.1
11/2/2005,13.2
11/3/2005,12.2
11/4/2005,12.7
11/5/2005,12.2
11/6/2005,12.7
11/7/2005,12.9
11/8/2005,12.2
11/9/2005,12.3
11/10/2005,12.1
11/11/2005,12.0
11/12/2005,11.5
11/13/2005,11.9
11/14/2005,12.0
11/15/2005,11.5
11/16/2005,11.3
11/17/2005,11.5
11/18/2005,11.0
11/19/2005,10.8
11/20/2005,10.7
11/21/2005,10.7
11/22/2005,10.6
11/23/2005,10.4
11/24/2005,10.5
11/25/2005,11.1
11/26/2005,9.9
11/27/2005,9.7
11/28/2005,9.5
11/29/2005,9.3
11/30/2005,9.3
12/1/2005,9.9
12/2/2005,9.2
12/3/2005,8.6
12/4/2005,8.5
12/5/2005,8.2
12/6/2005,8.2
12/7/2005,8.9
12/8/2005,9.3
12/9/2005,8.7
12/10/2005,8.5
12/11/2005,8.2
12/12/2005,8.1
12/13/2005,8.0
12/14/2005,8.1
12/15/2005,7.8
12/16/2005,7.7
12/17/2005,8.0
12/18/2005,8.4
12/19/2005,9.5
12/20/2005,9.8
12/21/2005,10.3
12/22/2005,10.9
12/23/2005,11.1
12/24/2005,10.3
12/25/2005,10.5
12/26/2005,10.9
12/27/2005,10.8
12/28/2005,11.4
12/29/2005,9.9
12/30/2005,10.4
12/31/2005,11.2
1/1/2006,10.4
1/2/2006,10.7
1/3/2006,9.9
1/4/2006,10.7
1/5/2006,10.3
1/6/2006,10.0
1/7/2006,10.1
1/8/2006,9.3
1/9/2006,9.1
1/10/2006,9.5
1/11/2006,9.7
1/12/2006,8.8
1/13/2006,9.0
1/14/2006,9.2
1/15/2006,8.2
1/16/2006,8.5
1/17/2006,8.6
1/18/2006,8.7
1/19/2006,7.9
1/20/2006,8.0
1/21/2006,8.3
1/22/2006,7.9
1/23/2006,8.2
1/24/2006,7.9
1/25/2006,7.5
1/26/2006,7.6
1/27/2006,7.7
1/28/2006,7.8
1/29/2006,8.1
1/30/2006,8.6
1/31/2006,8.0
2/1/2006,8.4
2/2/2006,9.2
2/3/2006,9.6
2/4/2006,9.3
2/5/2006,7.9
2/6/2006,7.9
2/7/2006,8.2
2/8/2006,8.5
2/9/2006,8.7
2/10/2006,8.4
2/11/2006,8.6
2/12/2006,8.6
2/13/2006,8.7
2/14/2006,8.4
2/15/2006,7.5
2/16/2006,6.9
2/17/2006,7.2
2/18/2006,7.3
2/19/2006,6.8
2/20/2006,6.7
2/21/2006,6.9
2/22/2006,7.2
2/23/2006,7.6
2/24/2006,7.6
2/25/2006,7.7
2/26/2006,7.6
2/27/2006,8.4
2/28/2006,8.9
3/1/2006,8.2
3/2/2006,7.9
3/3/2006,7.6
3/4/2006,7.7
3/5/2006,7.7
3/6/2006,8.6
3/7/2006,9.0
3/8/2006,8.3
3/9/2006,8.2
3/10/2006,7.1
3/11/2006,7.1
3/12/2006,6.9
3/13/2006,7.0
3/14/2006,7.7
3/15/2006,7.8
3/16/2006,8.0
3/17/2006,8.5
3/18/2006,8.4
3/19/2006,8.1
3/20/2006,8.0
3/21/2006,8.2
3/22/2006,8.5
3/23/2006,8.8
3/24/2006,8.8
3/25/2006,9.0
3/26/2006,8.7
3/27/2006,8.7
3/28/2006,8.8
3/29/2006,8.6
3/30/2006,8.6
3/31/2006,8.5
4/1/2006,8.8
4/2/2006,8.8
4/3/2006,9.0
4/4/2006,9.2
4/5/2006,9.3
4/6/2006,9.6
4/7/2006,9.3
4/8/2006,9.2
4/9/2006,9.1
4/10/2006,9.2
4/11/2006,9.2
4/12/2006,9.9
4/13/2006,9.9
4/14/2006,10.6
4/15/2006,9.8
4/16/2006,9.2
4/17/2006,9.0
4/18/2006,9.6
4/19/2006,10.2
4/20/2006,10.7
4/21/2006,11.1
4/22/2006,10.6
4/23/2006,10.9
4/24/2006,10.4
4/25/2006,11.2
4/26/2006,11.5
4/27/2006,12.1
4/28/2006,12.5
4/29/2006,12.6
4/30/2006,12.4
5/1/2006,11.9
5/2/2006,11.9
5/3/2006,11.8
5/4/2006,12.0
5/5/2006,12.2
5/6/2006,12.2
5/7/2006,12.0
5/8/2006,12.1
5/9/2006,12.1
5/10/2006,12.1
5/11/2006,12.4
5/12/2006,12.6
5/13/2006,12.5
5/14/2006,12.9
5/15/2006,13.0
5/16/2006,13.4
5/17/2006,13.6
5/18/2006,13.7
5/19/2006,12.1
5/20/2006,12.3
5/21/2006,11.8
5/22/2006,12.0
5/23/2006,11.2
5/24/2006,11.4
5/25/2006,12.2
5/26/2006,11.9
5/27/2006,11.6
5/28/2006,11.9
5/29/2006,12.3
5/30/2006,12.6
5/31/2006,12.2
6/1/2006,12.3
6/2/2006,13.2
6/3/2006,13.7
6/4/2006,14.5
6/5/2006,14.9
6/6/2006,15.1
6/7/2006,14.8
6/8/2006,14.5
6/9/2006,14.6
6/10/2006,14.6
6/11/2006,14.6
6/12/2006,14.2
6/13/2006,13.5
6/14/2006,13.4
6/15/2006,14.6
6/16/2006,16.1
6/17/2006,16.4
6/18/2006,16.3
6/19/2006,16.4
6/20/2006,16.3
6/21/2006,16.5
6/22/2006,16.5
6/23/2006,16.9
6/24/2006,17.1
6/25/2006,17.4
6/26/2006,17.4
6/27/2006,17.1
6/28/2006,15.5
6/29/2006,16.1
6/30/2006,16.7
7/1/2006,16.5
7/2/2006,16.6
7/3/2006,16.6
7/4/2006,16.2
7/5/2006,16.1
7/6/2006,16.0
7/7/2006,16.3
7/8/2006,16.6
7/9/2006,16.8
7/10/2006,16.8
7/11/2006,17.0
7/12/2006,17.0
7/13/2006,17.0
7/14/2006,17.4
7/15/2006,17.4
7/16/2006,17.2
7/17/2006,17.7
7/18/2006,18.1
7/19/2006,17.9
7/20/2006,17.7
7/21/2006,16.6
7/22/2006,17.2
7/23/2006,18.5
7/24/2006,18.5
7/25/2006,18.5
7/26/2006,18.4
7/27/2006,17.9
7/28/2006,17.6
7/29/2006,17.4
7/30/2006,16.7
7/31/2006,16.2
8/1/2006,16.1
8/2/2006,16.1
8/3/2006,16.7
8/4/2006,17.0
8/5/2006,17.1
8/6/2006,17.2
8/7/2006,17.1
8/8/2006,16.7
8/9/2006,16.9
8/10/2006,17.1
8/11/2006,16.9
8/12/2006,16.4
8/13/2006,16.3
8/14/2006,16.4
8/15/2006,16.5
8/16/2006,16.4
8/17/2006,16.2
8/18/2006,16.1
8/19/2006,16.2
8/20/2006,16.1
8/21/2006,16.0
8/22/2006,16.1
8/23/2006,16.0
8/24/2006,15.7
8/25/2006,16.0
8/26/2006,16.1
8/27/2006,16.0
8/28/2006,16.2
8/29/2006,16.2
8/30/2006,15.7
8/31/2006,15.6
9/1/2006,15.5
9/2/2006,15.5
9/3/2006,15.4
9/4/2006,15.3
9/5/2006,15.4
9/6/2006,15.5
9/7/2006,15.8
9/8/2006,15.6
9/9/2006,15.2
9/10/2006,15.2
9/11/2006,15.4
9/12/2006,15.5
9/13/2006,15.5
9/14/2006,15.0
9/15/2006,13.6
9/16/2006,13.3
9/17/2006,13.9
9/18/2006,13.9
9/19/2006,13.6
9/20/2006,13.5
9/21/2006,13.7
9/22/2006,13.2
9/23/2006,13.2
9/24/2006,12.9
9/25/2006,12.9
9/26/2006,12.9
9/27/2006,13.0
9/28/2006,13.0
9/29/2006,12.8
9/30/2006,12.7
10/1/2006,12.4
10/2/2006,12.0
10/3/2006,12.1
10/4/2006,11.6
10/5/2006,11.7
10/6/2006,11.9
10/7/2006,11.9
10/8/2006,11.8
10/9/2006,12.1
10/10/2006,11.5
10/11/2006,11.4
10/12/2006,11.5
10/13/2006,11.5
10/14/2006,11.5
10/15/2006,11.5
10/16/2006,11.7
10/17/2006,11.1
10/18/2006,11.0
10/19/2006,11.4
10/20/2006,11.6
10/21/2006,11.3
10/22/2006,11.0
10/23/2006,11.1
10/24/2006,11.1
10/25/2006,10.5
10/26/2006,10.7
10/27/2006,10.6
10/28/2006,10.5
10/29/2006,10.4
10/30/2006,10.3
10/31/2006,10.1
11/1/2006,10.2
11/2/2006,10.8
11/3/2006,11.1
11/4/2006,11.4
11/5/2006,11.4
11/6/2006,11.5
11/7/2006,11.6
11/8/2006,11.4
11/9/2006,10.3
11/10/2006,10.1
11/11/2006,10.6
11/12/2006,9.8
11/13/2006,10.2
11/14/2006,10.7
11/15/2006,10.7
11/16/2006,11.2
11/17/2006,10.9
11/18/2006,10.7
11/19/2006,10.7
11/20/2006,10.8
11/21/2006,10.7
11/22/2006,9.9
11/23/2006,9.4
11/24/2006,9.1
11/25/2006,9.3
11/26/2006,9.1
11/27/2006,9.3
11/28/2006,8.7
11/29/2006,8.4
11/30/2006,8.6
12/1/2006,8.7
12/2/2006,8.6
12/3/2006,8.3
12/4/2006,8.2
12/5/2006,8.5
12/6/2006,8.1
12/7/2006,8.1
12/8/2006,8.2
12/9/2006,8.9
12/10/2006,8.8
12/11/2006,8.7
12/12/2006,9.1
12/13/2006,9.4
12/14/2006,9.9
12/15/2006,8.9
12/16/2006,7.6
12/17/2006,7.4
12/18/2006,7.2
12/19/2006,7.1
12/20/2006,7.0
12/21/2006,7.4
12/22/2006,7.1
12/23/2006,7.5
12/24/2006,7.3
12/25/2006,7.5
12/26/2006,7.4
12/27/2006,7.9
12/28/2006,6.6
12/29/2006,6.6
12/30/2006,6.7
12/31/2006,7.1
1/1/2007,7.0
1/2/2007,7.4
1/3/2007,6.9
1/4/2007,7.2
1/5/2007,6.2
1/6/2007,6.2
1/7/2007,6.6
1/8/2007,7.4
1/9/2007,7.3
1/10/2007,6.9
1/11/2007,6.0
1/12/2007,5.7
1/13/2007,5.4
1/14/2007,5.5
1/15/2007,5.7
1/16/2007,5.6
1/17/2007,6.1
1/18/2007,6.0
1/19/2007,6.2
1/20/2007,5.9
1/21/2007,5.5
1/22/2007,5.7
1/23/2007,5.5
1/24/2007,5.5
1/25/2007,5.4
1/26/2007,5.5
1/27/2007,5.5
1/28/2007,5.5
1/29/2007,5.5
1/30/2007,5.7
1/31/2007,5.5
2/1/2007,5.7
2/2/2007,5.3
2/3/2007,5.8
2/4/2007,6.0
2/5/2007,6.2
2/6/2007,6.2
2/7/2007,6.3
2/8/2007,6.4
2/9/2007,6.8
2/10/2007,8.1
2/11/2007,8.7
2/12/2007,7.2
2/13/2007,7.3
2/14/2007,6.9
2/15/2007,7.2
2/16/2007,7.5
2/17/2007,7.6
2/18/2007,7.5
2/19/2007,7.0
2/20/2007,6.8
2/21/2007,7.3
2/22/2007,7.6
2/23/2007,7.0
2/24/2007,6.9
2/25/2007,7.8
2/26/2007,7.2
2/27/2007,6.2
2/28/2007,6.7
3/1/2007,6.8
3/2/2007,7.3
3/3/2007,8.0
3/4/2007,8.2
3/5/2007,8.2
3/6/2007,8.0
3/7/2007,7.8
3/8/2007,7.8
3/9/2007,7.9
3/10/2007,8.5
3/11/2007,8.9
3/12/2007,9.1
3/13/2007,9.3
3/14/2007,9.2
3/15/2007,9.0
3/16/2007,9.1
3/17/2007,9.4
3/18/2007,9.4
3/19/2007,9.2
3/20/2007,9.5
3/21/2007,8.8
3/22/2007,9.0
3/23/2007,9.5
3/24/2007,9.8
3/25/2007,9.4
3/26/2007,8.6
3/27/2007,8.3
3/28/2007,8.5
3/29/2007,9.0
3/30/2007,9.4
3/31/2007,9.7
4/1/2007,9.5
4/2/2007,9.3
4/3/2007,9.3
4/4/2007,9.9
4/5/2007,10.0
4/6/2007,10.2
4/7/2007,10.2
4/8/2007,10.2
4/9/2007,9.9
4/10/2007,9.4
4/11/2007,9.2
4/12/2007,9.2
4/13/2007,9.6
4/14/2007,9.5
4/15/2007,9.6
4/16/2007,10.0
4/17/2007,9.9
4/18/2007,9.1
4/19/2007,8.5
4/20/2007,9.5
4/21/2007,8.8
4/22/2007,9.9
4/23/2007,10.2
4/24/2007,10.7
4/25/2007,10.6
4/26/2007,11.0
4/27/2007,11.4
4/28/2007,11.7
4/29/2007,11.8
4/30/2007,11.5
5/1/2007,10.1
5/2/2007,10.4
5/3/2007,9.7
5/4/2007,10.3
5/5/2007,10.7
5/6/2007,11.4
5/7/2007,12.2
5/8/2007,12.2
5/9/2007,12.3
5/10/2007,12.2
5/11/2007,11.7
5/12/2007,11.6
5/13/2007,11.7
5/14/2007,11.9
5/15/2007,12.0
5/16/2007,12.3
5/17/2007,12.2
5/18/2007,12.1
5/19/2007,12.0
5/20/2007,12.0
5/21/2007,11.9
5/22/2007,11.8
5/23/2007,12.0
5/24/2007,12.4
5/25/2007,12.3
5/26/2007,12.7
5/27/2007,12.9
5/28/2007,12.8
5/29/2007,12.7
5/30/2007,12.9
5/31/2007,13.1
6/1/2007,13.3
6/2/2007,13.1
6/3/2007,12.9
6/4/2007,12.7
6/5/2007,12.7
6/6/2007,12.0
6/7/2007,12.6
6/8/2007,13.0
6/9/2007,12.8
6/10/2007,13.5
6/11/2007,13.7
6/12/2007,14.0
6/13/2007,14.6
6/14/2007,15.1
6/15/2007,15.1
6/16/2007,14.9
6/17/2007,14.4
6/18/2007,14.5
6/19/2007,14.6
6/20/2007,14.4
6/21/2007,14.4
6/22/2007,14.1
6/23/2007,14.2
6/24/2007,14.2
6/25/2007,14.6
6/26/2007,14.7
6/27/2007,15.1
6/28/2007,15.1
6/29/2007,15.3
6/30/2007,15.0
7/1/2007,15.0
7/2/2007,15.1
7/3/2007,15.6
7/4/2007,16.4
7/5/2007,16.7
7/6/2007,16.4
7/7/2007,16.6
7/8/2007,17.1
7/9/2007,17.4
7/10/2007,17.0
7/11/2007,15.5
7/12/2007,15.7
7/13/2007,16.8
7/14/2007,16.8
7/15/2007,17.0
7/16/2007,17.1
7/17/2007,16.4
7/18/2007,15.2
7/19/2007,16.6
7/20/2007,17.0
7/21/2007,17.3
7/22/2007,17.8
7/23/2007,18.2
7/24/2007,18.4
7/25/2007,18.3
7/26/2007,17.7
7/27/2007,17.6
7/28/2007,17.6
7/29/2007,17.8
7/30/2007,17.9
7/31/2007,17.9
8/1/2007,17.7
8/2/2007,17.7
8/3/2007,18.0
8/4/2007,17.7
8/5/2007,17.1
8/6/2007,16.7
8/7/2007,16.9
8/8/2007,17.2
8/9/2007,17.5
8/10/2007,17.5
8/11/2007,17.5
8/12/2007,17.1
8/13/2007,17.0
8/14/2007,16.9
8/15/2007,16.9
8/16/2007,17.2
8/17/2007,17.2
8/18/2007,17.0
8/19/2007,17.4
8/20/2007,17.6
8/21/2007,18.2
8/22/2007,18.5
8/23/2007,18.4
8/24/2007,17.8
8/25/2007,18.0
8/26/2007,17.8
8/27/2007,17.5
8/28/2007,17.3
8/29/2007,16.8
8/30/2007,17.0
8/31/2007,17.9
9/1/2007,18.0
9/2/2007,17.4
9/3/2007,17.2
9/4/2007,17.0
9/5/2007,17.0
9/6/2007,17.3
9/7/2007,16.9
9/8/2007,16.4
9/9/2007,16.4
9/10/2007,16.7
9/11/2007,16.7
9/12/2007,16.8
9/13/2007,15.5
9/14/2007,14.8
9/15/2007,14.7
9/16/2007,14.8
9/17/2007,15.2
9/18/2007,14.6
9/19/2007,13.6
9/20/2007,13.9
9/21/2007,14.1
9/22/2007,13.4
9/23/2007,14.0
9/24/2007,13.4
9/25/2007,13.4
9/26/2007,13.6
9/27/2007,13.6
9/28/2007,13.2
9/29/2007,12.6
9/30/2007,12.9
10/1/2007,13.8
10/2/2007,13.5
10/3/2007,13.2
10/4/2007,12.8
10/5/2007,12.7
10/6/2007,12.6
10/7/2007,13.1
10/8/2007,13.0
10/9/2007,12.6
10/10/2007,13.1
10/11/2007,12.5
10/12/2007,12.9
10/13/2007,12.9
10/14/2007,13.0
10/15/2007,13.1
10/16/2007,12.8
10/17/2007,12.7
10/18/2007,12.6
10/19/2007,13.0
10/20/2007,12.3
10/21/2007,12.3
10/22/2007,12.8
10/23/2007,12.9
10/24/2007,12.9
10/25/2007,12.9
10/26/2007,12.6
10/27/2007,12.6
10/28/2007,12.6
10/29/2007,12.9
10/30/2007,13.0
10/31/2007,12.6
11/1/2007,12.4
11/2/2007,12.2
11/3/2007,12.0
11/4/2007,11.7
11/5/2007,11.6
11/6/2007,11.5
11/7/2007,11.5
11/8/2007,11.4
11/9/2007,11.7
11/10/2007,11.4
11/11/2007,11.3
11/12/2007,11.0
11/13/2007,11.8
11/14/2007,11.5
11/15/2007,11.5
11/16/2007,11.4
11/17/2007,11.7
11/18/2007,11.5
11/19/2007,11.2
11/20/2007,10.1
11/21/2007,10.1
11/22/2007,9.8
11/23/2007,9.8
11/24/2007,9.6
11/25/2007,10.0
11/26/2007,9.6
11/27/2007,9.8
11/28/2007,9.2
11/29/2007,8.9
11/30/2007,8.7
12/1/2007,8.2
12/2/2007,8.5
12/3/2007,9.2
12/4/2007,9.5
12/5/2007,9.4
12/6/2007,9.5
12/7/2007,9.3
12/8/2007,8.4
12/9/2007,8.4
12/10/2007,8.5
12/11/2007,8.4
12/12/2007,8.6
12/13/2007,8.3
12/14/2007,8.4
12/15/2007,8.8
12/16/2007,8.7
12/17/2007,8.7
12/18/2007,8.8
12/19/2007,8.7
12/20/2007,8.4
12/21/2007,7.8
12/22/2007,8.0
12/23/2007,8.8
12/24/2007,8.4
12/25/2007,7.5
12/26/2007,7.0
12/27/2007,6.9
12/28/2007,7.0
12/29/2007,7.1
12/30/2007,7.5
12/31/2007,7.0
1/1/2008,7.1
1/2/2008,7.0
1/3/2008,6.9
1/4/2008,7.8
1/5/2008,7.5
1/6/2008,7.2
1/7/2008,7.2
1/8/2008,6.9
1/9/2008,7.1
1/10/2008,7.4
1/11/2008,7.9
1/12/2008,7.7
1/13/2008,7.0
1/14/2008,6.8
1/15/2008,6.6
1/16/2008,6.3
1/17/2008,6.4
1/18/2008,6.5
1/19/2008,6.5
1/20/2008,6.3
1/21/2008,6.3
1/22/2008,6.1
1/23/2008,6.3
1/24/2008,6.0
1/25/2008,6.2
1/26/2008,7.2
1/27/2008,7.4
1/28/2008,6.5
1/29/2008,5.9
1/30/2008,6.0
1/31/2008,6.2
2/1/2008,6.8
2/2/2008,6.2
2/3/2008,6.6
2/4/2008,6.4
2/5/2008,6.5
2/6/2008,6.8
2/7/2008,6.8
2/8/2008,6.4
2/9/2008,6.8
2/10/2008,6.9
2/11/2008,7.2
2/12/2008,7.1
2/13/2008,6.8
2/14/2008,6.1
2/15/2008,6.5
2/16/2008,6.6
2/17/2008,6.7
2/18/2008,6.7
2/19/2008,6.6
2/20/2008,7.2
2/21/2008,7.0
2/22/2008,7.7
2/23/2008,7.0
2/24/2008,8.1
2/25/2008,8.9
2/26/2008,8.4
2/27/2008,8.4
2/28/2008,8.6
2/29/2008,8.2
3/1/2008,8.3
3/2/2008,7.6
3/3/2008,7.9
3/4/2008,7.9
3/5/2008,7.9
3/6/2008,7.5
3/7/2008,7.5
3/8/2008,8.0
3/9/2008,8.5
3/10/2008,8.5
3/11/2008,8.6
3/12/2008,8.6
3/13/2008,8.9
3/14/2008,8.2
3/15/2008,8.0
3/16/2008,8.1
3/17/2008,8.4
3/18/2008,9.1
3/19/2008,8.5
3/20/2008,8.4
3/21/2008,8.6
3/22/2008,8.9
3/23/2008,9.1
3/24/2008,9.3
3/25/2008,9.5
3/26/2008,9.0
3/27/2008,8.5
3/28/2008,8.3
3/29/2008,8.6
3/30/2008,8.8
3/31/2008,8.7
4/1/2008,9.1
4/2/2008,9.3
4/3/2008,9.6
4/4/2008,9.8
4/5/2008,9.8
4/6/2008,9.4
4/7/2008,9.4
4/8/2008,9.7
4/9/2008,9.6
4/10/2008,10.1
4/11/2008,10.6
4/12/2008,10.8
4/13/2008,11.1
4/14/2008,11.1
4/15/2008,10.0
4/16/2008,10.4
4/17/2008,10.9
4/18/2008,11.1
4/19/2008,10.4
4/20/2008,9.3
4/21/2008,9.7
4/22/2008,9.5
4/23/2008,10.2
4/24/2008,10.3
4/25/2008,11.0
4/26/2008,11.8
4/27/2008,12.2
4/28/2008,12.2
4/29/2008,11.4
4/30/2008,11.0
5/1/2008,11.4
5/2/2008,11.6
5/3/2008,12.2
5/4/2008,12.5
5/5/2008,12.8
5/6/2008,12.8
5/7/2008,12.8
5/8/2008,12.5
5/9/2008,12.7
5/10/2008,12.7
5/11/2008,12.8
5/12/2008,12.6
5/13/2008,12.7
5/14/2008,13.6
5/15/2008,14.3
5/16/2008,14.2
5/17/2008,14.2
5/18/2008,14.1
5/19/2008,14.1
5/20/2008,13.1
5/21/2008,13.0
5/22/2008,12.8
5/23/2008,12.0
5/24/2008,11.6
5/25/2008,12.0
5/26/2008,12.1
5/27/2008,12.7
5/28/2008,12.8
5/29/2008,13.1
5/30/2008,13.5
5/31/2008,13.5
6/1/2008,13.6
6/2/2008,13.5
6/3/2008,13.7
6/4/2008,13.3
6/5/2008,13.5
6/6/2008,13.4
6/7/2008,13.5
6/8/2008,13.7
6/9/2008,14.2
6/10/2008,13.8
6/11/2008,13.5
6/12/2008,13.8
6/13/2008,14.2
6/14/2008,14.2
6/15/2008,14.3
6/16/2008,14.4
6/17/2008,14.3
6/18/2008,14.0
6/19/2008,14.1
6/20/2008,14.4
6/21/2008,13.7
6/22/2008,13.9
6/23/2008,14.0
6/24/2008,13.9
6/25/2008,13.7
6/26/2008,14.4
6/27/2008,14.8
6/28/2008,14.6
6/29/2008,14.9
6/30/2008,14.8
7/1/2008,14.6
7/2/2008,14.6
7/3/2008,15.0
7/4/2008,15.1
7/5/2008,14.5
7/6/2008,15.3
7/7/2008,15.8
7/8/2008,15.0
7/9/2008,14.6
7/10/2008,15.2
7/11/2008,15.2
7/12/2008,15.5
7/13/2008,16.2
7/14/2008,16.7
7/15/2008,16.8
7/16/2008,16.8
7/17/2008,16.5
7/18/2008,16.4
7/19/2008,16.2
7/20/2008,16.7
7/21/2008,16.7
7/22/2008,15.6
7/23/2008,15.5
7/24/2008,16.3
7/25/2008,16.5
7/26/2008,16.5
7/27/2008,16.9
7/28/2008,17.0
7/29/2008,16.8
7/30/2008,16.7
7/31/2008,17.2
8/1/2008,17.4
8/2/2008,17.4
8/3/2008,17.4
8/4/2008,17.2
8/5/2008,17.1
8/6/2008,17.4
8/7/2008,17.6
8/8/2008,17.6
8/9/2008,16.8
8/10/2008,16.7
8/11/2008,17.3
8/12/2008,17.6
8/13/2008,17.9
8/14/2008,18.1
8/15/2008,18.1
8/16/2008,17.7
8/17/2008,17.5
8/18/2008,17.4
8/19/2008,17.2
8/20/2008,16.7
8/21/2008,17.0
8/22/2008,17.3
8/23/2008,17.3
8/24/2008,17.4
8/25/2008,17.0
8/26/2008,16.7
8/27/2008,16.9
8/28/2008,17.5
8/29/2008,17.4
8/30/2008,17.0
8/31/2008,16.0
9/1/2008,15.3
9/2/2008,15.5
9/3/2008,15.9
9/4/2008,16.2
9/5/2008,16.6
9/6/2008,16.7
9/7/2008,16.7
9/8/2008,16.5
9/9/2008,15.9
9/10/2008,15.7
9/11/2008,15.7
9/12/2008,15.7
9/13/2008,15.9
9/14/2008,15.5
9/15/2008,15.2
9/16/2008,14.8
9/17/2008,14.7
9/18/2008,14.1
9/19/2008,13.6
9/20/2008,13.9
9/21/2008,14.2
9/22/2008,14.2
9/23/2008,13.9
9/24/2008,13.8
9/25/2008,14.1
9/26/2008,13.8
9/27/2008,14.2
9/28/2008,14.0
9/29/2008,14.3
9/30/2008,14.4
10/1/2008,14.0
10/2/2008,14.0
10/3/2008,13.4
10/4/2008,14.2
10/5/2008,13.4
10/6/2008,13.5
10/7/2008,13.5
10/8/2008,13.6
10/9/2008,12.9
10/10/2008,12.1
10/11/2008,11.9
10/12/2008,11.8
10/13/2008,12.4
10/14/2008,13.1
10/15/2008,12.9
10/16/2008,13.2
10/17/2008,13.2
10/18/2008,12.8
10/19/2008,12.8
10/20/2008,12.7
10/21/2008,12.6
10/22/2008,12.4
10/23/2008,12.2
10/24/2008,12.5
10/25/2008,12.4
10/26/2008,12.3
10/27/2008,12.2
10/28/2008,12.2
10/29/2008,12.1
10/30/2008,12.1
10/31/2008,12.7
11/1/2008,12.7
11/2/2008,12.9
11/3/2008,11.9
11/4/2008,11.6
11/5/2008,11.0
11/6/2008,12.0
11/7/2008,11.9
11/8/2008,11.7
11/9/2008,11.4
11/10/2008,11.0
11/11/2008,11.1
11/12/2008,11.5
11/13/2008,11.6
11/14/2008,11.6
11/15/2008,11.5
11/16/2008,11.3
11/17/2008,11.1
11/18/2008,11.1
11/19/2008,11.0
11/20/2008,10.8
11/21/2008,10.6
11/22/2008,10.3
11/23/2008,10.4
11/24/2008,10.4
11/25/2008,11.0
11/26/2008,10.9
11/27/2008,10.5
11/28/2008,10.2
11/29/2008,10.7
11/30/2008,10.7
12/1/2008,10.3
12/2/2008,10.5
12/3/2008,10.0
12/4/2008,9.6
12/5/2008,9.8
12/6/2008,9.5
12/7/2008,9.5
12/8/2008,9.9
12/9/2008,9.5
12/10/2008,9.4
12/11/2008,9.6
12/12/2008,9.5
12/13/2008,8.9
12/14/2008,8.2
12/15/2008,8.5
12/16/2008,8.4
12/17/2008,7.8
12/18/2008,7.9
12/19/2008,8.7
12/20/2008,8.1
12/21/2008,8.8
12/22/2008,8.2
12/23/2008,7.7
12/24/2008,7.8
12/25/2008,7.5
12/26/2008,7.1
12/27/2008,7.8
12/28/2008,7.8
12/29/2008,8.0
12/30/2008,7.4
12/31/2008,7.3
1/1/2009,7.7
1/2/2009,7.6
1/3/2009,6.7
1/4/2009,6.8
1/5/2009,7.5
1/6/2009,7.5
1/7/2009,7.7
1/8/2009,7.7
1/9/2009,7.0
1/10/2009,7.2
1/11/2009,7.5
1/12/2009,8.2
1/13/2009,7.9
1/14/2009,7.6
1/15/2009,7.7
1/16/2009,7.6
1/17/2009,7.5
1/18/2009,7.4
1/19/2009,7.5
1/20/2009,7.4
1/21/2009,7.8
1/22/2009,8.3
1/23/2009,8.4
1/24/2009,8.4
1/25/2009,7.9
1/26/2009,7.2
1/27/2009,6.9
1/28/2009,7.1
1/29/2009,7.6
1/30/2009,7.7
1/31/2009,7.7
2/1/2009,7.8
2/2/2009,7.8
2/3/2009,7.8
2/4/2009,7.9
2/5/2009,7.9
2/6/2009,8.4
2/7/2009,8.1
2/8/2009,7.9
2/9/2009,7.7
2/10/2009,7.0
2/11/2009,7.0
2/12/2009,7.0
2/13/2009,7.1
2/14/2009,7.0
2/15/2009,7.2
2/16/2009,7.2
2/17/2009,7.3
2/18/2009,7.9
2/19/2009,7.7
2/20/2009,7.7
2/21/2009,7.6
2/22/2009,8.2
2/23/2009,9.0
2/24/2009,8.8
2/25/2009,8.3
2/26/2009,8.6
2/27/2009,7.8
2/28/2009,7.9
3/1/2009,8.5
3/2/2009,9.6
3/3/2009,8.8
3/4/2009,8.2
3/5/2009,8.3
3/6/2009,8.0
3/7/2009,8.1
3/8/2009,8.2
3/9/2009,7.6
3/10/2009,7.6
3/11/2009,8.0
3/12/2009,8.4
3/13/2009,8.6
3/14/2009,8.6
3/15/2009,8.6
3/16/2009,9.5
3/17/2009,9.4
3/18/2009,9.6
3/19/2009,10.1
3/20/2009,10.1
3/21/2009,9.4
3/22/2009,9.2
3/23/2009,8.3
3/24/2009,9.1
3/25/2009,9.8
3/26/2009,10.1
3/27/2009,10.4
3/28/2009,10.6
3/29/2009,9.8
3/30/2009,9.3
3/31/2009,10.1
4/1/2009,10.6
4/2/2009,10.6
4/3/2009,10.2
4/4/2009,9.9
4/5/2009,10.0
4/6/2009,10.5
4/7/2009,10.1
4/8/2009,10.0
4/9/2009,9.9
4/10/2009,10.2
4/11/2009,10.6
4/12/2009,11.1
4/13/2009,11.4
4/14/2009,10.3
4/15/2009,10.4
4/16/2009,10.6
4/17/2009,11.3
4/18/2009,12.1
4/19/2009,12.3
4/20/2009,12.6
4/21/2009,12.8
4/22/2009,12.9
4/23/2009,12.5
4/24/2009,11.6
4/25/2009,11.5
4/26/2009,11.7
4/27/2009,11.5
4/28/2009,10.7
4/29/2009,11.1
4/30/2009,11.2
5/1/2009,10.9
5/2/2009,10.8
5/3/2009,11.8
5/4/2009,11.4
5/5/2009,12.8
5/6/2009,12.4
5/7/2009,12.4
5/8/2009,12.6
5/9/2009,13.0
5/10/2009,13.1
5/11/2009,13.2
5/12/2009,12.6
5/13/2009,12.5
5/14/2009,13.0
5/15/2009,13.4
5/16/2009,13.8
5/17/2009,14.0
5/18/2009,14.2
5/19/2009,13.8
5/20/2009,13.6
5/21/2009,13.3
5/22/2009,13.6
5/23/2009,13.9
5/24/2009,13.9
5/25/2009,14.0
5/26/2009,14.1
5/27/2009,14.3
5/28/2009,14.4
5/29/2009,14.4
5/30/2009,14.5
5/31/2009,14.4
6/1/2009,13.9
6/2/2009,13.9
6/3/2009,14.3
6/4/2009,14.7
6/5/2009,13.1
6/6/2009,13.3
6/7/2009,14.5
6/8/2009,14.8
6/9/2009,14.8
6/10/2009,14.7
6/11/2009,14.2
6/12/2009,14.4
6/13/2009,15.0
6/14/2009,15.3
6/15/2009,15.1
6/16/2009,14.7
6/17/2009,15.6
6/18/2009,15.8
6/19/2009,15.8
6/20/2009,15.3
6/21/2009,14.9
6/22/2009,14.9
6/23/2009,15.4
6/24/2009,15.5
6/25/2009,16.2
6/26/2009,16.5
6/27/2009,16.7
6/28/2009,17.0
6/29/2009,16.4
6/30/2009,16.2
7/1/2009,16.0
7/2/2009,16.3
7/3/2009,16.8
7/4/2009,17.1
7/5/2009,17.1
7/6/2009,16.6
7/7/2009,16.1
7/8/2009,16.2
7/9/2009,16.1
7/10/2009,16.2
7/11/2009,16.4
7/12/2009,16.2
7/13/2009,16.3
7/14/2009,16.9
7/15/2009,17.1
7/16/2009,17.2
7/17/2009,17.2
7/18/2009,17.4
7/19/2009,17.6
7/20/2009,17.7
7/21/2009,17.5
7/22/2009,17.4
7/23/2009,17.2
7/24/2009,17.1
7/25/2009,17.0
7/26/2009,17.0
7/27/2009,17.4
7/28/2009,17.6
7/29/2009,17.6
7/30/2009,17.6
7/31/2009,17.4
8/1/2009,17.2
8/2/2009,17.2
8/3/2009,16.8
8/4/2009,16.3
8/5/2009,15.9
8/6/2009,14.9
8/7/2009,15.0
8/8/2009,15.9
8/9/2009,16.2
8/10/2009,16.4
8/11/2009,16.3
8/12/2009,16.4
8/13/2009,16.8
8/14/2009,16.4
8/15/2009,16.1
8/16/2009,16.0
8/17/2009,16.2
8/18/2009,16.4
8/19/2009,16.6
8/20/2009,16.8
8/21/2009,16.8
8/22/2009,16.9
8/23/2009,16.6
8/24/2009,16.0
8/25/2009,15.7
8/26/2009,15.6
8/27/2009,15.7
8/28/2009,15.0
8/29/2009,16.2
8/30/2009,16.5
8/31/2009,16.0
9/1/2009,15.8
9/2/2009,15.9
9/3/2009,16.1
9/4/2009,15.8
9/5/2009,15.4
9/6/2009,15.3
9/7/2009,15.3
9/8/2009,15.3
9/9/2009,15.4
9/10/2009,15.9
9/11/2009,15.9
9/12/2009,15.7
9/13/2009,15.5
9/14/2009,15.8
9/15/2009,15.2
9/16/2009,15.4
9/17/2009,15.4
9/18/2009,15.2
9/19/2009,15.2
9/20/2009,15.2
9/21/2009,14.9
9/22/2009,14.6
9/23/2009,14.8
9/24/2009,14.9
9/25/2009,14.9
9/26/2009,15.0
9/27/2009,14.8
9/28/2009,14.3
9/29/2009,14.0
9/30/2009,13.8
10/1/2009,14.0
10/2/2009,14.2
10/3/2009,13.9
10/4/2009,13.2
10/5/2009,13.4
10/6/2009,13.6
10/7/2009,13.6
10/8/2009,13.6
10/9/2009,13.6
10/10/2009,13.8
10/11/2009,13.6
10/12/2009,13.1
10/13/2009,13.3
10/14/2009,14.1
10/15/2009,14.2
10/16/2009,14.4
10/17/2009,14.5
10/18/2009,14.4
10/19/2009,14.2
10/20/2009,13.6
10/21/2009,13.9
10/22/2009,14.0
10/23/2009,14.4
10/24/2009,14.2
10/25/2009,13.8
10/26/2009,14.0
10/27/2009,12.9
10/28/2009,12.6
10/29/2009,12.9
10/30/2009,13.7
10/31/2009,13.6
11/1/2009,13.8
11/2/2009,13.6
11/3/2009,13.5
11/4/2009,13.4
11/5/2009,13.3
11/6/2009,13.9
11/7/2009,12.9
11/8/2009,12.6
11/9/2009,12.4
11/10/2009,13.1
11/11/2009,13.3
11/12/2009,12.7
11/13/2009,12.3
11/14/2009,12.3
11/15/2009,11.9
11/16/2009,11.6
11/17/2009,11.5
11/18/2009,11.3
11/19/2009,11.2
11/20/2009,11.1
11/21/2009,10.9
11/22/2009,11.6
11/23/2009,11.1
11/24/2009,11.4
11/25/2009,11.3
11/26/2009,11.1
11/27/2009,11.5
11/28/2009,10.5
11/29/2009,10.7
11/30/2009,10.6
12/1/2009,10.4
12/2/2009,10.2
12/3/2009,10.2
12/4/2009,9.8
12/5/2009,9.4
12/6/2009,8.8
12/7/2009,8.7
12/8/2009,8.2
12/9/2009,8.1
12/10/2009,8.3
12/11/2009,9.0
12/12/2009,9.2
12/13/2009,9.3
12/14/2009,9.1
12/15/2009,9.1
12/16/2009,9.0
12/17/2009,9.2
12/18/2009,9.1
12/19/2009,8.9
12/20/2009,8.9
12/21/2009,9.0
12/22/2009,8.0
12/23/2009,7.7
12/24/2009,8.2
12/25/2009,8.1
12/26/2009,8.0
12/27/2009,8.6
12/28/2009,8.1
12/29/2009,7.6
12/30/2009,8.2
12/31/2009,8.2
1/1/2010,8.6
1/2/2010,8.5
1/3/2010,8.1
1/4/2010,8.0
1/5/2010,8.4
1/6/2010,8.5
1/7/2010,8.5
1/8/2010,8.5
1/9/2010,8.4
1/10/2010,8.8
1/11/2010,8.6
1/12/2010,8.7
1/13/2010,9.5
1/14/2010,8.5
1/15/2010,8.4
1/16/2010,8.7
1/17/2010,8.8
1/18/2010,9.5
1/19/2010,9.3
1/20/2010,9.0
1/21/2010,8.9
1/22/2010,8.8
1/23/2010,8.6
1/24/2010,8.7
1/25/2010,8.8
1/26/2010,8.9
1/27/2010,8.6
1/28/2010,8.8
1/29/2010,8.8
1/30/2010,9.1
1/31/2010,8.9
2/1/2010,8.4
2/2/2010,8.4
2/3/2010,9.0
2/4/2010,8.8
2/5/2010,9.7
2/6/2010,9.5
2/7/2010,9.1
2/8/2010,8.8
2/9/2010,9.2
2/10/2010,8.3
2/11/2010,8.9
2/12/2010,9.2
2/13/2010,9.7
2/14/2010,9.1
2/15/2010,9.5
2/16/2010,9.9
2/17/2010,9.6
2/18/2010,9.4
2/19/2010,9.5
2/20/2010,9.7
2/21/2010,9.0
2/22/2010,8.3
2/23/2010,8.0
2/24/2010,8.8
2/25/2010,9.3
2/26/2010,9.5
2/27/2010,9.9
2/28/2010,9.6
3/1/2010,9.5
3/2/2010,9.7
3/3/2010,9.1
3/4/2010,8.5
3/5/2010,9.2
3/6/2010,9.6
3/7/2010,9.8
3/8/2010,9.4
3/9/2010,8.5
3/10/2010,8.7
3/11/2010,9.0
3/12/2010,8.7
3/13/2010,8.4
3/14/2010,8.8
3/15/2010,9.4
3/16/2010,9.6
3/17/2010,10.2
3/18/2010,10.4
3/19/2010,10.1
3/20/2010,10.2
3/21/2010,10.0
3/22/2010,10.0
3/23/2010,10.1
3/24/2010,10.4
3/25/2010,9.9
3/26/2010,9.7
3/27/2010,10.1
3/28/2010,9.8
3/29/2010,10.0
3/30/2010,10.1
3/31/2010,9.3
4/1/2010,9.8
4/2/2010,9.0
4/3/2010,8.9
4/4/2010,8.7
4/5/2010,9.0
4/6/2010,9.7
4/7/2010,10.7
4/8/2010,10.9
4/9/2010,10.6
4/10/2010,10.0
4/11/2010,9.4
4/12/2010,9.3
4/13/2010,10.4
4/14/2010,10.1
4/15/2010,10.6
4/16/2010,11.0
4/17/2010,11.4
4/18/2010,11.6
4/19/2010,11.3
4/20/2010,10.7
4/21/2010,10.8
4/22/2010,11.2
4/23/2010,11.7
4/24/2010,11.9
4/25/2010,11.9
4/26/2010,11.1
4/27/2010,11.7
4/28/2010,10.6
4/29/2010,10.5
4/30/2010,11.2
5/1/2010,11.9
5/2/2010,12.0
5/3/2010,12.2
5/4/2010,11.9
5/5/2010,11.5
5/6/2010,11.4
5/7/2010,11.7
5/8/2010,12.3
5/9/2010,11.9
5/10/2010,11.0
5/11/2010,11.4
5/12/2010,12.3
5/13/2010,12.8
5/14/2010,12.9
5/15/2010,13.2
5/16/2010,13.4
5/17/2010,12.4
5/18/2010,12.4
5/19/2010,11.8
5/20/2010,12.0
5/21/2010,11.6
5/22/2010,10.4
5/23/2010,11.6
5/24/2010,11.5
5/25/2010,11.1
5/26/2010,11.2
5/27/2010,10.9
5/28/2010,11.7
5/29/2010,12.3
5/30/2010,13.1
5/31/2010,13.5
6/1/2010,13.9
6/2/2010,13.4
6/3/2010,13.1
6/4/2010,12.9
6/5/2010,13.5
6/6/2010,14.2
6/7/2010,14.1
6/8/2010,12.8
6/9/2010,12.8
6/10/2010,12.3
6/11/2010,13.0
6/12/2010,13.5
6/13/2010,14.2
6/14/2010,15.4
6/15/2010,15.4
6/16/2010,14.6
6/17/2010,14.6
6/18/2010,14.7
6/19/2010,15.0
6/20/2010,14.9
6/21/2010,15.1
6/22/2010,15.0
6/23/2010,15.5
6/24/2010,15.4
6/25/2010,15.5
6/26/2010,16.1
6/27/2010,16.4
6/28/2010,16.5
6/29/2010,16.2
6/30/2010,15.9
7/1/2010,15.6
7/2/2010,15.6
7/3/2010,15.5
7/4/2010,15.7
7/5/2010,16.0
7/6/2010,16.1
7/7/2010,16.2
7/8/2010,16.2
7/9/2010,16.4
7/10/2010,16.6
7/11/2010,16.4
7/12/2010,16.4
7/13/2010,16.4
7/14/2010,16.5
7/15/2010,16.6
7/16/2010,16.9
7/17/2010,16.9
7/18/2010,16.6
7/19/2010,16.5
7/20/2010,16.5
7/21/2010,16.3
7/22/2010,16.4
7/23/2010,16.8
7/24/2010,16.8
7/25/2010,16.9
7/26/2010,16.9
7/27/2010,16.8
7/28/2010,16.4
7/29/2010,16.0
7/30/2010,16.1
7/31/2010,16.3
8/1/2010,16.5
8/2/2010,16.6
8/3/2010,16.7
8/4/2010,16.8
8/5/2010,17.1
8/6/2010,17.3
8/7/2010,17.4
8/8/2010,17.6
8/9/2010,17.6
8/10/2010,16.8
8/11/2010,16.8
8/12/2010,17.0
8/13/2010,17.1
8/14/2010,17.3
8/15/2010,17.6
8/16/2010,17.6
8/17/2010,17.7
8/18/2010,16.6
8/19/2010,16.3
8/20/2010,16.7
8/21/2010,16.6
8/22/2010,16.5
8/23/2010,16.7
8/24/2010,16.9
8/25/2010,17.1
8/26/2010,17.4
8/27/2010,17.0
8/28/2010,15.4
8/29/2010,15.4
8/30/2010,15.2
8/31/2010,15.6
9/1/2010,16.5
9/2/2010,17.1
9/3/2010,16.8
9/4/2010,16.7
9/5/2010,16.1
9/6/2010,15.9
9/7/2010,15.7
9/8/2010,15.3
9/9/2010,14.9
9/10/2010,15.2
9/11/2010,15.2
9/12/2010,15.3
9/13/2010,15.4
9/14/2010,15.2
9/15/2010,14.7
9/16/2010,14.7
9/17/2010,14.4
9/18/2010,14.8
9/19/2010,14.2
9/20/2010,14.3
9/21/2010,14.1
9/22/2010,14.2
9/23/2010,14.2
9/24/2010,14.3
9/25/2010,14.3
9/26/2010,14.4
9/27/2010,14.8
9/28/2010,14.7
9/29/2010,15.0
9/30/2010,15.0
10/1/2010,15.2
10/2/2010,15.0
10/3/2010,15.0
10/4/2010,14.5
10/5/2010,14.4
10/6/2010,14.9
10/7/2010,14.6
10/8/2010,14.2
10/9/2010,14.5
10/10/2010,14.9
10/11/2010,14.6
10/12/2010,14.1
10/13/2010,14.0
10/14/2010,13.8
10/15/2010,14.1
10/16/2010,14.0
10/17/2010,13.4
10/18/2010,13.8
10/19/2010,13.5
10/20/2010,13.4
10/21/2010,13.6
10/22/2010,13.4
10/23/2010,12.9
10/24/2010,13.3
10/25/2010,12.6
10/26/2010,12.2
10/27/2010,11.8
10/28/2010,12.3
10/29/2010,12.8
10/30/2010,12.8
10/31/2010,12.9
11/1/2010,12.8
11/2/2010,13.0
11/3/2010,12.8
11/4/2010,12.9
11/5/2010,13.1
11/6/2010,13.1
11/7/2010,13.1
11/8/2010,11.7
11/9/2010,11.4
11/10/2010,11.9
11/11/2010,11.5
11/12/2010,11.7
11/13/2010,12.0
11/14/2010,12.5
11/15/2010,12.7
11/16/2010,12.2
11/17/2010,11.6
11/18/2010,11.6
11/19/2010,11.8
11/20/2010,10.9
11/21/2010,10.6
11/22/2010,10.9
11/23/2010,10.7
11/24/2010,9.6
11/25/2010,9.8
11/26/2010,9.8
11/27/2010,9.9
11/28/2010,9.1
11/29/2010,9.1
11/30/2010,9.8
12/1/2010,10.2
12/2/2010,10.1
12/3/2010,10.0
12/4/2010,10.0
12/5/2010,10.3
12/6/2010,10.4
12/7/2010,10.4
12/8/2010,10.4
12/9/2010,10.8
12/10/2010,11.0
12/11/2010,11.0
12/12/2010,10.3
12/13/2010,10.5
12/14/2010,10.6
12/15/2010,9.2
12/16/2010,8.6
12/17/2010,8.5
12/18/2010,9.6
12/19/2010,9.8
12/20/2010,9.1
12/21/2010,9.1
12/22/2010,9.7
12/23/2010,9.2
12/24/2010,9.5
12/25/2010,9.6
12/26/2010,9.5
12/27/2010,9.3
12/28/2010,9.3
12/29/2010,9.2
12/30/2010,7.8
12/31/2010,7.6
1/1/2011,8.1
1/2/2011,8.8
1/3/2011,8.0
1/4/2011,7.5
1/5/2011,7.5
1/6/2011,7.2
1/7/2011,7.0
1/8/2011,6.9
1/9/2011,6.5
1/10/2011,6.3
1/11/2011,6.8
1/12/2011,7.4
1/13/2011,7.9
1/14/2011,8.0
1/15/2011,8.2
1/16/2011,8.5
1/17/2011,8.4
1/18/2011,8.1
1/19/2011,7.7
1/20/2011,7.6
1/21/2011,7.7
1/22/2011,8.0
1/23/2011,7.7
1/24/2011,7.9
1/25/2011,7.9
1/26/2011,8.0
1/27/2011,7.7
1/28/2011,7.5
1/29/2011,7.4
1/30/2011,7.8
1/31/2011,7.5
2/1/2011,7.5
2/2/2011,7.2
2/3/2011,7.5
2/4/2011,8.0
2/5/2011,8.5
2/6/2011,8.4
2/7/2011,8.3
2/8/2011,7.5
2/9/2011,7.5
2/10/2011,7.5
2/11/2011,7.7
2/12/2011,7.8
2/13/2011,7.7
2/14/2011,7.5
2/15/2011,8.3
2/16/2011,7.9
2/17/2011,6.7
2/18/2011,7.3
2/19/2011,7.5
2/20/2011,7.3
2/21/2011,7.6
2/22/2011,7.2
2/23/2011,7.4
2/24/2011,7.2
2/25/2011,7.4
2/26/2011,7.0
2/27/2011,7.0
2/28/2011,7.2
3/1/2011,7.7
3/2/2011,7.9
3/3/2011,8.4
3/4/2011,8.4
3/5/2011,8.8
3/6/2011,8.9
3/7/2011,8.7
3/8/2011,8.6
3/9/2011,8.8
3/10/2011,9.1
3/11/2011,8.9
3/12/2011,8.6
3/13/2011,8.6
3/14/2011,8.9
3/15/2011,9.3
3/16/2011,9.7
3/17/2011,8.5
3/18/2011,8.6
3/19/2011,8.3
3/20/2011,8.4
3/21/2011,9.0
3/22/2011,8.9
3/23/2011,8.8
3/24/2011,8.6
3/25/2011,8.8
3/26/2011,9.0
3/27/2011,8.8
3/28/2011,9.1
3/29/2011,9.6
3/30/2011,10.5
3/31/2011,10.9
4/1/2011,11.0
4/2/2011,10.9
4/3/2011,9.6
4/4/2011,10.2
4/5/2011,10.6
4/6/2011,10.1
4/7/2011,8.9
4/8/2011,8.8
4/9/2011,9.4
4/10/2011,9.8
4/11/2011,10.4
4/12/2011,10.6
4/13/2011,9.9
4/14/2011,9.8
4/15/2011,10.1
4/16/2011,11.0
4/17/2011,10.9
4/18/2011,10.9
4/19/2011,11.0
4/20/2011,10.4
4/21/2011,10.7
4/22/2011,10.5
4/23/2011,10.4
4/24/2011,11.3
4/25/2011,11.1
4/26/2011,10.7
4/27/2011,11.3
4/28/2011,10.9
4/29/2011,10.4
4/30/2011,10.7
5/1/2011,11.1
5/2/2011,11.6
5/3/2011,11.9
5/4/2011,12.0
5/5/2011,12.3
5/6/2011,12.5
5/7/2011,11.7
5/8/2011,11.7
5/9/2011,11.6
5/10/2011,12.0
5/11/2011,12.0
5/12/2011,12.6
5/13/2011,12.6
5/14/2011,11.5
5/15/2011,10.2
5/16/2011,10.5
5/17/2011,10.3
5/18/2011,11.7
5/19/2011,12.4
5/20/2011,13.0
5/21/2011,13.5
5/22/2011,13.1
5/23/2011,11.7
5/24/2011,11.1
5/25/2011,10.6
5/26/2011,10.9
5/27/2011,11.5
5/28/2011,11.0
5/29/2011,11.8
5/30/2011,11.5
5/31/2011,11.5
6/1/2011,11.6
6/2/2011,11.8
6/3/2011,11.5
6/4/2011,11.7
6/5/2011,12.9
6/6/2011,12.1
6/7/2011,12.0
6/8/2011,12.2
6/9/2011,12.3
6/10/2011,12.8
6/11/2011,12.7
6/12/2011,13.8
6/13/2011,15.0
6/14/2011,15.5
6/15/2011,15.3
6/16/2011,14.8
6/17/2011,14.9
6/18/2011,15.1
6/19/2011,15.5
6/20/2011,15.9
6/21/2011,16.3
6/22/2011,16.6
6/23/2011,16.2
6/24/2011,16.2
6/25/2011,16.1
6/26/2011,16.3
6/27/2011,16.4
6/28/2011,14.9
6/29/2011,15.4
6/30/2011,15.3
7/1/2011,15.8
7/2/2011,16.0
7/3/2011,16.4
7/4/2011,16.3
7/5/2011,16.4
7/6/2011,16.5
7/7/2011,17.1
7/8/2011,17.0
7/9/2011,16.9
7/10/2011,16.8
7/11/2011,16.6
7/12/2011,16.5
7/13/2011,16.1
7/14/2011,16.1
7/15/2011,15.9
7/16/2011,16.1
7/17/2011,15.8
7/18/2011,14.4
7/19/2011,15.5
7/20/2011,16.3
7/21/2011,16.5
7/22/2011,16.7
7/23/2011,16.7
7/24/2011,16.5
7/25/2011,16.2
7/26/2011,16.2
7/27/2011,16.3
7/28/2011,16.5
7/29/2011,16.7
7/30/2011,16.9
7/31/2011,16.9
8/1/2011,16.8
8/2/2011,16.4
8/3/2011,16.1
8/4/2011,16.8
8/5/2011,16.1
8/6/2011,16.2
8/7/2011,16.2
8/8/2011,16.2
8/9/2011,16.3
8/10/2011,16.3
8/11/2011,16.3
8/12/2011,16.4
8/13/2011,16.3
8/14/2011,16.2
8/15/2011,15.9
8/16/2011,15.8
8/17/2011,16.0
8/18/2011,16.2
8/19/2011,16.5
8/20/2011,16.3
8/21/2011,15.7
8/22/2011,15.5
8/23/2011,15.7
8/24/2011,15.5
8/25/2011,15.7
8/26/2011,15.7
8/27/2011,15.9
8/28/2011,15.7
8/29/2011,15.8
8/30/2011,15.9
8/31/2011,15.7
9/1/2011,15.5
9/2/2011,15.4
9/3/2011,15.5
9/4/2011,15.5
9/5/2011,15.5
9/6/2011,15.3
9/7/2011,15.2
9/8/2011,15.5
9/9/2011,15.9
9/10/2011,15.9
9/11/2011,15.4
9/12/2011,15.8
9/13/2011,16.1
9/14/2011,16.0
9/15/2011,15.2
9/16/2011,15.0
9/17/2011,14.3
9/18/2011,14.3
9/19/2011,14.4
9/20/2011,14.4
9/21/2011,14.4
9/22/2011,14.5
9/23/2011,14.5
9/24/2011,14.6
9/25/2011,14.1
9/26/2011,14.3
9/27/2011,14.4
9/28/2011,14.7
9/29/2011,14.6
9/30/2011,14.6
10/1/2011,13.8
