"Hydraulic data input file for inSALMO, Clear Creek site NorthStateRiffle",,,,,,,,,,,,,,,,,,,,,,,,,,,,,,,,,,,,,,,,,,,,,,,,,,,,
Created from USFWS Clear Creek River2D data,From J. White 12/4/2012,,,12/4/2012 10:04,,,,,,,,,,,,,,,,,,,,,,,,,,,,,,,,,,,,,,,,,,,,,,,,
flows,1.42,,2.12,,2.83,,3.54,,4.25,,4.96,,5.66,,6.37,,7.08,,7.79,,8.5,,9.91,,11.33,,12.74,,14.16,,15.57,,16.99,,18.41,,19.82,,21.24,,22.65,,24.07,,25.5,,56.63,,141.6,,1416,
poly-id,depth@50,veloc@50,depth@075,veloc@075,depth@100,veloc@100,depth@125,veloc@125,depth@150,veloc@150,depth@175,veloc@175,depth@200,veloc@200,depth@225,veloc@225,depth@250,veloc@250,depth@275,veloc@275,depth@300,veloc@300,depth@350,veloc@350,depth@400,veloc@400,depth@450,veloc@450,depth@500,veloc@500,depth@550,veloc@550,depth@600,veloc@600,depth@650,veloc@650,depth@700,veloc@700,depth@750,veloc@750,depth@800,veloc@800,depth@850,veloc@850,depth@900,veloc@900,depth@2000,veloc@2000,depth@5000,veloc@5000,depth@50000,veloc@50000
1,0,0,0,0,0,0,0,0,0,0,0,0,0.01,0,0.04,0,0.08,0.02,0.11,0.16,0.11,0.27,0.13,0.45,0.14,0.63,0.16,0.76,0.18,0.88,0.2,0.99,0.22,1.1,0.23,1.19,0.25,1.26,0.28,1.32,0.3,1.36,0.32,1.38,0.34,1.4,0.96,1.4,1.87,1.77,8.15,3.16
2,0,0,0.01,0,0.03,0,0.04,0.01,0.06,0.01,0.08,0.01,0.09,0.03,0.11,0.09,0.13,0.13,0.14,0.17,0.16,0.2,0.19,0.26,0.22,0.35,0.25,0.47,0.28,0.56,0.3,0.61,0.33,0.68,0.35,0.75,0.37,0.82,0.4,0.9,0.42,0.97,0.44,1.04,0.46,1.1,1.11,1.33,2.02,1.81,8.36,3.69
3,0,0,0,0,0,0,0,0,0,0,0,0,0,0,0,0,0.03,0,0.06,0.01,0.07,0.04,0.09,0.2,0.1,0.42,0.12,0.69,0.14,0.82,0.16,0.93,0.18,1.03,0.2,1.12,0.22,1.19,0.25,1.26,0.27,1.3,0.29,1.34,0.31,1.37,0.93,1.47,1.84,1.94,8.13,3.91
4,0,0,0,0,0,0,0.01,0,0.02,0,0.03,0.01,0.04,0.01,0.06,0.01,0.07,0.03,0.08,0.06,0.09,0.13,0.12,0.32,0.14,0.52,0.17,0.7,0.19,0.82,0.22,0.91,0.24,0.99,0.26,1.07,0.28,1.13,0.31,1.18,0.33,1.23,0.35,1.27,0.37,1.31,0.98,1.49,1.89,2.03,8.17,4.49
5,0,0,0.01,0,0.02,0,0.03,0,0.04,0.01,0.05,0.01,0.06,0.01,0.08,0.02,0.1,0.02,0.12,0.07,0.14,0.12,0.17,0.2,0.19,0.28,0.22,0.29,0.24,0.37,0.27,0.45,0.29,0.51,0.31,0.54,0.34,0.58,0.36,0.62,0.38,0.66,0.4,0.71,0.42,0.75,1.08,1.17,2,1.47,8.33,2.49
6,0.04,0.01,0.07,0.03,0.1,0.08,0.12,0.12,0.14,0.18,0.16,0.26,0.17,0.34,0.18,0.34,0.2,0.41,0.21,0.49,0.22,0.58,0.24,0.74,0.27,0.85,0.3,0.94,0.33,1.02,0.35,1.08,0.37,1.14,0.4,1.19,0.42,1.24,0.44,1.29,0.46,1.33,0.48,1.36,0.5,1.39,1.12,1.52,2.02,2.08,8.31,4.91
7,0.04,0.01,0.07,0.05,0.1,0.14,0.12,0.26,0.14,0.34,0.15,0.45,0.17,0.58,0.18,0.71,0.19,0.78,0.2,0.82,0.22,0.84,0.24,0.85,0.27,0.87,0.3,0.9,0.33,0.93,0.36,0.96,0.38,1,0.41,1.03,0.43,1.07,0.45,1.11,0.48,1.14,0.5,1.18,0.52,1.21,1.16,1.41,2.07,1.97,8.41,4.58
8,0.07,0.11,0.1,0.32,0.12,0.46,0.15,0.58,0.17,0.65,0.19,0.71,0.2,0.76,0.23,0.8,0.25,0.82,0.26,0.84,0.28,0.86,0.32,0.89,0.35,0.9,0.38,0.92,0.41,0.94,0.43,0.96,0.46,0.98,0.48,1,0.51,1.02,0.53,1.05,0.55,1.08,0.58,1.11,0.6,1.14,1.24,1.36,2.15,1.91,8.5,4.28
9,0.02,0.01,0.03,0.01,0.06,0.02,0.08,0.01,0.11,0.01,0.12,0.02,0.14,0.02,0.17,0.02,0.19,0.02,0.21,0.02,0.23,0.04,0.26,0.1,0.29,0.11,0.32,0.06,0.35,0.07,0.38,0.1,0.4,0.12,0.43,0.12,0.45,0.13,0.48,0.13,0.5,0.14,0.52,0.16,0.54,0.18,1.18,0.99,2.1,1.33,8.46,2.36
10,0.15,0.05,0.2,0.05,0.25,0.04,0.28,0.04,0.3,0.04,0.32,0.04,0.34,0.03,0.37,0.03,0.39,0.03,0.41,0.08,0.43,0.12,0.47,0.21,0.5,0.27,0.53,0.3,0.55,0.36,0.58,0.43,0.6,0.48,0.63,0.52,0.65,0.56,0.68,0.6,0.7,0.64,0.72,0.68,0.74,0.73,1.39,1.18,2.3,1.53,8.66,2.74
11,0.17,0.04,0.23,0.04,0.27,0.04,0.3,0.03,0.33,0.03,0.35,0.03,0.37,0.04,0.4,0.07,0.42,0.05,0.44,0.06,0.46,0.08,0.49,0.15,0.52,0.21,0.55,0.24,0.58,0.26,0.61,0.31,0.63,0.33,0.66,0.35,0.68,0.36,0.71,0.38,0.73,0.39,0.75,0.4,0.77,0.42,1.42,1.02,2.33,1.4,8.68,2.64
12,0.35,0.04,0.41,0.04,0.45,0.04,0.48,0.03,0.51,0.03,0.53,0.03,0.55,0.05,0.57,0.1,0.6,0.09,0.62,0.08,0.63,0.1,0.67,0.14,0.7,0.21,0.73,0.31,0.76,0.38,0.79,0.43,0.81,0.48,0.84,0.52,0.86,0.56,0.89,0.6,0.91,0.64,0.93,0.69,0.95,0.73,1.6,1.11,2.51,1.51,8.87,2.93
13,0.23,0.05,0.29,0.02,0.33,0.03,0.36,0.02,0.39,0.02,0.41,0.02,0.43,0.04,0.45,0.09,0.48,0.11,0.5,0.1,0.52,0.12,0.55,0.13,0.58,0.19,0.61,0.32,0.64,0.41,0.67,0.47,0.69,0.54,0.72,0.6,0.74,0.66,0.77,0.73,0.79,0.79,0.81,0.85,0.83,0.92,1.48,1.2,2.39,1.61,8.74,3.12
14,0.17,0.04,0.22,0.03,0.26,0.05,0.3,0.05,0.32,0.06,0.34,0.07,0.36,0.08,0.39,0.13,0.41,0.2,0.43,0.28,0.45,0.3,0.48,0.31,0.51,0.31,0.54,0.34,0.57,0.39,0.6,0.44,0.63,0.49,0.65,0.56,0.67,0.62,0.7,0.7,0.72,0.76,0.75,0.83,0.77,0.89,1.41,1.24,2.32,1.69,8.67,3.37
15,0.21,0.09,0.26,0.08,0.3,0.08,0.34,0.05,0.36,0.05,0.38,0.05,0.4,0.06,0.43,0.12,0.45,0.18,0.47,0.22,0.49,0.24,0.52,0.28,0.55,0.33,0.58,0.4,0.61,0.45,0.64,0.5,0.66,0.55,0.69,0.59,0.71,0.63,0.74,0.67,0.76,0.71,0.78,0.74,0.8,0.77,1.44,1.15,2.35,1.54,8.71,2.92
16,0.03,0.01,0.06,0.02,0.09,0.02,0.11,0.02,0.12,0.02,0.15,0.02,0.17,0.02,0.19,0.02,0.22,0.02,0.24,0.02,0.25,0.02,0.29,0.03,0.32,0.06,0.35,0.1,0.38,0.16,0.4,0.22,0.43,0.25,0.45,0.27,0.48,0.28,0.5,0.28,0.53,0.28,0.55,0.27,0.57,0.28,1.21,0.92,2.12,1.33,8.48,2.52
17,0.01,0.01,0.04,0.02,0.06,0.03,0.08,0.03,0.1,0.03,0.11,0.04,0.13,0.04,0.14,0.04,0.16,0.04,0.17,0.05,0.19,0.06,0.22,0.07,0.25,0.09,0.28,0.13,0.31,0.21,0.34,0.3,0.36,0.37,0.39,0.43,0.41,0.47,0.43,0.49,0.46,0.51,0.48,0.52,0.5,0.53,1.14,1.04,2.05,1.43,8.4,2.76
18,0.19,0.07,0.24,0.08,0.28,0.1,0.32,0.09,0.34,0.1,0.36,0.1,0.38,0.11,0.41,0.16,0.43,0.2,0.45,0.24,0.47,0.25,0.5,0.28,0.53,0.31,0.56,0.37,0.59,0.44,0.61,0.51,0.64,0.56,0.66,0.59,0.69,0.62,0.71,0.65,0.73,0.68,0.75,0.7,0.78,0.73,1.42,1.08,2.33,1.47,8.68,2.83
19,0.21,0.07,0.26,0.1,0.31,0.13,0.34,0.17,0.36,0.2,0.39,0.22,0.41,0.24,0.43,0.3,0.45,0.34,0.47,0.39,0.49,0.41,0.52,0.44,0.55,0.45,0.58,0.48,0.61,0.52,0.64,0.56,0.66,0.61,0.68,0.66,0.71,0.71,0.73,0.76,0.76,0.81,0.78,0.86,0.8,0.9,1.44,1.21,2.35,1.63,8.7,3.18
20,0.16,0.08,0.21,0.13,0.25,0.22,0.29,0.33,0.31,0.37,0.33,0.4,0.35,0.44,0.38,0.49,0.4,0.52,0.41,0.55,0.43,0.57,0.46,0.59,0.49,0.6,0.52,0.61,0.55,0.63,0.58,0.66,0.6,0.69,0.63,0.73,0.65,0.77,0.68,0.82,0.7,0.87,0.72,0.91,0.74,0.96,1.39,1.23,2.3,1.67,8.64,3.34
21,0.17,0.04,0.22,0.1,0.26,0.19,0.29,0.29,0.31,0.35,0.33,0.4,0.35,0.43,0.38,0.47,0.4,0.5,0.41,0.53,0.43,0.55,0.46,0.56,0.5,0.56,0.52,0.57,0.55,0.59,0.58,0.63,0.6,0.68,0.63,0.72,0.66,0.75,0.68,0.79,0.7,0.82,0.72,0.85,0.74,0.87,1.4,1.06,2.31,1.47,8.65,3.04
22,0.01,0,0.03,0.02,0.05,0.03,0.06,0.04,0.08,0.04,0.1,0.06,0.12,0.06,0.14,0.09,0.16,0.11,0.17,0.13,0.19,0.16,0.22,0.16,0.25,0.17,0.28,0.19,0.31,0.23,0.34,0.31,0.36,0.4,0.39,0.52,0.41,0.63,0.44,0.66,0.46,0.68,0.48,0.7,0.5,0.72,1.16,1.01,2.06,1.42,8.4,2.95
23,0.02,0.01,0.05,0.02,0.08,0.04,0.1,0.1,0.12,0.15,0.14,0.23,0.16,0.29,0.18,0.32,0.19,0.34,0.21,0.35,0.23,0.36,0.26,0.36,0.29,0.36,0.32,0.36,0.35,0.37,0.38,0.39,0.4,0.41,0.43,0.45,0.45,0.51,0.48,0.59,0.5,0.67,0.52,0.74,0.54,0.78,1.21,0.99,2.13,1.36,8.52,2.79
24,0.24,0.38,0.28,0.5,0.31,0.6,0.34,0.68,0.36,0.74,0.38,0.81,0.39,0.86,0.41,0.92,0.42,0.98,0.43,1.03,0.45,1.07,0.47,1.14,0.5,1.18,0.53,1.22,0.56,1.27,0.58,1.3,0.6,1.34,0.63,1.37,0.65,1.4,0.67,1.44,0.69,1.47,0.71,1.49,0.73,1.52,1.34,1.59,2.24,2.14,8.5,5.28
25,0.34,0.53,0.38,0.61,0.42,0.69,0.44,0.77,0.46,0.83,0.48,0.88,0.5,0.93,0.52,1.01,0.53,1.05,0.55,1.1,0.56,1.13,0.59,1.17,0.62,1.21,0.64,1.25,0.67,1.29,0.7,1.33,0.72,1.36,0.74,1.4,0.76,1.43,0.79,1.46,0.81,1.49,0.83,1.51,0.85,1.54,1.44,1.62,2.33,2.17,8.58,5.48
26,0.31,0.51,0.35,0.58,0.38,0.66,0.41,0.75,0.43,0.81,0.45,0.86,0.47,0.91,0.49,0.98,0.5,1.02,0.52,1.05,0.53,1.08,0.56,1.12,0.59,1.17,0.62,1.21,0.64,1.25,0.67,1.29,0.69,1.33,0.71,1.36,0.74,1.39,0.76,1.43,0.78,1.46,0.8,1.48,0.82,1.51,1.4,1.62,2.29,2.18,8.5,5.59
27,0.31,0.58,0.36,0.65,0.39,0.74,0.41,0.82,0.43,0.88,0.45,0.93,0.47,0.98,0.48,1.05,0.5,1.1,0.51,1.14,0.52,1.18,0.55,1.24,0.58,1.28,0.6,1.32,0.63,1.36,0.66,1.4,0.68,1.43,0.7,1.46,0.72,1.49,0.75,1.52,0.77,1.54,0.79,1.57,0.81,1.59,1.42,1.61,2.31,2.14,8.59,5.42
28,0.24,0.39,0.28,0.48,0.31,0.56,0.34,0.64,0.36,0.7,0.38,0.75,0.4,0.8,0.42,0.87,0.43,0.92,0.45,0.96,0.46,0.99,0.49,1.05,0.52,1.1,0.54,1.14,0.57,1.19,0.59,1.23,0.62,1.27,0.64,1.3,0.66,1.34,0.68,1.37,0.7,1.4,0.73,1.43,0.74,1.45,1.33,1.51,2.23,2.08,8.45,5.54
29,0.19,0.45,0.23,0.63,0.25,0.75,0.27,0.85,0.29,0.92,0.3,0.97,0.32,1.02,0.34,1.07,0.35,1.11,0.36,1.13,0.38,1.16,0.41,1.2,0.43,1.23,0.46,1.25,0.49,1.29,0.52,1.31,0.54,1.33,0.57,1.36,0.59,1.38,0.61,1.41,0.64,1.43,0.66,1.45,0.68,1.48,1.32,1.5,2.22,2.05,8.56,4.97
30,0.27,0.65,0.31,0.76,0.33,0.87,0.35,0.94,0.37,1,0.39,1.05,0.4,1.1,0.42,1.14,0.44,1.18,0.45,1.21,0.46,1.24,0.49,1.29,0.52,1.33,0.55,1.36,0.58,1.39,0.6,1.42,0.63,1.45,0.65,1.47,0.67,1.5,0.7,1.52,0.72,1.54,0.74,1.57,0.76,1.59,1.39,1.57,2.3,2.09,8.63,5.24
31,0.22,0.47,0.26,0.6,0.28,0.71,0.3,0.8,0.32,0.86,0.34,0.91,0.36,0.96,0.37,1.01,0.39,1.05,0.4,1.09,0.42,1.12,0.45,1.17,0.47,1.22,0.5,1.25,0.53,1.29,0.56,1.32,0.58,1.35,0.6,1.38,0.63,1.41,0.65,1.44,0.67,1.47,0.7,1.49,0.72,1.51,1.34,1.51,2.25,2.03,8.58,5.29
32,0.18,0.57,0.2,0.73,0.22,0.81,0.25,0.87,0.26,0.91,0.28,0.96,0.3,1,0.32,1.03,0.34,1.06,0.35,1.08,0.37,1.11,0.4,1.15,0.43,1.19,0.46,1.22,0.49,1.25,0.52,1.28,0.54,1.31,0.57,1.33,0.59,1.36,0.62,1.38,0.64,1.41,0.66,1.43,0.68,1.45,1.33,1.48,2.24,2.02,8.58,4.85
33,0.24,0.68,0.26,0.81,0.29,0.88,0.31,0.94,0.32,0.99,0.34,1.03,0.36,1.07,0.38,1.11,0.39,1.13,0.41,1.16,0.43,1.18,0.46,1.22,0.49,1.26,0.52,1.29,0.55,1.33,0.57,1.36,0.6,1.39,0.62,1.42,0.65,1.44,0.67,1.47,0.69,1.49,0.72,1.52,0.74,1.54,1.39,1.53,2.29,2.06,8.63,5.14
34,0.2,0.54,0.23,0.65,0.25,0.73,0.27,0.78,0.29,0.82,0.31,0.87,0.32,0.91,0.34,0.94,0.36,0.97,0.37,1,0.39,1.03,0.42,1.08,0.45,1.13,0.48,1.17,0.51,1.22,0.54,1.25,0.56,1.29,0.59,1.32,0.61,1.35,0.64,1.39,0.66,1.41,0.68,1.44,0.7,1.47,1.35,1.49,2.26,2.02,8.59,5.25
35,0.16,0.19,0.19,0.31,0.22,0.43,0.24,0.52,0.25,0.59,0.27,0.64,0.29,0.69,0.3,0.74,0.32,0.79,0.33,0.83,0.35,0.86,0.38,0.93,0.41,0.97,0.44,1.01,0.47,1.05,0.5,1.08,0.53,1.12,0.55,1.15,0.57,1.19,0.6,1.22,0.62,1.25,0.64,1.27,0.66,1.3,1.3,1.36,2.2,1.92,8.54,5.19
36,0.16,0.23,0.21,0.35,0.24,0.43,0.27,0.51,0.29,0.56,0.31,0.62,0.33,0.67,0.35,0.73,0.37,0.77,0.38,0.81,0.4,0.84,0.43,0.9,0.45,0.96,0.48,1.01,0.5,1.06,0.53,1.1,0.55,1.13,0.57,1.17,0.59,1.2,0.62,1.23,0.64,1.26,0.66,1.28,0.68,1.31,1.26,1.35,2.15,1.96,8.33,5.5
37,0.16,0.18,0.21,0.33,0.24,0.42,0.27,0.5,0.29,0.56,0.31,0.61,0.33,0.67,0.35,0.72,0.37,0.76,0.38,0.79,0.4,0.82,0.43,0.88,0.45,0.94,0.47,0.99,0.5,1.04,0.52,1.07,0.55,1.11,0.57,1.14,0.59,1.16,0.61,1.19,0.63,1.21,0.65,1.23,0.67,1.25,1.25,1.25,2.14,1.87,8.29,5.31
38,0.19,0.06,0.23,0.26,0.27,0.36,0.29,0.44,0.32,0.5,0.34,0.54,0.36,0.6,0.38,0.66,0.4,0.7,0.41,0.73,0.43,0.76,0.46,0.81,0.48,0.85,0.51,0.9,0.53,0.93,0.56,0.97,0.58,1,0.6,1.02,0.62,1.05,0.64,1.07,0.66,1.09,0.68,1.11,0.7,1.13,1.27,1.18,2.14,1.88,8.1,5.48
39,0.15,0.04,0.19,0.12,0.23,0.17,0.25,0.21,0.28,0.24,0.3,0.25,0.32,0.3,0.34,0.36,0.36,0.37,0.37,0.4,0.39,0.42,0.41,0.46,0.44,0.52,0.46,0.56,0.49,0.59,0.51,0.63,0.53,0.67,0.56,0.71,0.58,0.75,0.6,0.8,0.62,0.84,0.64,0.87,0.66,0.9,1.23,1.06,2.09,1.78,7.95,5.38
40,0.09,0.03,0.13,0.34,0.16,0.43,0.19,0.52,0.21,0.58,0.23,0.62,0.25,0.68,0.27,0.75,0.28,0.78,0.3,0.81,0.31,0.84,0.34,0.89,0.36,0.93,0.39,0.97,0.41,1.01,0.43,1.05,0.46,1.08,0.48,1.11,0.5,1.14,0.52,1.17,0.54,1.19,0.56,1.21,0.58,1.23,1.17,1.2,2.04,1.86,8.04,5.28
41,0.02,0.01,0.05,0.02,0.07,0.05,0.09,0.09,0.11,0.1,0.13,0.11,0.14,0.11,0.16,0.13,0.18,0.13,0.19,0.14,0.2,0.16,0.23,0.2,0.25,0.26,0.27,0.29,0.29,0.31,0.31,0.33,0.33,0.37,0.35,0.42,0.38,0.47,0.4,0.52,0.42,0.57,0.44,0.63,0.46,0.68,1.04,0.98,1.92,1.64,8.01,4.62
42,0.14,0.1,0.18,0.23,0.22,0.31,0.24,0.39,0.26,0.44,0.28,0.49,0.3,0.54,0.32,0.6,0.34,0.63,0.35,0.67,0.37,0.7,0.4,0.76,0.42,0.82,0.44,0.87,0.47,0.92,0.49,0.95,0.51,0.98,0.54,1.01,0.56,1.04,0.58,1.07,0.6,1.09,0.62,1.11,0.64,1.13,1.23,1.13,2.13,1.69,8.35,4.79
43,0.19,0.09,0.23,0.11,0.26,0.15,0.29,0.24,0.31,0.3,0.33,0.34,0.35,0.37,0.37,0.41,0.39,0.44,0.4,0.47,0.42,0.5,0.44,0.57,0.47,0.64,0.49,0.69,0.52,0.73,0.54,0.77,0.56,0.8,0.58,0.84,0.6,0.87,0.62,0.9,0.64,0.94,0.66,0.96,0.68,0.99,1.28,1.01,2.19,1.49,8.53,4.27
44,0.14,0.04,0.19,0.03,0.22,0.05,0.25,0.07,0.27,0.08,0.29,0.09,0.3,0.1,0.32,0.12,0.34,0.12,0.36,0.14,0.37,0.14,0.4,0.17,0.42,0.22,0.44,0.26,0.47,0.3,0.49,0.33,0.51,0.37,0.53,0.4,0.55,0.42,0.57,0.44,0.59,0.48,0.61,0.51,0.63,0.54,1.24,0.87,2.15,1.37,8.48,4
45,0.01,0,0.01,0,0.03,0.01,0.04,0.01,0.05,0.02,0.07,0.03,0.09,0.04,0.11,0.05,0.12,0.06,0.14,0.08,0.15,0.1,0.18,0.15,0.2,0.18,0.22,0.21,0.25,0.24,0.27,0.26,0.29,0.28,0.31,0.29,0.33,0.29,0.35,0.3,0.37,0.32,0.39,0.34,0.41,0.35,1.01,0.53,1.93,1.18,8.35,3.35
46,0,0,0,0,0,0,0,0,0,0,0.01,0,0.02,0,0.05,0,0.07,0.02,0.1,0.09,0.12,0.17,0.13,0.36,0.15,0.54,0.18,0.59,0.21,0.67,0.23,0.77,0.25,0.82,0.28,0.81,0.3,0.8,0.33,0.79,0.35,0.8,0.37,0.8,0.39,0.8,1.01,0.72,1.92,1.28,8.4,3.39
47,0.01,0,0.02,0.01,0.03,0.01,0.04,0.03,0.06,0.04,0.07,0.05,0.09,0.07,0.1,0.1,0.12,0.14,0.14,0.23,0.15,0.31,0.17,0.52,0.2,0.73,0.22,0.83,0.25,0.88,0.28,0.92,0.3,0.94,0.32,0.97,0.35,0.99,0.37,1.01,0.39,1.03,0.41,1.04,0.43,1.06,1.05,1.02,1.96,1.5,8.39,4.05
48,0,0,0,0,0,0,0,0,0,0,0,0,0,0,0.01,0,0.02,0,0.05,0.02,0.06,0.03,0.08,0.08,0.1,0.35,0.12,0.7,0.15,0.77,0.17,0.82,0.19,0.86,0.21,0.87,0.24,0.88,0.26,0.89,0.28,0.91,0.3,0.92,0.32,0.93,0.93,0.88,1.85,1.37,8.31,3.65
49,0.06,0.02,0.09,0.08,0.11,0.16,0.13,0.24,0.15,0.37,0.16,0.52,0.18,0.64,0.19,0.76,0.21,0.86,0.23,0.93,0.24,0.98,0.27,1.03,0.3,1.05,0.33,1.07,0.36,1.1,0.39,1.12,0.41,1.14,0.44,1.16,0.46,1.18,0.48,1.19,0.51,1.21,0.53,1.22,0.55,1.24,1.17,1.17,2.07,1.68,8.48,4.59
50,0.13,0.2,0.16,0.42,0.19,0.53,0.21,0.64,0.23,0.71,0.25,0.77,0.27,0.82,0.29,0.88,0.3,0.91,0.32,0.94,0.33,0.96,0.36,1,0.39,1.03,0.41,1.06,0.44,1.09,0.47,1.11,0.49,1.14,0.51,1.16,0.53,1.18,0.56,1.21,0.58,1.23,0.6,1.25,0.62,1.26,1.23,1.22,2.14,1.74,8.51,4.79
51,0.06,0.03,0.1,0.12,0.13,0.28,0.15,0.47,0.17,0.61,0.18,0.68,0.2,0.74,0.22,0.81,0.23,0.87,0.25,0.91,0.26,0.94,0.29,1.01,0.32,1.06,0.34,1.1,0.37,1.15,0.4,1.19,0.42,1.22,0.44,1.26,0.46,1.29,0.49,1.32,0.51,1.34,0.53,1.37,0.55,1.39,1.17,1.36,2.07,1.9,8.4,5.15
52,0.01,0,0.01,0.01,0.02,0.01,0.03,0.02,0.04,0.02,0.06,0.03,0.07,0.05,0.09,0.05,0.1,0.06,0.12,0.07,0.13,0.11,0.16,0.18,0.19,0.27,0.22,0.35,0.26,0.44,0.29,0.62,0.31,0.71,0.34,0.77,0.36,0.82,0.39,0.86,0.41,0.89,0.44,0.92,0.46,0.94,1.08,0.99,1.98,1.56,8.31,4.2
53,0.07,0.02,0.08,0.04,0.1,0.09,0.12,0.09,0.14,0.12,0.16,0.17,0.17,0.22,0.19,0.24,0.21,0.26,0.22,0.29,0.24,0.35,0.27,0.47,0.3,0.63,0.34,0.75,0.37,0.83,0.4,0.85,0.43,0.89,0.45,0.93,0.48,0.97,0.5,1,0.52,1.02,0.55,1.04,0.57,1.06,1.19,1.08,2.1,1.63,8.44,4.44
54,0.02,0.01,0.03,0.01,0.04,0.02,0.07,0.03,0.08,0.03,0.1,0.07,0.11,0.08,0.13,0.09,0.14,0.09,0.16,0.1,0.17,0.11,0.21,0.18,0.24,0.32,0.27,0.42,0.3,0.48,0.32,0.52,0.35,0.58,0.37,0.66,0.4,0.78,0.42,0.83,0.45,0.87,0.47,0.91,0.49,0.95,1.14,1.07,2.04,1.62,8.32,4.5
55,0.13,0.03,0.15,0.07,0.18,0.17,0.22,0.22,0.24,0.23,0.26,0.27,0.28,0.31,0.3,0.32,0.31,0.33,0.33,0.34,0.35,0.36,0.38,0.41,0.41,0.49,0.44,0.57,0.47,0.63,0.5,0.69,0.53,0.75,0.55,0.79,0.58,0.82,0.61,0.86,0.63,0.9,0.65,0.94,0.67,0.97,1.31,1.07,2.21,1.63,8.5,4.59
56,0.09,0.11,0.12,0.28,0.14,0.45,0.16,0.59,0.17,0.68,0.19,0.76,0.21,0.82,0.22,0.89,0.24,0.94,0.25,0.98,0.27,1.01,0.3,1.06,0.33,1.08,0.36,1.09,0.4,1.12,0.42,1.13,0.45,1.15,0.47,1.17,0.5,1.2,0.52,1.22,0.54,1.23,0.57,1.25,0.59,1.27,1.21,1.26,2.12,1.82,8.48,4.98
57,0.12,0.04,0.13,0.12,0.17,0.29,0.2,0.4,0.23,0.44,0.25,0.47,0.26,0.5,0.28,0.54,0.3,0.57,0.31,0.61,0.33,0.65,0.36,0.72,0.4,0.79,0.43,0.85,0.46,0.92,0.48,0.97,0.51,1.02,0.53,1.06,0.56,1.09,0.58,1.12,0.61,1.16,0.63,1.18,0.65,1.21,1.3,1.24,2.21,1.81,8.51,5.03
58,0.06,0,0.08,0.03,0.1,0.14,0.12,0.3,0.14,0.39,0.16,0.46,0.18,0.51,0.2,0.56,0.21,0.6,0.23,0.64,0.24,0.68,0.28,0.76,0.31,0.84,0.34,0.9,0.37,0.96,0.4,1,0.43,1.04,0.45,1.07,0.47,1.1,0.5,1.13,0.52,1.16,0.54,1.18,0.56,1.21,1.2,1.22,2.1,1.77,8.41,4.89
59,0.07,0.03,0.1,0.1,0.12,0.25,0.14,0.42,0.16,0.54,0.18,0.61,0.19,0.66,0.21,0.71,0.23,0.76,0.24,0.8,0.26,0.84,0.29,0.91,0.32,0.97,0.35,1.02,0.38,1.07,0.41,1.11,0.43,1.15,0.46,1.18,0.48,1.21,0.51,1.25,0.53,1.28,0.55,1.3,0.57,1.33,1.22,1.37,2.13,1.92,8.44,5.18
60,0,0,0,0,0.01,0,0.04,0.01,0.05,0.02,0.07,0.03,0.08,0.06,0.09,0.09,0.11,0.12,0.12,0.14,0.14,0.17,0.17,0.2,0.2,0.31,0.22,0.46,0.25,0.62,0.28,0.7,0.31,0.78,0.33,0.88,0.35,0.96,0.37,1.04,0.39,1.09,0.41,1.15,0.43,1.2,1.13,1.18,2.04,1.71,8.35,4.72
61,0,0,0,0,0.01,0,0.03,0,0.05,0,0.06,0.01,0.08,0.03,0.09,0.11,0.11,0.22,0.13,0.3,0.14,0.37,0.18,0.47,0.21,0.61,0.24,0.74,0.27,0.88,0.3,0.98,0.33,1.06,0.36,1.12,0.38,1.17,0.41,1.2,0.43,1.23,0.46,1.26,0.48,1.29,1.21,1.23,2.12,1.76,8.48,4.85
62,0,0,0,0,0,0,0,0,0,0,0,0,0.02,0,0.03,0,0.06,0.01,0.07,0.02,0.09,0.03,0.12,0.06,0.15,0.1,0.18,0.15,0.21,0.24,0.24,0.31,0.26,0.47,0.3,0.79,0.32,0.97,0.35,1.03,0.38,1.06,0.41,1.08,0.43,1.13,1.16,1.17,2.07,1.7,8.45,4.73
63,0,0,0,0,0.01,0,0.02,0,0.04,0.01,0.05,0.01,0.07,0.03,0.1,0.09,0.12,0.12,0.14,0.15,0.16,0.21,0.2,0.31,0.23,0.43,0.26,0.52,0.29,0.65,0.32,0.73,0.35,0.81,0.37,0.91,0.4,0.99,0.42,1.06,0.44,1.12,0.47,1.16,0.49,1.19,1.24,1.21,2.16,1.75,8.55,4.8
64,0.02,0,0.04,0.01,0.09,0.05,0.13,0.12,0.14,0.23,0.16,0.35,0.17,0.45,0.19,0.51,0.21,0.55,0.22,0.59,0.24,0.62,0.27,0.69,0.3,0.76,0.33,0.83,0.36,0.9,0.38,0.96,0.41,1.02,0.43,1.07,0.45,1.11,0.48,1.16,0.5,1.2,0.52,1.23,0.54,1.26,1.22,1.21,2.13,1.76,8.42,4.86
65,0.03,0.01,0.05,0.02,0.09,0.1,0.13,0.29,0.14,0.41,0.16,0.5,0.18,0.59,0.19,0.64,0.21,0.68,0.22,0.72,0.24,0.77,0.27,0.85,0.3,0.91,0.33,0.98,0.36,1.04,0.39,1.1,0.41,1.15,0.44,1.2,0.46,1.23,0.48,1.28,0.5,1.31,0.53,1.34,0.55,1.37,1.23,1.32,2.14,1.87,8.45,5.09
66,0.08,0.03,0.1,0.19,0.14,0.4,0.17,0.5,0.19,0.58,0.21,0.62,0.23,0.67,0.24,0.71,0.26,0.75,0.28,0.79,0.29,0.82,0.32,0.9,0.36,0.96,0.39,1.02,0.42,1.08,0.44,1.13,0.47,1.18,0.49,1.22,0.52,1.26,0.54,1.3,0.56,1.33,0.59,1.37,0.61,1.4,1.28,1.42,2.19,1.96,8.51,5.2
67,0.01,0,0.02,0,0.04,0.01,0.08,0.02,0.1,0.07,0.12,0.14,0.13,0.31,0.15,0.52,0.17,0.65,0.19,0.72,0.2,0.78,0.24,0.87,0.27,0.95,0.3,1.01,0.33,1.08,0.36,1.13,0.39,1.17,0.42,1.2,0.44,1.25,0.47,1.28,0.49,1.31,0.51,1.34,0.53,1.38,1.26,1.29,2.17,1.83,8.53,4.97
68,0,0,0.03,0,0.07,0.01,0.1,0.08,0.12,0.18,0.14,0.26,0.16,0.35,0.19,0.44,0.21,0.49,0.23,0.54,0.25,0.6,0.29,0.68,0.33,0.75,0.36,0.84,0.39,0.91,0.42,0.99,0.44,1.06,0.47,1.11,0.49,1.16,0.52,1.22,0.54,1.26,0.56,1.29,0.59,1.32,1.33,1.27,2.25,1.81,8.65,4.91
69,0.02,0,0.04,0,0.06,0.04,0.1,0.08,0.12,0.24,0.13,0.46,0.15,0.64,0.17,0.71,0.19,0.75,0.21,0.78,0.23,0.83,0.26,0.9,0.3,0.98,0.33,1.04,0.36,1.1,0.39,1.16,0.41,1.2,0.44,1.25,0.46,1.29,0.49,1.33,0.51,1.36,0.53,1.39,0.55,1.43,1.28,1.36,2.19,1.9,8.53,5.08
70,0.06,0.02,0.09,0.14,0.12,0.36,0.14,0.53,0.17,0.7,0.19,0.78,0.21,0.82,0.24,0.86,0.26,0.89,0.28,0.92,0.29,0.96,0.33,1.02,0.36,1.08,0.39,1.13,0.42,1.18,0.45,1.23,0.48,1.28,0.5,1.32,0.53,1.36,0.55,1.4,0.57,1.43,0.6,1.46,0.62,1.5,1.34,1.44,2.25,1.98,8.6,5.12
71,0.05,0,0.09,0.07,0.12,0.24,0.15,0.37,0.17,0.45,0.19,0.51,0.22,0.57,0.24,0.64,0.26,0.69,0.28,0.74,0.31,0.78,0.34,0.86,0.38,0.93,0.41,0.99,0.44,1.06,0.47,1.12,0.5,1.17,0.52,1.21,0.55,1.26,0.57,1.31,0.59,1.35,0.62,1.38,0.64,1.41,1.39,1.36,2.3,1.9,8.69,4.99
72,0.16,0.62,0.19,0.75,0.22,0.81,0.25,0.83,0.27,0.86,0.29,0.9,0.3,0.93,0.32,0.97,0.34,1,0.36,1.03,0.37,1.06,0.41,1.11,0.44,1.16,0.47,1.21,0.5,1.26,0.52,1.3,0.55,1.34,0.57,1.38,0.6,1.41,0.62,1.45,0.64,1.48,0.67,1.51,0.69,1.54,1.37,1.51,2.28,2.04,8.61,5.18
73,0.19,0.83,0.22,0.9,0.25,0.93,0.28,0.95,0.3,0.98,0.32,1.01,0.34,1.05,0.36,1.08,0.37,1.11,0.39,1.13,0.41,1.16,0.44,1.21,0.47,1.25,0.5,1.29,0.53,1.33,0.56,1.37,0.58,1.4,0.61,1.43,0.63,1.46,0.66,1.49,0.68,1.52,0.7,1.54,0.72,1.57,1.4,1.51,2.31,2.04,8.66,5
74,0.15,0.68,0.19,0.74,0.22,0.78,0.25,0.82,0.27,0.85,0.29,0.89,0.31,0.92,0.33,0.96,0.35,1,0.37,1.03,0.38,1.05,0.42,1.11,0.45,1.15,0.48,1.19,0.51,1.24,0.53,1.27,0.56,1.3,0.58,1.33,0.61,1.36,0.63,1.39,0.66,1.41,0.68,1.43,0.7,1.46,1.37,1.43,2.28,1.98,8.64,4.63
75,0.17,0.14,0.22,0.3,0.26,0.38,0.29,0.45,0.31,0.5,0.33,0.54,0.35,0.58,0.38,0.64,0.4,0.68,0.41,0.71,0.43,0.73,0.46,0.77,0.49,0.78,0.52,0.8,0.55,0.82,0.58,0.83,0.61,0.85,0.63,0.87,0.65,0.89,0.68,0.93,0.7,0.96,0.72,0.99,0.74,1.03,1.4,1.26,2.31,1.73,8.65,3.6
76,0.15,0.32,0.19,0.47,0.23,0.53,0.26,0.59,0.28,0.63,0.3,0.68,0.32,0.72,0.35,0.77,0.36,0.81,0.38,0.85,0.4,0.88,0.43,0.93,0.46,0.97,0.49,1.01,0.52,1.04,0.55,1.07,0.57,1.09,0.6,1.12,0.62,1.13,0.65,1.16,0.67,1.18,0.69,1.2,0.71,1.22,1.38,1.33,2.29,1.86,8.65,4.1
77,0.18,0.3,0.22,0.48,0.25,0.57,0.29,0.63,0.31,0.66,0.33,0.7,0.35,0.74,0.37,0.79,0.39,0.82,0.41,0.85,0.42,0.87,0.46,0.9,0.49,0.92,0.52,0.94,0.55,0.96,0.57,0.98,0.6,1,0.62,1.02,0.65,1.04,0.67,1.06,0.7,1.08,0.72,1.11,0.74,1.14,1.41,1.23,2.33,1.66,8.71,3.48
78,0.14,0.48,0.17,0.68,0.2,0.81,0.23,0.9,0.25,0.94,0.28,0.97,0.3,0.99,0.32,1.02,0.34,1.05,0.36,1.08,0.38,1.1,0.41,1.15,0.45,1.2,0.48,1.25,0.51,1.29,0.54,1.34,0.56,1.38,0.59,1.41,0.61,1.45,0.64,1.49,0.66,1.52,0.68,1.55,0.7,1.58,1.41,1.49,2.33,2.01,8.68,5.05
79,0.19,0.73,0.22,0.84,0.26,0.92,0.29,1,0.31,1.04,0.33,1.06,0.35,1.08,0.38,1.12,0.39,1.14,0.41,1.16,0.43,1.19,0.47,1.23,0.5,1.27,0.53,1.31,0.56,1.36,0.59,1.39,0.62,1.43,0.64,1.46,0.67,1.49,0.69,1.52,0.71,1.55,0.74,1.57,0.76,1.6,1.47,1.48,2.38,2,8.74,4.8
80,0.21,0.72,0.25,0.84,0.28,0.91,0.31,0.98,0.33,1.02,0.36,1.04,0.38,1.06,0.4,1.09,0.42,1.12,0.44,1.14,0.46,1.16,0.49,1.21,0.52,1.24,0.56,1.28,0.59,1.32,0.61,1.35,0.64,1.38,0.67,1.4,0.69,1.43,0.72,1.46,0.74,1.48,0.76,1.5,0.78,1.53,1.49,1.4,2.4,1.93,8.77,4.38
81,0.16,0.55,0.2,0.74,0.23,0.86,0.26,0.94,0.28,0.99,0.31,1.01,0.33,1.04,0.35,1.08,0.37,1.1,0.39,1.12,0.41,1.14,0.44,1.17,0.48,1.2,0.51,1.22,0.54,1.25,0.57,1.27,0.59,1.28,0.62,1.3,0.64,1.32,0.67,1.35,0.69,1.37,0.71,1.38,0.73,1.41,1.44,1.32,2.36,1.79,8.74,3.81
82,0.12,0.34,0.16,0.59,0.2,0.69,0.23,0.77,0.25,0.83,0.27,0.89,0.3,0.93,0.32,0.98,0.34,1.01,0.36,1.04,0.38,1.07,0.42,1.12,0.46,1.16,0.49,1.21,0.52,1.26,0.55,1.31,0.58,1.35,0.6,1.39,0.63,1.43,0.65,1.47,0.67,1.51,0.7,1.54,0.72,1.57,1.46,1.46,2.38,1.98,8.75,4.94
83,0.17,0.67,0.2,0.79,0.24,0.88,0.27,0.96,0.29,1.02,0.32,1.07,0.34,1.1,0.37,1.14,0.39,1.17,0.41,1.19,0.43,1.22,0.46,1.26,0.5,1.3,0.53,1.34,0.56,1.38,0.59,1.42,0.62,1.46,0.65,1.49,0.67,1.52,0.7,1.56,0.72,1.59,0.74,1.62,0.76,1.65,1.51,1.46,2.42,1.99,8.77,4.74
84,0.21,0.75,0.25,0.86,0.29,0.95,0.32,1.02,0.34,1.06,0.37,1.11,0.39,1.14,0.42,1.17,0.44,1.19,0.46,1.22,0.48,1.24,0.51,1.28,0.55,1.31,0.58,1.35,0.61,1.38,0.64,1.42,0.67,1.45,0.7,1.47,0.72,1.5,0.75,1.54,0.77,1.56,0.79,1.59,0.81,1.61,1.55,1.4,2.47,1.93,8.8,4.39
85,0.24,0.64,0.28,0.75,0.31,0.83,0.34,0.91,0.37,0.95,0.39,1,0.42,1.04,0.44,1.08,0.46,1.11,0.48,1.14,0.5,1.16,0.54,1.2,0.57,1.24,0.61,1.26,0.64,1.29,0.67,1.32,0.7,1.34,0.72,1.36,0.75,1.39,0.77,1.42,0.79,1.44,0.81,1.46,0.84,1.49,1.58,1.32,2.49,1.79,8.82,3.93
86,0.04,0.01,0.07,0.04,0.1,0.07,0.13,0.21,0.15,0.33,0.17,0.4,0.19,0.47,0.21,0.55,0.23,0.6,0.25,0.63,0.26,0.66,0.3,0.68,0.33,0.68,0.36,0.69,0.39,0.7,0.41,0.71,0.44,0.73,0.46,0.75,0.49,0.78,0.51,0.84,0.54,0.9,0.56,0.95,0.58,0.99,1.26,1.07,2.17,1.44,8.58,2.91
87,0,0,0,0,0.01,0,0.02,0.01,0.03,0.03,0.05,0.06,0.07,0.08,0.08,0.1,0.1,0.14,0.12,0.22,0.13,0.36,0.17,0.51,0.2,0.54,0.23,0.57,0.26,0.6,0.28,0.63,0.31,0.67,0.33,0.7,0.35,0.72,0.38,0.77,0.4,0.84,0.43,0.93,0.45,0.99,1.15,1.12,2.06,1.5,8.45,3.07
88,0.06,0.02,0.1,0.13,0.13,0.26,0.15,0.39,0.18,0.52,0.2,0.67,0.22,0.79,0.24,0.88,0.26,0.94,0.28,0.98,0.3,1.01,0.33,1.04,0.37,1.06,0.4,1.08,0.43,1.1,0.46,1.12,0.48,1.14,0.51,1.16,0.53,1.18,0.55,1.21,0.58,1.24,0.6,1.26,0.62,1.28,1.33,1.22,2.24,1.61,8.63,3.32
89,0.03,0,0.05,0.02,0.07,0.06,0.1,0.15,0.12,0.22,0.14,0.26,0.17,0.37,0.19,0.53,0.21,0.64,0.23,0.75,0.25,0.84,0.28,0.97,0.32,1.04,0.35,1.08,0.38,1.11,0.41,1.14,0.44,1.16,0.46,1.18,0.49,1.2,0.51,1.23,0.53,1.27,0.56,1.3,0.58,1.33,1.3,1.21,2.22,1.6,8.6,3.29
90,0,0,0,0,0.02,0,0.03,0.01,0.04,0.01,0.05,0.01,0.06,0.01,0.08,0.01,0.1,0.05,0.12,0.1,0.13,0.14,0.16,0.2,0.19,0.26,0.23,0.32,0.26,0.39,0.29,0.47,0.32,0.66,0.35,0.74,0.37,0.76,0.4,0.78,0.42,0.8,0.44,0.83,0.46,0.86,1.2,1.13,2.11,1.51,8.5,3.18
91,0.02,0.01,0.04,0.03,0.06,0.04,0.08,0.06,0.1,0.11,0.11,0.14,0.13,0.17,0.15,0.2,0.17,0.21,0.19,0.22,0.21,0.23,0.24,0.26,0.28,0.31,0.31,0.4,0.34,0.49,0.37,0.55,0.4,0.6,0.42,0.65,0.45,0.7,0.47,0.74,0.49,0.78,0.52,0.82,0.54,0.85,1.28,1.11,2.18,1.59,8.42,3.48
92,0.13,0.15,0.17,0.32,0.21,0.37,0.24,0.45,0.27,0.52,0.29,0.54,0.31,0.58,0.34,0.64,0.36,0.69,0.38,0.74,0.4,0.78,0.43,0.85,0.47,0.92,0.5,0.98,0.54,1.03,0.57,1.07,0.59,1.12,0.62,1.15,0.64,1.18,0.67,1.21,0.69,1.24,0.71,1.26,0.73,1.29,1.47,1.21,2.38,1.63,8.73,3.54
93,0,0,0.01,0,0.03,0.02,0.06,0.03,0.07,0.04,0.09,0.04,0.11,0.06,0.13,0.08,0.15,0.13,0.18,0.18,0.2,0.24,0.23,0.41,0.26,0.58,0.3,0.65,0.33,0.7,0.36,0.73,0.38,0.76,0.41,0.79,0.43,0.83,0.45,0.86,0.48,0.9,0.5,0.93,0.52,0.97,1.27,1.19,2.13,1.83,7.75,4.2
94,0,0,0,0,0.01,0,0.03,0.01,0.04,0.02,0.06,0.04,0.08,0.06,0.1,0.1,0.13,0.14,0.15,0.18,0.16,0.21,0.2,0.34,0.25,0.51,0.28,0.56,0.32,0.6,0.34,0.64,0.37,0.69,0.4,0.77,0.42,0.84,0.44,0.9,0.46,0.94,0.48,0.96,0.5,0.99,1.28,1.15,2.17,1.68,7.92,4.13
95,0.01,0,0.05,0.03,0.09,0.15,0.13,0.32,0.16,0.45,0.18,0.56,0.21,0.63,0.23,0.71,0.26,0.76,0.28,0.81,0.3,0.85,0.34,0.92,0.38,0.97,0.41,1.01,0.44,1.06,0.47,1.1,0.5,1.14,0.52,1.18,0.54,1.22,0.57,1.26,0.59,1.29,0.61,1.31,0.63,1.33,1.4,1.28,2.28,1.85,8.05,4.47
96,0.1,0.2,0.14,0.44,0.18,0.55,0.21,0.61,0.24,0.68,0.26,0.72,0.29,0.76,0.31,0.8,0.34,0.83,0.36,0.86,0.38,0.89,0.41,0.94,0.45,1,0.48,1.04,0.51,1.1,0.54,1.13,0.57,1.16,0.59,1.19,0.62,1.22,0.64,1.24,0.66,1.27,0.69,1.28,0.71,1.31,1.46,1.26,2.35,1.8,8.4,4.18
97,0.2,0.86,0.25,0.96,0.29,1,0.33,1.04,0.35,1.08,0.38,1.11,0.41,1.14,0.43,1.18,0.45,1.2,0.47,1.23,0.49,1.25,0.53,1.3,0.56,1.34,0.6,1.38,0.63,1.42,0.66,1.45,0.68,1.47,0.71,1.5,0.73,1.53,0.76,1.56,0.78,1.59,0.8,1.6,0.82,1.63,1.59,1.4,2.49,1.94,8.59,4.55
98,0.15,0.16,0.18,0.34,0.24,0.48,0.29,0.67,0.32,0.79,0.35,0.85,0.38,0.91,0.4,0.98,0.42,1.02,0.44,1.07,0.46,1.1,0.5,1.15,0.54,1.19,0.58,1.23,0.61,1.28,0.64,1.31,0.66,1.34,0.69,1.38,0.71,1.42,0.74,1.45,0.76,1.48,0.78,1.5,0.8,1.52,1.57,1.36,2.46,1.9,8.39,4.66
99,0.12,0.11,0.17,0.23,0.22,0.36,0.26,0.45,0.29,0.59,0.32,0.7,0.35,0.78,0.37,0.86,0.4,0.91,0.42,0.96,0.44,1.01,0.48,1.08,0.51,1.13,0.55,1.18,0.58,1.24,0.61,1.27,0.63,1.31,0.66,1.35,0.68,1.39,0.71,1.43,0.73,1.46,0.75,1.48,0.77,1.51,1.55,1.36,2.45,1.87,8.42,4.58
100,0.3,0.8,0.35,0.93,0.4,0.99,0.45,1.01,0.48,1.04,0.5,1.07,0.53,1.1,0.55,1.15,0.58,1.18,0.6,1.21,0.62,1.24,0.66,1.28,0.69,1.32,0.73,1.36,0.76,1.41,0.79,1.44,0.81,1.47,0.84,1.51,0.86,1.53,0.89,1.57,0.91,1.59,0.93,1.62,0.95,1.64,1.73,1.43,2.63,1.95,8.73,4.64
101,0.2,0.83,0.25,0.9,0.29,0.96,0.33,1.01,0.36,1.05,0.38,1.09,0.41,1.12,0.43,1.17,0.46,1.2,0.48,1.23,0.5,1.25,0.54,1.31,0.57,1.35,0.6,1.4,0.64,1.45,0.66,1.48,0.69,1.52,0.72,1.55,0.74,1.59,0.76,1.62,0.79,1.65,0.81,1.68,0.83,1.71,1.61,1.45,2.52,1.98,8.78,4.63
102,0.15,0.6,0.19,0.73,0.24,0.81,0.27,0.87,0.3,0.92,0.33,0.97,0.35,1.01,0.37,1.07,0.4,1.1,0.42,1.14,0.44,1.17,0.48,1.22,0.51,1.28,0.54,1.33,0.58,1.38,0.6,1.42,0.63,1.46,0.66,1.5,0.68,1.54,0.71,1.58,0.73,1.62,0.75,1.65,0.77,1.68,1.55,1.45,2.47,1.96,8.85,4.7
103,0.09,0.13,0.13,0.42,0.18,0.56,0.21,0.65,0.24,0.71,0.26,0.76,0.29,0.8,0.31,0.86,0.33,0.89,0.35,0.93,0.37,0.97,0.41,1.04,0.45,1.1,0.48,1.15,0.51,1.21,0.54,1.25,0.57,1.3,0.59,1.35,0.62,1.39,0.64,1.43,0.66,1.48,0.69,1.51,0.71,1.55,1.49,1.39,2.41,1.91,8.87,4.73
104,0.01,0,0.05,0.01,0.1,0.09,0.13,0.3,0.16,0.41,0.18,0.48,0.21,0.54,0.23,0.62,0.25,0.67,0.27,0.72,0.29,0.76,0.33,0.84,0.37,0.91,0.4,0.96,0.43,1.03,0.46,1.08,0.49,1.13,0.51,1.18,0.54,1.23,0.56,1.28,0.58,1.33,0.61,1.37,0.63,1.41,1.41,1.3,2.33,1.83,8.82,4.7
105,0,0,0.01,0,0.02,0.01,0.04,0.03,0.06,0.06,0.08,0.09,0.11,0.13,0.13,0.2,0.15,0.26,0.17,0.32,0.19,0.37,0.23,0.49,0.26,0.56,0.29,0.65,0.33,0.77,0.36,0.86,0.38,0.93,0.41,1,0.43,1.06,0.46,1.12,0.48,1.18,0.5,1.23,0.52,1.27,1.3,1.22,2.23,1.76,8.74,4.61
106,0,0,0,0,0,0,0,0,0,0,0,0,0,0,0,0,0,0,0.01,0.02,0.01,0.02,0.02,0.02,0.02,0.04,0.04,0.05,0.06,0.07,0.08,0.07,0.1,0.1,0.12,0.12,0.14,0.16,0.16,0.23,0.18,0.34,0.2,0.46,0.22,0.54,0.79,1.04,1.65,1.78,7.44,5.31
107,0,0,0,0,0,0,0,0,0,0,0,0,0,0,0,0,0,0,0,0,0,0,0,0,0,0,0,0,0,0,0,0,0,0,0,0,0,0,0.01,0,0.01,0.01,0.02,0.03,0.03,0.03,0.61,0.98,1.46,1.73,7.3,4.96
108,0,0,0,0,0,0,0,0,0,0,0,0,0,0,0,0,0,0,0,0,0,0,0,0,0,0,0.01,0,0.02,0.01,0.02,0.01,0.03,0.02,0.04,0.03,0.05,0.05,0.07,0.08,0.08,0.08,0.1,0.1,0.13,0.11,0.7,0.87,1.58,1.59,7.68,4.41
109,0,0,0,0,0,0,0,0,0,0,0,0,0,0,0,0,0,0,0,0,0,0,0,0,0,0,0,0,0,0,0,0,0,0,0,0,0,0,0,0,0,0,0,0,0,0,0.6,0.38,1.5,1.33,7.71,3.77
110,0,0,0,0,0,0,0,0,0,0,0,0,0,0,0,0,0,0,0,0,0,0,0.01,0.01,0.02,0.01,0.03,0.01,0.04,0.03,0.04,0.03,0.05,0.03,0.06,0.02,0.06,0.02,0.07,0.02,0.09,0.03,0.11,0.05,0.13,0.05,0.73,0.18,1.66,0.94,8.16,2.66
111,0,0,0,0,0,0,0,0,0,0,0,0,0,0,0,0,0,0,0,0,0.01,0,0.02,0.01,0.03,0.01,0.05,0.02,0.08,0.06,0.1,0.14,0.13,0.22,0.16,0.26,0.18,0.3,0.2,0.37,0.23,0.57,0.25,0.65,0.27,0.66,0.89,0.8,1.8,1.42,8.17,3.75
112,0,0,0,0,0,0,0,0,0,0,0,0,0,0,0,0,0,0,0,0,0,0,0,0,0,0,0,0,0,0,0,0,0,0,0.01,0.01,0.03,0.02,0.04,0.04,0.06,0.06,0.08,0.08,0.1,0.08,0.71,0.65,1.62,1.32,8.01,3.49
113,0,0,0,0,0,0,0,0,0,0,0,0,0,0,0,0,0,0,0,0,0,0,0.01,0,0.03,0.01,0.05,0.03,0.09,0.05,0.12,0.06,0.14,0.08,0.16,0.1,0.19,0.26,0.22,0.3,0.24,0.34,0.26,0.37,0.28,0.42,0.91,0.97,1.82,1.54,8.12,4.2
114,0,0,0,0,0,0,0,0,0,0,0,0,0,0,0,0,0,0,0.01,0,0.01,0,0.03,0.01,0.05,0.03,0.08,0.06,0.11,0.11,0.13,0.15,0.16,0.19,0.18,0.32,0.2,0.53,0.22,0.69,0.24,0.76,0.26,0.86,0.28,0.94,0.98,1.13,1.89,1.67,8.18,4.58
115,0,0,0,0,0,0,0,0,0,0,0,0,0,0,0,0,0,0,0,0,0,0,0,0,0,0,0.01,0,0.02,0.01,0.04,0.03,0.07,0.07,0.09,0.12,0.11,0.22,0.14,0.39,0.16,0.49,0.18,0.65,0.2,0.78,0.86,1.09,1.77,1.64,8.03,4.47
116,0,0,0,0,0,0,0,0,0,0,0,0,0,0,0,0,0,0,0,0,0,0,0,0,0,0,0,0,0.01,0,0.01,0,0.03,0.01,0.06,0.02,0.08,0.06,0.1,0.09,0.12,0.12,0.14,0.21,0.16,0.4,0.84,1.09,1.74,1.63,8.01,4.44
117,0,0,0,0,0,0,0,0,0,0,0,0,0,0,0,0,0,0,0,0,0,0,0,0,0,0,0,0,0,0,0,0,0,0,0.01,0,0.01,0,0.02,0.01,0.04,0.01,0.05,0.02,0.07,0.05,0.73,0.97,1.63,1.54,7.89,4.12
118,0,0,0,0,0,0,0,0,0,0,0,0,0,0,0,0,0,0,0,0,0,0,0,0,0,0,0,0,0,0,0.01,0,0.02,0.01,0.04,0.02,0.07,0.03,0.09,0.07,0.11,0.14,0.13,0.25,0.15,0.37,0.9,1.05,1.81,1.57,8.2,4.3
119,0,0,0,0,0,0,0,0,0,0,0,0,0,0,0,0,0,0,0,0,0,0,0,0,0,0,0,0,0,0,0,0,0,0,0,0,0.01,0,0.03,0,0.05,0.01,0.07,0.03,0.08,0.05,0.8,0.9,1.71,1.44,8.07,3.81
120,0,0,0,0,0,0,0,0,0,0,0,0,0,0,0,0,0,0,0,0,0,0,0,0,0,0,0,0,0,0,0,0,0,0,0,0,0.01,0,0.02,0,0.03,0,0.05,0.01,0.06,0.03,0.83,0.94,1.75,1.49,8.13,4.07
121,0,0,0,0,0,0,0,0,0,0,0,0,0,0,0,0,0,0,0.01,0,0.01,0,0.03,0.01,0.05,0.02,0.07,0.04,0.1,0.08,0.12,0.11,0.15,0.19,0.17,0.31,0.2,0.41,0.22,0.6,0.24,0.72,0.27,0.83,0.29,0.9,1.03,1.14,1.95,1.67,8.33,4.61
122,0,0,0,0,0,0,0,0,0,0,0,0,0,0,0,0,0.01,0,0.02,0,0.03,0.01,0.08,0.05,0.12,0.16,0.14,0.32,0.17,0.49,0.2,0.59,0.22,0.67,0.25,0.75,0.27,0.82,0.3,0.89,0.32,0.96,0.34,1.02,0.36,1.08,1.14,1.17,2.06,1.7,8.56,4.55
123,0,0,0,0,0,0,0,0,0,0,0,0,0,0,0,0,0,0,0,0,0,0,0.01,0,0.04,0.01,0.07,0.03,0.1,0.08,0.12,0.16,0.15,0.28,0.17,0.37,0.2,0.46,0.22,0.55,0.24,0.63,0.26,0.7,0.28,0.76,1.06,1.09,1.99,1.63,8.46,4.42
124,0,0,0,0,0,0,0,0,0,0,0,0,0,0,0,0,0.01,0,0.03,0.02,0.04,0.03,0.05,0.06,0.06,0.09,0.07,0.15,0.09,0.23,0.1,0.29,0.12,0.37,0.13,0.43,0.15,0.51,0.18,0.62,0.2,0.74,0.22,0.88,0.24,1.01,0.86,1.3,1.77,1.52,8.06,2.41
125,0,0,0,0,0,0,0,0,0,0,0,0,0,0,0,0,0,0,0,0,0,0,0,0,0,0,0.01,0,0.01,0.01,0.02,0.01,0.02,0.02,0.03,0.02,0.04,0.02,0.06,0.03,0.09,0.08,0.11,0.19,0.13,0.35,0.74,1.14,1.64,1.3,7.92,1.88
126,0,0,0,0,0,0,0,0,0,0,0,0,0,0,0,0,0,0,0,0,0.01,0,0.03,0.01,0.06,0.01,0.08,0.01,0.11,0.02,0.14,0.02,0.16,0.02,0.18,0.03,0.2,0.04,0.23,0.06,0.25,0.07,0.27,0.08,0.29,0.09,0.95,1.01,1.86,1.27,8.2,2.03
127,0,0,0,0,0,0,0,0,0,0,0,0,0,0,0,0,0,0,0,0,0,0,0,0,0,0,0,0,0.01,0,0.01,0,0.01,0.01,0.02,0.01,0.03,0.01,0.04,0.02,0.05,0.02,0.07,0.04,0.08,0.06,0.71,0.95,1.62,1.09,7.92,1.55
128,0,0,0,0,0,0,0,0,0,0,0,0,0,0,0,0,0,0,0,0,0,0,0,0,0.01,0.01,0.02,0.01,0.05,0.02,0.08,0.02,0.1,0.02,0.13,0.04,0.15,0.07,0.17,0.13,0.19,0.17,0.21,0.19,0.23,0.2,0.89,0.94,1.8,1.24,8.18,2.06
129,0,0,0,0,0,0,0,0,0,0,0,0,0,0,0,0,0,0,0,0,0,0,0,0,0,0,0,0,0.01,0,0.01,0,0.02,0,0.03,0.01,0.04,0.02,0.04,0.03,0.06,0.03,0.07,0.05,0.09,0.05,0.74,0.81,1.66,1.11,8.02,1.83
130,0,0,0,0,0,0,0,0,0,0,0,0,0.01,0,0.02,0,0.03,0,0.04,0,0.05,0.01,0.08,0.03,0.11,0.05,0.14,0.04,0.17,0.03,0.2,0.04,0.22,0.04,0.25,0.03,0.27,0.04,0.3,0.04,0.32,0.08,0.34,0.16,0.36,0.26,1,0.79,1.91,1.21,8.27,2.25
131,0,0,0,0,0,0,0,0,0,0,0,0,0,0,0,0,0,0,0,0,0,0,0,0,0,0,0.01,0,0.02,0.01,0.03,0.02,0.04,0.02,0.06,0.02,0.08,0.03,0.09,0.03,0.11,0.03,0.13,0.05,0.15,0.06,0.79,0.73,1.7,1.19,8.06,2.3
132,0,0,0,0,0,0,0,0,0,0,0,0,0,0,0,0,0,0,0,0,0,0,0,0,0,0,0,0,0,0,0,0,0,0.01,0.01,0,0.01,0.01,0.03,0.01,0.04,0.01,0.05,0.02,0.07,0.02,0.71,0.93,1.62,1.35,7.97,2.64
133,0,0,0,0,0,0,0,0,0,0,0,0,0,0,0,0,0,0,0,0,0,0,0,0,0.01,0.01,0.03,0.02,0.05,0.04,0.07,0.07,0.08,0.11,0.1,0.15,0.11,0.16,0.14,0.16,0.16,0.17,0.18,0.18,0.2,0.18,0.85,0.97,1.76,1.4,8.1,2.83
134,0,0,0,0,0,0,0,0,0,0,0,0,0,0,0,0,0,0,0,0,0,0,0.01,0,0.01,0.01,0.02,0.01,0.03,0.01,0.04,0.01,0.05,0.02,0.06,0.04,0.07,0.06,0.09,0.08,0.1,0.1,0.12,0.12,0.14,0.14,0.79,0.87,1.7,1.32,8.05,2.78
135,0,0,0,0,0,0,0,0,0,0,0,0,0,0,0,0,0,0,0,0,0,0,0,0,0.01,0,0.02,0.01,0.02,0.01,0.05,0.06,0.06,0.05,0.08,0.05,0.09,0.07,0.12,0.14,0.14,0.25,0.16,0.37,0.19,0.45,0.87,1.02,1.78,1.4,8.18,2.9
136,0,0,0,0,0,0,0,0,0,0,0,0,0,0,0,0,0,0,0,0,0,0,0,0,0,0,0.01,0,0.02,0.01,0.03,0.02,0.04,0.03,0.05,0.04,0.06,0.04,0.08,0.05,0.09,0.07,0.12,0.08,0.14,0.1,0.87,1.07,1.78,1.46,8.18,3.06
137,0,0,0,0,0,0,0,0,0,0,0,0,0,0,0,0,0,0,0,0,0,0,0,0,0.01,0.01,0.02,0.04,0.03,0.04,0.04,0.05,0.06,0.06,0.08,0.06,0.11,0.07,0.13,0.07,0.15,0.08,0.18,0.1,0.2,0.13,0.92,1.01,1.84,1.44,8.23,3.13
138,0,0,0,0,0,0,0,0,0,0,0,0,0,0,0,0,0,0,0,0,0,0,0,0,0,0,0.02,0.02,0.03,0.04,0.05,0.05,0.06,0.06,0.07,0.06,0.09,0.06,0.1,0.06,0.12,0.07,0.14,0.08,0.16,0.1,0.9,1.11,1.81,1.54,8.17,3.33
139,0,0,0,0,0,0,0,0,0,0,0,0,0,0,0,0,0,0,0,0,0,0,0,0,0,0,0,0,0.01,0,0.01,0.01,0.03,0.02,0.04,0.03,0.06,0.04,0.08,0.08,0.1,0.1,0.12,0.12,0.15,0.16,0.91,0.99,1.79,1.56,7.59,3.66
140,0,0,0,0,0,0,0,0,0,0,0,0,0,0,0,0,0.01,0,0.02,0,0.03,0.01,0.06,0.05,0.1,0.1,0.13,0.11,0.16,0.11,0.19,0.12,0.22,0.12,0.24,0.12,0.26,0.12,0.29,0.14,0.31,0.18,0.33,0.23,0.35,0.31,1.11,0.99,1.99,1.55,7.8,3.57
