"inSALMO cell data file, Clear Creek site Restoration 3B",,,,
From J. White 12/11/2012,,,,
Cell#,FracVelShelter,DistToHidingCover,FracSpawnGravel,ReachEndCode
1,0.245,7.499,0.078,I
2,0.822,7.659,0,I
3,0.099,3.289,0,I
4,0.21,0.972,0,I
5,0.178,0.679,0,I
6,0,4.109,0,I
7,0.821,1.306,0.103,I
8,0.58,8.308,0.069,I
9,0.727,4.469,0.579,I
10,0.192,3.995,0.691,I
11,0.291,7.179,0.368,I
12,0,9.953,0.443,I
13,0,15.655,0.943,U
14,0,17.821,0.983,I
15,0,22.523,1,I
16,0,18.655,0.749,U
17,0.144,20.807,0.999,I
18,0.208,25.083,1,I
19,1,26.581,0.999,I
20,0.591,29.857,1,I
21,0.324,27.442,0.928,I
22,0.573,29.533,0.999,I
23,0.189,36.37,0.968,I
24,0.38,38.597,1,I
25,0.858,42.403,0.969,I
26,0.884,43.374,1,I
27,0.501,33.287,1,I
28,1,34.427,1,I
29,0.399,34.907,0.999,I
30,0.614,37.347,1,I
31,0.552,39.904,1,I
32,0.49,41.874,0.999,I
33,0.103,37.481,1,I
34,0.894,40.142,0.999,I
35,0.154,34.213,1,I
36,0.17,39.146,0.999,I
37,0.288,32.027,0.999,I
38,0.025,37.645,0.999,I
39,0.293,14.367,0.002,I
40,0.426,15.59,0.164,I
41,0.494,23.649,0.284,I
42,0,23.535,0.085,I
43,0.656,13.821,0.477,I
44,0.459,22.378,0.583,I
45,0,30.537,1,I
46,0,25.204,0.973,I
47,0.375,22.342,1,I
48,0.53,10.148,0.858,I
49,0.079,10.506,0.947,I
50,0.185,16.105,0.999,I
51,1,9.485,0.999,I
52,0.641,1.683,0.562,I
53,1,0.849,0.113,I
54,0,25.172,0.999,I
55,0,32.076,1,I
56,0,40.196,1,I
57,0.123,35.656,1,I
58,0.171,29.387,0.999,I
59,0.212,24.85,1,I
60,0.04,14.938,0.999,I
61,0.081,31.4,1,I
62,0,18.442,0.999,I
63,0,17.362,1,I
64,0,1.503,0.441,I
65,0,5.904,0.999,I
66,0,13.029,0.999,I
67,0,25.349,0.999,I
68,0,37.125,1,I
69,0,35.16,0.999,I
70,0.539,29.442,1,I
71,0,28.872,0.999,I
72,0,22.607,1,I
73,0,12.572,1,I
74,0,11.952,0.999,I
75,0.436,5.221,0.65,I
76,1,3.664,0.562,I
77,0.766,1.11,0.184,I
78,0.291,2.851,0.057,I
79,0.249,1.071,0.065,I
80,0.406,1.039,0.008,I
81,0.446,2.707,0,I
82,0.623,0.986,0.001,I
83,0.983,1.315,0.095,I
84,0.447,3.458,0.048,I
85,0.843,2.337,0.708,I
86,0.1,5.841,0.108,I
87,0,13.469,0.796,I
88,0,6.32,0.899,I
89,0.195,5.264,1,I
90,0,11.558,0.999,I
91,0,12.014,0.999,I
92,0,19.945,1,I
93,0,19.599,0.999,I
94,0,18.592,1,I
95,0,26.466,0.999,I
96,0,24.612,1,I
97,0,26.659,0.999,I
98,0,23.958,0.999,I
99,0.245,26.933,1,I
100,0.339,21.289,1,I
101,0,30.231,0.999,I
102,0.06,27.849,0.999,I
103,0,13.257,1,I
104,0,5.361,0.981,I
105,0,1.307,0.24,I
106,0,0.797,0.043,I
107,0,2.64,0.771,I
108,0,1.956,0.548,I
109,0,0.942,0.114,I
110,0,2.818,0.95,I
111,0,1.201,0.139,I
112,0,4.39,0.94,I
113,0,7.391,0.981,I
114,0,12.67,0.999,I
115,0.083,19.542,0.999,I
116,0,13.446,1,I
117,0.507,21.179,0.999,I
118,0,6.172,0.972,I
119,0,2.609,0.665,I
120,0.398,1.157,0.056,I
121,0.48,1.653,0.372,I
122,0,19.674,0.999,I
123,0,12.507,1,I
124,0,25.894,0.999,I
125,0,17.837,1,I
126,0,22.899,0.999,I
127,0,22.99,1,I
128,0,21.481,0.999,I
129,0,22.94,0.999,I
130,0,16.338,0.999,I
131,0,11.237,0.999,I
132,0,15.133,1,I
133,0,7.148,0.979,I
134,0.126,5.651,0.925,I
135,0.439,1.33,0.208,I
136,0,5.809,0.976,I
137,0.61,3.851,0.972,I
138,0.371,0.974,0.007,I
139,0.261,0.999,0.145,I
140,1,0.696,0,I
141,0.487,0.97,0,I
142,1,1.106,0,I
143,0.824,1.782,0.221,I
144,0.227,2.484,0,I
145,1,3.057,0.363,I
146,0.201,5.161,0.319,I
147,0,6.337,0.673,I
148,0,15.023,0.982,I
149,0,10,1,I
150,0,15.853,1,I
151,0,23.38,0.999,I
152,0,7.763,0.975,I
153,0,1.175,0.077,I
154,0,5.636,0.978,I
155,0,1.676,0.312,I
156,0,1.316,0.296,I
157,0,1.164,0,I
158,0,0.767,0,I
159,0,1.306,0.204,I
160,0,2.624,0.934,I
161,0,3.797,0.896,I
162,0,3.23,0.853,I
163,0.085,1.079,0.077,I
164,0,1.087,0.031,I
165,0,1.391,0.049,I
166,0.083,7.812,0.922,I
167,0.298,14.171,1,I
168,0,16.244,0.999,I
169,0,9.187,0.977,I
170,0,19.028,0.999,I
171,0,21.913,0.999,I
172,0,17.157,0.999,I
173,0,10.765,1,I
174,0,6.38,1,I
175,1,4.281,0.996,I
176,0,2.542,0.63,I
177,0.688,1.698,0.273,I
178,0.83,1.359,0,I
179,0.182,1.964,0.666,I
180,0.566,1.26,0.301,I
181,0.642,0.937,0.102,I
182,0.847,2.74,0.66,I
183,1,3.44,0.92,I
184,1,1.394,0.217,I
185,1,4.059,0.917,I
186,0.43,2.26,0.715,I
187,1,3.431,0.875,I
188,0.506,1.293,0.171,I
189,1,4.542,1,I
190,0,5.724,1,I
191,0.196,8.835,0.999,I
192,0,9.209,0.999,I
193,0,14.209,1,I
194,0,20.071,1,I
195,0,23.922,1,I
196,0,19.29,1,I
197,0,13.203,0.999,I
198,0,5.906,0.993,I
199,0,7.932,0.997,I
200,0.129,0.773,0.001,I
201,0,2.246,0.72,I
202,0.594,1.068,0,I
203,0.27,3.924,0.912,I
204,0.804,2.469,0.49,I
205,1,1.022,0.32,I
206,0.496,1.713,0.217,I
207,0.126,4.331,0.965,I
208,0.592,5.384,0.915,I
209,0.99,1.416,0.337,I
210,0,10.34,0.999,I
211,0.069,6.031,1,I
212,0,4.438,0.972,I
213,0.743,10.602,0.98,I
214,0,6.063,0.97,I
215,0,10.06,0.999,I
216,0,15.285,1,I
217,0,19.444,1,I
218,0,21.903,0.999,I
219,0,19.452,0.999,I
220,0,12.969,1,I
221,0,15.774,1,I
222,0,5.321,0.999,I
223,0,10.397,0.999,I
224,0,0.681,0.132,I
225,0.514,2.452,0.648,I
226,0.757,1.243,0.145,I
227,0,1.726,0.646,I
228,0.703,3.551,0.887,I
229,0.497,0.972,0.035,I
230,0.458,5.245,0.943,I
231,0.654,2.224,0.36,I
232,0.172,2.142,0.603,I
233,0.908,3.809,0.93,I
234,0.608,10.215,0.98,I
235,0.263,12.985,0.999,I
236,0.588,16.18,1,I
237,0,7.337,1,I
238,0.97,6.462,0.962,I
239,0.116,10.48,0.989,I
240,0,12.648,1,I
241,0,20.253,0.999,I
242,0,25.149,1,I
243,0,23.236,1,I
244,0,16.16,0.999,I
245,0.246,7.306,0.904,I
246,0.446,2.539,0.314,I
247,0.169,1.194,0.016,I
248,0.327,1.241,0.082,I
249,0.418,2.784,0.834,I
250,0.245,0.979,0,I
251,0.546,3.148,0.678,I
252,0,6.127,0.948,I
253,0.554,0.98,0.017,I
254,0,1.845,0.172,I
255,0,9.819,0.984,I
256,0,14.889,0.999,I
257,0,21.921,0.999,I
258,0,17.817,0.999,I
259,0,10.776,1,I
260,0.857,1.78,0.39,I
261,0.667,3.575,0.918,I
262,0.169,3.904,0.908,I
263,0,1.361,0.186,I
264,1,1.58,0.397,I
265,0.226,1.05,0.007,I
266,1,1.132,0.047,I
267,0.389,1.753,0.168,I
268,0,3.527,0.719,I
269,0.204,3.185,0.869,I
270,0,6.75,0.991,I
271,0,12.37,0.999,I
272,0,17.957,1,I
273,0,17.56,0.999,I
274,0,15.406,1,I
275,0.474,1.291,0,I
276,0,2.78,0.74,I
277,0,3.703,0.913,I
278,0,7.501,0.999,I
279,0,13.643,0.999,I
280,0,22.247,0.999,I
281,0,21.332,1,I
282,0,20.549,1,I
283,0,13.729,0.999,I
284,0,19.851,0.999,I
285,0,13.194,0.748,I
286,0,14.337,0.942,I
287,0.337,10.412,0.319,I
288,0,8.414,0.669,I
289,0.14,11.139,0.22,I
290,0.588,7.21,0,I
291,0.452,12.102,0.034,I
292,0,8.748,0.176,I
293,1,5.059,0.017,I
294,0.845,1.68,0.282,I
295,0.516,1.455,0.316,I
296,0,3.48,0.903,I
297,0,15.643,0.999,I
298,0.879,1.522,0.271,I
299,0.078,7.077,0.964,I
300,0,1.109,0.21,I
301,0.274,1.042,0.013,I
302,0.691,1.744,0.29,I
303,0,1.835,0.426,I
304,0,3.369,0.985,I
305,0.988,2.664,0.601,I
306,0.405,4.55,0.967,I
307,0.095,10.134,1,I
308,0,17.175,0.999,I
309,0,18.982,1,I
310,0,20.062,0.999,I
311,0,22.018,1,I
312,0,23.108,1,I
313,0,22.695,0.999,I
314,0,19.571,0.999,I
315,0,17.835,0.999,I
316,0,13.789,1,I
317,0,8.151,1,I
318,0,3.847,0.937,I
319,0.951,1.511,0.3,I
320,1,1.225,0,I
321,1,0.805,0.032,I
322,0,1.334,0.428,I
323,0.563,1.621,0.292,I
324,0.18,0.704,0,I
325,0.763,0.652,0.067,I
326,0.928,0.988,0,I
327,0.911,1.11,0,I
328,0.527,1.222,0.068,I
329,0.669,1.621,0.261,I
330,0,2.467,0.806,I
331,0.097,6.092,0.977,I
332,0,13.184,0.999,I
333,0,5.467,0.922,I
334,0,23.34,0.999,I
335,0,12.495,0.999,I
336,0,6.078,0.941,I
337,0,16.771,1,I
338,0,14.286,0.999,I
339,0,12.872,0.857,I
340,0,22.954,0.999,I
341,0,21.165,0.99,I
342,0,20.054,1,I
343,0,18.644,0.999,I
344,0,15.37,1,I
345,0,12.403,1,I
346,0,10.503,1,I
347,0,5.208,0.964,I
348,0,1.882,0.346,I
349,0,4.147,0.941,I
350,0,6.15,0.884,I
351,0.189,1.054,0,I
352,1,1.924,0.346,I
353,0.728,2.397,0.642,I
354,0.233,0.911,0,I
355,0.438,0.902,0,I
356,0.897,0.934,0.006,I
357,0.178,1.749,0.426,I
358,0.8,0.735,0,I
359,0.085,1.267,0.41,I
360,0.323,1.269,0,I
361,1,3.358,0,I
362,0.4,4.915,0.04,I
363,0,12.71,0.544,I
364,0,19.533,0.638,I
365,0,22.348,0.236,I
366,0,22.042,0.023,I
367,0,12.5,0.032,I
368,0,4.82,0.492,I
369,0.426,1.608,0.194,I
370,0.223,1.476,0.025,I
371,0.513,1.346,0,I
372,0.309,2.194,0.035,I
373,0.363,0.923,0.113,I
374,0,10.85,0,I
375,0.37,5.755,0.977,I
376,0.445,8.462,0.185,I
377,0.996,1.2,0.138,I
378,0.88,2.353,0.909,I
379,1,0.947,0,I
380,0,8.015,1,I
381,0.117,2.529,0.554,I
382,1,3.356,0.774,I
383,0,7.837,0.976,I
384,0,1.615,0.34,I
385,0.058,5.212,0.988,I
386,0.719,1.075,0.051,I
387,0.088,7.166,0.987,I
388,0,10.724,1,I
389,1,11.657,1,I
390,0.227,16.032,0.909,I
391,0,18.069,0.354,I
392,0,23.8,0.69,I
393,0.472,16.45,1,I
394,0.409,19.801,0.999,I
395,0,26.992,1,I
396,0,32.025,1,I
397,0,19.99,0.487,I
398,0.561,17.865,0.151,I
399,0,24.101,0.361,I
400,0.806,12.832,0.009,I
401,0,9.433,0.1,I
402,0.417,29.847,0.995,I
403,0.238,31.606,0.97,I
404,1,32.768,0.999,I
405,0.589,34.472,1,I
406,0,33.641,0.824,I
407,0,33.033,1,I
408,0,25.843,0.999,I
409,0,28.489,1,I
410,0,28.151,0.999,I
411,0,20.396,0.999,I
412,0.571,17.487,0.999,I
413,0,19.061,1,I
414,0.885,14.857,1,I
415,0,18.599,0.878,I
416,0,17.55,0.918,I
417,0,17.008,0.999,I
418,0.57,8.633,0.023,I
419,0,8.366,0.66,I
420,0.681,7.903,0.999,I
421,1,12.426,1,I
422,0,10.128,1,I
423,0,2.945,0.856,I
424,0,11.818,1,I
425,1,4.439,1,I
426,0,19.605,0.999,I
427,0,25.059,0.999,I
428,0.074,22.982,0.999,I
429,0,18.328,0.999,I
430,0,22.842,0.739,I
431,0,16.124,1,I
432,0,0.99,0.16,I
433,0,1.317,0.068,I
434,0,1.647,0.003,I
435,0,2.489,0.816,I
436,0,1.326,0.186,I
437,0,3.771,0.999,I
438,0,5.267,0.834,I
439,0,11.469,0.999,I
440,0,1.105,0.056,I
441,0,1.226,0,I
442,0,1.07,0.158,I
443,0,2.179,0.799,I
444,0.734,3.816,0.935,I
445,0,1.523,0.474,I
446,0,0.883,0,I
447,0,1.139,0,I
448,0.367,1.131,0,I
449,0.323,1.695,0.16,I
450,0.625,1.483,0.262,I
451,0,1.068,0.071,I
452,0,1.221,0.028,I
453,0,3.387,1,I
454,0,1.848,0.45,I
455,0.551,2.218,0.8,I
456,0.617,3.451,0.999,I
457,1,3.101,0.902,I
458,0,4.43,0.999,I
459,0,5.859,1,I
460,0,7.807,0.999,I
461,0.052,9.005,1,I
462,0,15.421,1,I
463,0.377,7.424,1,I
464,0,3.332,0.921,I
465,0,7.555,0.999,I
466,0,11.516,1,I
467,0,13.409,0.999,I
468,0,16.27,1,I
469,0,21.838,0.72,I
470,0,20.517,0.999,I
471,0,27.03,0.113,I
472,0,25.622,0.814,I
473,0.214,21.466,0.78,I
474,0,14.836,0.999,I
475,0,16.815,0.874,I
476,0,19.372,0.016,I
477,0,23.482,0.093,I
478,0,14.444,0.149,I
479,0,10.691,0.887,I
480,0.185,8.666,0.267,I
481,0,1.311,0.23,I
482,0.095,6.064,0.989,I
483,0.609,4.455,0.954,I
484,0.12,5.023,0.777,I
485,0.549,5.08,0.876,I
486,0.531,7.529,0.884,I
487,0,10.221,0.905,I
488,0,15.24,0.31,I
489,0,23.342,0,I
490,0,23.829,0.617,I
491,0,27.173,0.603,I
492,0,21.881,1,I
493,0,22.645,0.999,I
494,0,21.844,1,I
495,0,17.538,1,I
496,0,16.266,1,I
497,0,13.553,1,I
498,0,8.407,1,I
499,0.162,3.559,0.938,I
500,0,1.336,0.458,I
501,0,1.658,0.222,I
502,0,1.191,0.34,I
503,0,0.85,1,I
504,0,2.447,1,I
505,0,6.621,0.999,I
506,0,9.733,0.999,I
507,0,7.125,0.999,I
508,0,7.126,1,I
509,0,1.268,0.999,I
510,0,3.858,0.999,I
511,0,1.465,0.999,I
512,0.222,0.928,1,I
513,0.615,1.175,1,I
514,0.756,1.292,0.999,I
515,0.126,1.356,0.999,I
516,0,0.87,1,I
517,0,3.43,1,I
518,0,4.319,1,I
519,0,9.069,1,I
520,0,12.261,0.999,I
521,0,7.948,1,I
522,0,5.102,0.999,I
523,0,1.769,1,I
524,0,1.033,1,I
525,0,2.89,0.999,I
526,0,2.541,1,I
527,0,0.858,0.999,I
528,0,1.696,0.999,I
529,0,0.8,1,I
530,0.282,0.833,1,I
531,0.8,0.864,0.999,I
532,0.766,0.901,0.999,I
533,0.632,1.179,0.999,I
534,0,3.818,0.999,I
535,0.229,1.377,1,I
536,0,8.681,1,I
537,0,15.97,0.999,I
538,0,10.405,1,I
539,0,22.212,1,I
540,0,27.262,0.899,I
541,0,23.17,1,I
542,0,22.282,0.25,I
543,0,16.602,0.524,I
544,0.39,12.737,0.844,I
545,0.742,12.136,0.733,I
546,1,9.083,1,I
547,0.802,9.822,0.999,I
548,0.212,12.173,1,I
549,0,15.802,1,I
550,0,22.998,0.999,I
551,1,10.281,1,I
552,0.351,12.312,0.999,I
553,0.465,15.834,1,I
554,0,21.794,0.999,I
555,0,18.847,1,I
556,0,26.641,1,I
557,0,24.611,1,I
558,0,24.449,0.99,I
559,0,15.958,0.999,I
560,0,11.453,0.999,I
561,0,10.12,0.999,I
562,0,7.466,1,I
563,0.311,1.378,0.96,I
564,0.247,1.145,0.999,I
565,0.294,1.57,1,I
566,0.396,1.09,1,I
567,0.449,1.301,0.937,I
568,0.733,0.924,0.999,I
569,0,5.718,0.999,I
570,0,3.501,1,I
571,0,14.978,1,I
572,0.311,4.23,0.863,I
573,0,4.06,0.967,I
574,0,1.302,0.297,I
575,0,5.147,0.004,I
576,0.487,8.819,0.999,I
577,0,16.166,1,I
578,0,23.812,0.865,I
579,0,22.541,0.999,I
580,0,21.21,0.58,I
581,0,15.53,0.315,I
582,0,8.991,0.363,I
583,0,3.928,0.569,I
584,0,5.652,0.256,I
585,0,0.933,0.653,I
586,0.091,4.913,0.999,I
587,0.722,1.293,0.999,I
588,0,0.723,1,I
589,0.846,1.473,0.992,I
590,1,1.043,1,I
591,0.621,0.85,1,I
592,0,1.051,0.86,I
593,0,0.965,0.999,I
594,0,0.841,0.912,I
595,0.426,1.121,0.999,I
596,0.721,0.989,1,I
597,0.505,1.448,1,I
598,0,1.625,0.999,I
599,0,5.44,0.055,I
600,0,5.124,0.024,I
601,0,4.735,0.758,I
602,0,11.995,0.917,I
603,0,18.009,0.994,I
604,0,20.495,1,I
605,0.482,6.486,0.453,I
606,0.292,11.345,0.795,I
607,0.754,2.322,0.999,I
608,0,3.436,0.999,I
609,0,1.567,0.999,I
610,0.679,1.127,1,I
611,0,2.986,0.213,I
612,0,3.827,1,I
613,0,1.754,0.843,I
614,0,1.438,1,I
615,0,4.752,1,I
616,0,1.277,0.999,I
617,0,5.176,0.999,I
618,0,8.542,0.999,I
619,0,12.435,1,I
620,0.504,13.458,1,I
621,0,7.178,0.999,I
622,0,12.199,1,I
623,0,20.178,1,I
624,0,1.79,1,I
625,0,5.641,0.999,I
626,0.09,10.248,0.999,I
627,0,16.178,0.999,I
628,0,25.062,0.999,I
629,0,25.432,0.999,I
630,0,31.477,1,I
631,0,28.296,0.999,I
632,0.044,19.997,0.999,I
633,0.477,17.904,0.937,I
634,0.485,12.057,0.285,I
635,0.159,4.129,0,I
636,0.095,2.563,0,I
637,0.12,6.915,0.099,I
638,0,1.253,0,I
639,0,1.61,0,I
640,0,1.115,0,I
641,0,1.183,0,I
642,0,1.565,0,I
643,0,1.408,0.068,I
644,0,1.438,0.042,I
645,0,18.798,1,I
646,0,26.327,0.999,I
647,0.111,19.453,0.903,I
648,0,28.803,0.999,I
649,0,17.968,0.999,I
650,0,6.64,0.999,I
651,0.204,13.302,0.999,I
652,0,1.335,0.999,I
653,0.374,1.203,1,I
654,0,1.141,1,I
655,0,1.83,1,I
656,0,0.856,1,I
657,0,1.311,1,I
658,0,5.055,1,I
659,0.13,12.098,1,I
660,0,6.891,0.999,I
661,0,3.479,1,I
662,0,1.266,1,I
663,0,1.028,1,I
664,0,1.424,0.999,I
665,1,1.458,0.999,I
666,0.27,1.641,1,I
667,0,23.986,0.999,I
668,0,18.517,0.999,I
669,0,26.539,1,I
670,0,27.881,0.999,I
671,0.342,10.536,0.067,I
672,0,5.618,0,I
673,0,4.132,0,I
674,0,0.94,0,I
675,0,4.271,0,I
676,0,8.942,0,I
677,0,9.484,0.239,I
678,0.202,16.349,0.286,I
679,0.168,14.457,0.56,I
680,0,22.532,0.122,I
681,0,18.56,0.461,I
682,0,21.259,0.966,I
683,0,27.209,0.867,I
684,0,28.368,0.703,I
685,0,24.398,1,I
686,0,25.674,1,I
687,0,30.26,0.999,I
688,0,25.956,1,I
689,0,31.384,1,I
690,0,25.625,1,I
691,0,15.639,0.999,I
692,0.159,8.244,0.999,I
693,0,1.608,0.999,I
694,0,3.818,1,I
695,0,1.871,0.999,I
696,0,1.379,1,I
697,0,1.894,1,I
698,0,1.705,0.872,I
699,1,1.179,1,I
700,0.495,1.811,0.788,I
701,0,1.689,0.991,I
702,0,5.776,0.053,I
703,0,4.835,0.221,I
704,0,0.913,0.999,I
705,0,2.812,1,I
706,0,5.155,0.999,I
707,0,4.139,0.999,I
708,0,1.21,1,I
709,0,6.904,1,I
710,0,15.032,0.999,I
711,0,8.298,1,I
712,0,17.13,0.999,I
713,0,17.042,1,I
714,0,6.041,0.999,I
715,0,10.388,0.999,I
716,0,5.742,1,I
717,0,0.985,1,I
718,0,0.868,0.921,I
719,0,1.421,0.776,I
720,0,1.436,0.97,I
721,0,1.158,0.999,I
722,0,3.082,1,I
723,0,1.707,0.648,I
724,1,1.42,0.939,I
725,0,1.336,1,I
726,0,2.929,1,I
727,0.738,2.4,0.857,I
728,0,1.455,0.821,I
729,0,1.873,0.774,I
730,1,0.985,0.999,I
731,0,1.03,0.999,I
732,0.541,2.92,0.999,I
733,0,3.831,1,I
734,0,1.562,0.999,I
735,0,9.167,1,I
736,0,3.168,1,I
737,0,3.45,0.999,I
738,0,1.15,0.999,I
739,0,2.981,1,I
740,0,4.898,0.999,I
741,0,7.061,0.999,I
742,0,10.983,1,I
743,0,16.331,0.999,I
744,0,18.445,0.999,I
745,0,8.321,1,I
746,0,7.313,0.999,I
747,0,4.197,0.999,I
748,0,14.045,1,I
749,0,17.194,1,I
750,0.166,8.415,0.999,I
751,0.754,1.759,1,I
752,0,10.955,1,I
753,0,26.113,1,I
754,0,25.709,1,I
755,0,33.045,0.999,I
756,0,19.018,0.999,I
757,0,24,0.999,I
758,0,29.742,0.999,I
759,0,23.595,1,I
760,0,28.099,0.999,I
761,0,28.456,0.888,I
762,0,35.054,1,I
763,0,34.774,0.999,I
764,0.144,17.75,0.619,I
765,0,21.453,0.751,I
766,0,35.649,0.999,I
767,0,34.304,0.999,I
768,0,27.284,0.37,I
769,0,40.532,0.999,I
770,0,42.88,0.773,I
771,0,11.077,0.131,I
772,0,15.983,0.032,I
773,0,21.367,0,I
774,0,6.052,0,I
775,0,3.279,0,I
776,0,2.09,0,I
777,0,10.686,0,I
778,0.122,3.927,0,I
779,0,14.713,0,I
780,0,4.394,0,I
781,0.117,1.613,0,I
782,0,14.678,0,I
783,0,30.81,0,I
784,0,32.014,0,I
785,0,38.207,0,I
786,0,45.866,0.065,I
787,0,54.155,0.139,I
788,0.613,61.633,0.064,I
789,0.919,77.679,0.295,I
790,1,78.841,0.395,I
791,0.089,62.73,0.032,I
792,0,60.074,0.334,I
793,0,53.914,0.465,I
794,0.339,72.465,0.571,I
795,0,61.821,0.666,I
796,0,50.475,0.987,I
797,0,42.433,1,I
798,0,41.55,0.999,I
799,0,42.159,0.999,I
800,0,32.977,1,I
801,0,32.257,0.999,I
802,0,27.12,1,I
803,0,25.14,1,I
804,0,16.579,0.999,I
805,0,18.509,1,I
806,0,10.111,0.999,I
807,0,35.752,0.999,I
808,0,32.153,1,I
809,0,24.859,1,I
810,0,17.025,1,I
811,0,18.404,1,I
812,0,9.319,0.999,I
813,0,14.968,1,I
814,0,18.799,1,I
815,0,9.372,0.994,I
816,0,5.298,0.999,I
817,0.165,1.547,0.286,I
818,0.46,1.6,0.031,I
819,0.135,1.294,0.361,I
820,0.356,0.842,0.184,I
821,0,6.055,0.993,I
822,0,1.704,0.467,I
823,0.193,3.018,0.688,I
824,0,3.772,0.945,I
825,0.322,1.17,0.096,I
826,0.415,2.66,0.137,I
827,1,0.988,0.999,I
828,0.805,1.298,0.385,I
829,0.905,0.836,0.03,I
830,1,1.995,0.885,I
831,0,1.69,0.646,I
832,0,1.106,0.316,I
833,0.346,5.014,0.974,I
834,0.37,4.633,0.94,I
835,0.676,0.717,0.149,I
836,0,0.62,0.014,I
837,0,0.913,0.206,I
838,0.489,3.244,0.993,I
839,0.942,1.109,0.131,I
840,0.456,8.107,0.418,I
841,0.827,8.511,0.981,I
842,0.247,2.34,0.393,I
843,0,6.85,0.902,I
844,0.389,3.817,0.934,I
845,0,9.204,1,I
846,0,18.161,1,I
847,0,26.777,1,I
848,0,37.681,1,I
849,0,49.761,0.999,I
850,0.317,62.585,0.999,I
851,0.779,75.189,0.999,I
852,1,68.561,1,I
853,0.577,68.993,1,I
854,0.372,61.38,1,I
855,0,51.033,0.999,I
856,0,38.956,0.999,I
857,0,27.539,0.999,I
858,0,20.207,0.999,I
859,0,17.337,0.99,I
860,0.329,14.109,0.996,I
861,0.077,29.286,1,I
862,0.911,28.055,0.999,I
863,0.353,23.963,0.761,I
864,0.685,43.623,0.644,I
865,0.099,44.195,0.999,I
866,0.242,59.158,1,I
867,0.52,61.62,0.999,I
868,0.957,61.336,0.999,I
869,0,40.859,0.999,I
870,0,38.33,1,I
871,0,41.285,1,I
872,0,58.561,1,I
873,0,48.275,0.999,I
874,0.099,58.947,1,I
875,1,68.557,0.999,I
876,0,57.81,1,I
877,0,54.729,1,I
878,0,61.74,0.999,I
879,0,55.88,1,I
880,0.177,63.786,1,I
881,0.673,63.744,1,I
882,1,65.946,1,I
883,0,73.038,0.999,I
884,0.573,64.005,1,I
885,0.839,36.184,0.999,I
886,0.745,37.722,0.999,I
887,0.182,48.422,1,I
888,0,38.621,1,I
889,0,30.792,1,I
890,0.241,27.324,0.999,I
891,0,54.897,0.999,I
892,0,48.638,0.999,I
893,0,57.713,0.999,I
894,0,49.119,1,I
895,0,53.581,1,I
896,0,59.869,0.999,I
897,0,67.14,0.999,I
898,0,73.118,1,I
899,0.779,70.509,0.999,I
900,0.24,75.348,0.999,I
901,0.235,73.698,0.896,I
902,0.387,65.953,0.999,I
903,0,35.626,0.999,I
904,0,43.793,1,I
905,0,39.367,0.999,I
906,0.861,16.865,1,I
907,0.407,15.071,1,I
908,0.171,5.862,0.999,I
909,0.211,13.59,1,I
910,0,33.467,0.999,I
911,0,25.099,0.999,I
912,0,23.603,1,I
913,0,30.96,1,I
914,0,41.753,0.999,I
915,0,40.303,1,I
916,0,48.459,1,I
917,0,57.866,0.999,I
918,0,56.983,1,I
919,0.487,63.065,0.997,I
920,0.64,64.133,0.811,I
921,1,43.472,0.941,I
922,0.859,45.464,0.508,I
923,0.243,49.096,0.958,I
924,0,43.814,0.999,I
925,0,47.042,1,I
926,0,41.691,1,I
927,0,40.727,1,I
928,0,26.392,1,I
929,0,23.416,0.999,I
930,0,34.21,1,I
931,0.106,14.13,0.999,I
932,0.191,18.643,1,I
933,1,9.508,1,I
934,0.217,9.223,1,I
935,0.53,20.687,0.999,I
936,0.218,30.837,0.999,I
937,0,39.679,1,I
938,0,31.148,1,I
939,0.271,27.936,1,I
940,0,34.224,1,I
941,0,41.586,0.999,I
942,0,39.69,1,I
943,0,44.823,1,I
944,0,45.452,0.999,I
945,0,40.199,1,I
946,0,42.59,1,I
947,0,33.369,0.999,I
948,0,40.361,0.999,I
949,0.177,32.055,1,I
950,0.639,32.793,1,I
951,0,31.196,1,I
952,0.667,22.845,0.999,I
953,0,15.905,0.999,I
954,0.053,29.018,1,I
955,0.197,12.535,0.999,I
956,0.209,14.208,0.999,I
957,0.407,28.543,0.999,I
958,0.542,20.975,1,I
959,0,42.839,0.999,I
960,0,40.854,0.999,I
961,0,37.524,0.999,I
962,0.262,28.506,0.999,I
963,0.389,32.515,0.992,I
964,0,28.314,0.999,I
965,0.311,20.698,0.764,I
966,0.373,26.521,0.624,I
967,0.085,20.578,0.413,I
968,0.23,24.599,0,I
969,0,10.472,0,I
970,0,13.477,0,I
971,0,5.932,0,I
972,0,2.925,0,I
973,0.985,5.35,0,I
974,0.023,23.37,0,I
975,0.094,19.612,0.107,I
976,0,14.932,0,I
977,0.06,9.058,0,I
978,1,1.664,0,I
979,0,1.844,0,I
980,0,10.372,0.022,I
981,0.587,4.871,0.538,I
982,0.544,6.185,0,I
983,0,8.502,0.753,I
984,0,20.895,0.999,I
985,0.738,11.23,0.466,I
986,0.278,12.596,1,I
987,0,25.533,1,I
988,0,35.368,0.999,I
989,0,38.835,1,I
990,0,29.453,0.999,I
991,0,25.059,0.999,I
992,0,36.958,1,I
993,0,30.59,1,I
994,0,20.393,1,I
995,1,15.432,1,I
996,0.435,10.805,0.999,I
997,0.537,7.22,1,I
998,1,16.411,1,I
999,0.85,17.111,0.999,I
1000,0.165,22.496,1,I
1001,0,32.774,0.999,I
1002,0,34.394,1,I
1003,0,22.927,1,I
1004,0.079,16.714,0.999,I
1005,0,25.282,0.999,I
1006,0.199,14.026,0.999,I
1007,0,34.873,1,I
1008,0,22.481,1,I
1009,0,18.147,0.999,I
1010,0.415,10.123,0.999,I
1011,0.999,5.158,1,I
1012,0.124,3.799,1,I
1013,0,1.334,0.999,I
1014,0.86,5.475,0.999,I
1015,0.641,5.619,0.999,I
1016,1,3.652,0.999,I
1017,0,2.109,0.999,I
1018,0.314,4.017,0.998,I
1019,1,5.748,1,I
1020,0.236,1.767,0.999,I
1021,0.674,4.268,0.999,I
1022,0.637,6.197,0.999,I
1023,0.488,10.788,0.999,I
1024,0,33.067,1,I
1025,0,25.726,0.999,I
1026,0,18.475,1,I
1027,0,38.303,1,I
1028,0,32.597,0.999,I
1029,0,29.739,0.999,I
1030,0.525,21.951,0.999,I
1031,0,29.125,1,I
1032,0,21.003,0.999,I
1033,0.288,11.612,0.999,I
1034,0.84,10.655,0.998,I
1035,0.802,13.717,0.999,I
1036,0.5,4.973,0.878,I
1037,1,11.582,1,I
1038,0.441,8.823,0.993,I
1039,0.341,15.271,0.999,I
1040,0,24.964,0.999,I
1041,0,30.004,0.999,I
1042,0,19.031,0.999,I
1043,0,27.441,1,I
1044,0,29.673,0.999,I
1045,0,19.587,1,I
1046,0.06,10.861,1,I
1047,0.871,4.457,1,I
1048,0.851,1.745,1,I
1049,0.478,1.2,1,I
1050,0.112,2.448,1,I
1051,0.586,4.916,1,I
1052,0,22.657,1,I
1053,0,12.463,0.999,I
1054,0,31.223,1,I
1055,0,28.119,1,I
1056,0,22.214,1,I
1057,0.133,14.187,0.97,I
1058,0.322,12.947,0.999,I
1059,0,24.573,1,I
1060,0.262,35.495,0.457,I
1061,0.846,31.776,0.861,I
1062,0.738,31.74,1,I
1063,0.172,33.586,1,I
1064,0,35.586,0.999,I
1065,0,32.618,0.999,I
1066,0,24.052,0.999,I
1067,0.218,16.586,1,I
1068,0.893,14.764,0.999,I
1069,0.879,11.279,0.999,I
1070,0.237,6.604,0.513,I
1071,0.874,14.958,0.999,I
1072,1,12.374,0.918,I
1073,0.274,18.473,0.999,I
1074,0.227,7.006,0.274,I
1075,0,9.213,0.454,I
1076,0.854,17.989,0.971,I
1077,0,6.093,0.325,I
1078,0.967,23.823,0.999,I
1079,0,24.304,1,I
1080,0,35.347,1,I
1081,0,28.833,1,I
1082,0,35.254,1,I
1083,0,36.662,0.999,I
1084,0,27.878,1,I
1085,0,35.182,0.999,I
1086,0.613,44.761,1,I
1087,0.572,36.774,1,I
1088,0.367,41.305,0.555,I
1089,0.635,38.848,1,I
1090,0,27.029,1,I
1091,0,21.322,1,I
1092,0,22.6,0.999,I
1093,0.228,15.827,1,I
1094,0,10.94,0.868,I
1095,0,12.198,0.999,I
1096,0.106,10.434,0.941,I
1097,1,7.632,1,I
1098,0.187,7.371,0.999,I
1099,0.175,6.278,0.999,I
1100,0,7.046,1,I
1101,0,10.296,1,I
1102,0,4.538,1,I
1103,0,1.019,1,I
1104,0,1.625,1,I
1105,0,13.892,0.999,I
1106,0,3.616,0.999,I
1107,0,1.177,0.999,I
1108,0,1.083,1,I
1109,0,4.218,1,I
1110,0,1.095,1,I
1111,0,4.498,0.999,I
1112,0,10.776,1,I
1113,0.571,20.558,0.999,I
1114,0.395,4.557,0.999,I
1115,0.588,11.536,1,I
1116,0,17.168,0.829,I
1117,0,1.38,0.999,I
1118,0,1.928,0.999,I
1119,0.322,9.306,0.73,I
1120,0.41,4.763,1,I
1121,0.087,12.27,0.853,I
1122,0.362,6.068,1,I
1123,0.392,5.35,0.999,I
1124,0.204,1.588,1,I
1125,0,5.455,1,I
1126,0,9.456,0.999,I
1127,0,8.603,0.999,I
1128,0,4.226,1,I
1129,0.089,4.158,0.999,I
1130,0,7.148,0.999,I
1131,0,10.225,0.999,I
1132,0.072,11.077,0.999,I
1133,0,4.228,1,I
1134,0,1.931,1,I
1135,0,1.327,0.999,I
1136,0,1.408,1,I
1137,0,5.393,1,I
1138,0.23,2.239,0.999,I
1139,0.165,6.574,0.999,I
1140,0,9.686,1,I
1141,0.319,7.726,1,I
1142,0,18.122,0.999,I
1143,0,13.808,1,I
1144,0.148,18.014,0.959,I
1145,0,10.72,0.999,I
1146,0.053,9.347,0.998,I
1147,0.048,3.863,0,I
1148,0.231,10.025,0.092,I
1149,0.802,13.493,0.714,I
1150,0.689,12.746,0.799,I
1151,0.49,15.356,0.712,I
1152,0,12.403,0.712,I
1153,0.184,12.918,0.307,I
1154,0.953,12.282,0.738,I
1155,0.148,8.311,1,I
1156,0,4.347,0.984,I
1157,0,1.343,0.985,I
1158,0,1,0.772,I
1159,0,6.848,0,I
1160,0,5.814,0.13,I
1161,0.603,1.34,0.891,I
1162,0,5.392,0.132,I
1163,0.263,3.42,0.778,I
1164,0.269,1.537,0.999,I
1165,0.57,8.898,1,I
1166,0.533,13.598,0.999,I
1167,0,10.323,0.999,I
1168,1,15.271,0.999,I
1169,0.702,20.355,0.999,I
1170,0,19.018,0.999,I
1171,0.496,17.829,0.999,I
1172,0.256,8.064,0.999,I
1173,0,9.365,0.999,I
1174,0,1.999,1,I
1175,0.335,14.198,0.721,I
1176,0.067,13.52,0.968,I
1177,0,7.278,1,I
1178,0,7.526,1,I
1179,0.99,7.269,0.999,I
1180,0,7.868,1,I
1181,0.049,15.114,0.967,I
1182,0.261,19.759,0.704,I
1183,0.931,16.372,1,I
1184,0.081,9.598,1,I
1185,0.722,6.378,1,I
1186,0.177,7.528,1,I
1187,0.194,7.089,0.999,I
1188,0.228,7.358,1,I
1189,0.294,1.495,1,I
1190,0.054,1.534,1,I
1191,0.141,11.411,0.998,I
1192,0.323,10.491,0.966,I
1193,0.149,18.746,0.999,I
1194,0.149,13.227,1,I
1195,0.215,7.405,0.999,I
1196,0.118,9.18,0.907,I
1197,0,12.623,0.47,I
1198,0,12.525,0.938,I
1199,0.302,16.77,0.991,I
1200,0,16.561,0.999,I
1201,0.13,12.731,0.999,I
1202,0.463,14.305,0.165,I
1203,0.337,13.957,0.684,I
1204,0.131,16.397,0.999,I
1205,0.772,11.835,0.049,I
1206,0.753,10.205,0.258,I
1207,0.34,6.833,0.043,I
1208,0,10.653,0.999,I
1209,0,8.549,0.999,I
1210,0,6.831,0.999,I
1211,0.396,4.38,1,I
1212,0,1.156,0.999,I
1213,0.144,3.624,0.999,I
1214,0.438,1.434,0.999,I
1215,0.689,5.328,0.999,I
1216,0.083,10.384,0.999,I
1217,0,4.207,0.999,I
1218,0,15.464,1,I
1219,0,9.442,0.999,I
1220,0,12.936,1,I
1221,0.242,14.266,0.836,I
1222,1,9.652,0.381,I
1223,0.2,6.497,0.105,I
1224,0,5.489,0.832,I
1225,0.926,8.434,0.957,I
1226,0,12.997,0.999,I
1227,0,17.173,0.999,I
1228,0.042,22.286,1,I
1229,0,16.339,1,I
1230,0,19.619,0.999,I
1231,0,18.783,1,I
1232,0.271,15.585,0.999,I
1233,0.209,12.242,1,I
1234,0,4.626,1,I
1235,0.485,1.566,0.999,I
1236,0.115,0.933,1,I
1237,0.78,17.063,1,I
1238,0.105,5.579,1,I
1239,0.194,11.02,0.999,I
1240,0.044,11.172,1,I
1241,0.986,16.051,1,I
1242,0.3,20.774,1,I
1243,0.052,23.308,0.99,I
1244,0,3.919,0.795,I
1245,0.934,5.983,0.994,I
1246,0.161,9.927,1,I
1247,0,13.678,0.999,I
1248,0,14.245,0.999,I
1249,0,10.638,0.999,I
1250,0,7.138,0.999,I
1251,0.093,3.263,1,I
1252,0,1.076,0.999,I
1253,0.33,0.981,0.999,I
1254,0,1.595,0.999,I
1255,0,1.585,0.999,I
1256,0.192,1.007,1,I
1257,0.301,6.79,1,I
1258,0,12.357,1,I
1259,0.481,14.606,0.901,I
1260,0.169,5.107,1,I
1261,0.185,15.417,0.537,I
1262,0.245,10.507,0.971,I
1263,0.82,7.05,0.999,I
1264,0.113,13.068,0.999,I
1265,0,6.866,1,I
1266,0.292,13.552,0.999,I
1267,0.038,19.579,0.999,I
1268,0.168,22.642,0.624,I
1269,0.813,7.603,1,I
1270,0,17.874,1,I
1271,0.373,26.494,1,I
1272,0.334,22.821,0.999,I
1273,0,17.154,0.999,I
1274,0.133,8.183,1,I
1275,0,20.603,0.999,I
1276,0,25.348,1,I
1277,0.353,19.519,1,I
1278,0,19.856,0.999,I
1279,0,14.676,1,I
1280,0,14.477,0.999,I
1281,0,19.861,1,I
1282,0.34,10.049,0.999,I
1283,0,12.891,0.999,I
1284,0.657,7.627,1,I
1285,0.58,6.928,1,I
1286,0,5.302,1,I
1287,1,2.057,0.572,I
1288,0,4.229,0.969,I
1289,0.669,6.418,0.944,I
1290,0.751,8.779,1,I
1291,0.726,10.68,0.999,I
1292,0,18.085,1,I
1293,0,26.355,0.997,I
1294,0,26.762,0.589,I
1295,0,14.976,0.999,I
1296,0.119,26.048,1,I
1297,0,26.508,0.225,I
1298,0,20.131,0.295,I
1299,0.134,13.791,0.963,I
1300,0.63,11.618,0.74,I
1301,0.142,2.472,0.763,I
1302,0,5.533,1,I
1303,0,4.693,1,I
1304,0.832,8.304,1,I
1305,0,6.926,0.999,I
1306,0.158,3.257,0.999,I
1307,0.431,8.831,0.988,I
1308,0,17.622,0.997,I
1309,0,10.566,1,I
1310,0,18.334,0.984,I
1311,0,24.044,0.999,I
1312,0,25.328,1,I
1313,0,20.955,1,I
1314,0.799,15.605,1,I
1315,0.992,9.388,0.999,I
1316,1,12.013,1,I
1317,0.918,12.328,0.999,I
1318,0,14.561,0.999,I
1319,0.921,6.315,0.971,I
1320,0,2.009,0.422,I
1321,0.435,4.385,0.93,I
1322,1,5.613,1,I
1323,0,17.238,0.999,I
1324,0.905,1.964,0.44,I
1325,0.593,3.26,0.994,I
1326,0.988,6.239,0.999,I
1327,0.224,10.144,0.999,I
1328,0.783,6.774,1,I
1329,0,24.807,1,I
1330,0,24.993,1,I
1331,0,29.849,1,I
1332,0,32.37,1,I
1333,0,25.936,1,I
1334,0,19.882,0.999,I
1335,0,29.739,0.999,I
1336,0,21.045,0.999,I
1337,0,1.143,0.939,I
1338,0,1.953,0.637,I
1339,0.175,6.153,0.109,I
1340,0.628,5.487,1,I
1341,0,7.435,0.531,I
1342,0.38,11.893,1,I
1343,0,1.221,0,I
1344,0.25,4.318,0.589,I
1345,0.232,13.174,1,I
1346,0.165,5.487,0.649,I
1347,0.258,9.392,0.98,I
1348,0.749,2.137,0.8,I
1349,0.377,6.554,0.999,I
1350,0,14.119,0.999,I
1351,0.076,13.893,0.964,I
1352,0.828,17.659,1,I
1353,0,20.557,0.999,I
1354,0,25.986,0.999,I
1355,0,24.268,1,I
1356,0.422,17.091,1,I
1357,0.579,16.61,0.999,I
1358,0,12.005,0.984,I
1359,0,27.239,1,I
1360,0,16.844,0.442,I
1361,0,32.266,0.99,I
1362,0.433,18.674,0.03,I
1363,0.246,26.701,0.147,I
1364,0.359,23.327,0.069,I
1365,0,36.754,0.985,I
1366,0,37.727,0.993,I
1367,0,31.548,0.31,I
1368,0,27.541,0.999,I
1369,0,34.634,1,I
1370,0,25.901,0.999,I
1371,0.227,12.926,0.999,I
1372,0.966,16.28,0.999,I
1373,0.284,20.799,0.999,I
1374,0.427,12.517,0.983,I
1375,0.744,37.645,1,I
1376,0.71,44.89,1,I
1377,0.36,38.073,1,I
1378,0,39.642,1,I
1379,0,37.188,0.999,I
1380,0,45.992,1,I
1381,0,52.851,1,I
1382,0,44.428,1,I
1383,0,38.981,0.999,I
1384,0,34.475,0.993,I
1385,0,36.339,0.999,I
1386,0.315,28.43,0.967,I
1387,0.821,25.344,0.899,I
1388,0,20.359,0.985,I
1389,0.555,16.925,0.86,I
1390,0,11.639,0.81,I
1391,0.707,7.521,1,I
1392,0.585,5.212,0.999,I
1393,0,12.465,0.974,I
1394,0.353,8.451,0.999,I
1395,0.476,4.001,0.999,I
1396,0.361,4.076,0.936,I
1397,1,5.28,0.961,I
1398,0.329,9.09,0.991,I
1399,0,16.753,0.999,I
1400,0,8.819,0.993,I
1401,0,18.993,0.999,I
1402,0,25.756,1,I
1403,0,24.875,0.999,I
1404,0,20.158,0.999,I
1405,0,15.513,1,I
1406,0,32.525,0.999,I
1407,0,28.351,1,I
1408,0,38.543,1,I
1409,0,31.633,1,I
1410,0,45.185,1,I
1411,0,28.357,0.999,I
1412,0,48.743,1,I
1413,0,24.569,0.999,I
1414,0,46.668,1,I
1415,0,45.835,0.999,I
1416,0,26.279,1,I
1417,0,26.63,1,I
1418,0.7,34.546,1,I
1419,0.856,33.054,0.928,I
1420,0.319,12.219,0.997,I
1421,0.951,8.163,0.987,I
1422,0.883,1.091,0.033,I
1423,0,3.553,0.919,I
1424,0,1.173,0.009,I
1425,0.409,6.135,0.935,I
1426,0,14.644,1,I
1427,0.301,2.742,0.576,I
1428,0.538,1.661,0.358,I
1429,0.621,0.958,0.036,I
1430,1,1.436,0.47,I
1431,1,2.604,0.976,I
1432,1,0.957,0.03,I
1433,0.811,3.49,0.96,I
1434,1,1.194,0.132,I
1435,0,7.646,0.999,I
1436,0,12.106,1,I
1437,0.502,7.611,0.969,I
1438,0.503,2.864,0.789,I
1439,0.677,4.672,0.999,I
1440,1,6.609,0.999,I
1441,0.727,9.673,1,I
1442,0,14.99,0.999,I
1443,0.286,14.528,0.999,I
1444,0,24.068,1,I
1445,0,24.073,1,I
1446,0,31.988,1,I
1447,0,25.797,0.999,I
1448,0,15.331,1,I
1449,0,29.651,0.999,I
1450,0,25.766,1,I
1451,0,14.764,1,I
1452,0,18.008,1,I
1453,0,11.237,0.999,I
1454,0.709,4.846,0.934,I
1455,0.674,3.035,0.834,I
1456,0.394,1.612,0.381,I
1457,0.688,6.043,1,I
1458,0.931,2.333,0.797,I
1459,0,11.06,1,I
1460,0,19.77,0.999,I
1461,0,14.711,0.999,I
1462,0.309,1.368,0.125,I
1463,0.658,1.463,0.313,I
1464,0.71,1.284,0.08,I
1465,0,1.389,0.159,I
1466,0.552,4.686,0.991,I
1467,0,4.229,0.923,I
1468,0,2.099,0.214,I
1469,1,8.651,0.993,I
1470,0.919,7.838,0.983,I
1471,0,16.346,1,I
1472,0,28.814,0.999,I
1473,0,26.973,0.999,I
1474,0.197,16.004,1,I
1475,0,27.215,0.999,I
1476,0,24.494,0.999,I
1477,0,18.676,1,I
1478,0,19.954,0.999,I
1479,0,13.946,1,I
1480,0,10.267,1,I
1481,0.331,5.935,0.999,I
1482,1,1.152,0.183,I
1483,0.377,12.57,1,I
1484,1,4.76,0.999,I
1485,0.676,5.485,0.898,I
1486,0.965,1.736,0.151,I
1487,0.316,2.132,0.738,I
1488,0.288,4.471,0.713,I
1489,1,10.199,0.991,I
1490,0.317,13.36,0.986,I
1491,0.105,21.524,1,I
1492,0.736,15.435,1,I
1493,0,20.766,1,I
1494,0,13.128,1,I
1495,0,26.968,1,I
1496,0,26.707,0.999,I
1497,0,16.65,1,I
1498,0,20.162,0.999,I
1499,0,19.219,0.999,I
1500,0,28.156,0.999,I
1501,0.077,24.726,0.999,I
1502,0,14.849,1,I
1503,0.295,25.212,1,I
1504,1,21.481,0.999,I
1505,1,19.959,0.999,I
1506,0.26,10.841,0.991,I
1507,0,15.206,0.999,I
1508,0,15.136,1,I
1509,0.548,22.628,0.999,I
1510,0.143,25.827,1,I
1511,0,25.846,0.999,I
1512,0,16.237,0.999,I
1513,0,17.218,1,I
1514,0,24.297,1,I
1515,0,18.57,0.999,I
1516,0,19.899,0.999,I
1517,0,17.067,1,I
1518,0,12.782,0.999,I
1519,0,5.381,0.999,I
1520,0,16.615,0.999,I
1521,0,11.386,1,I
1522,0,8.812,0.999,I
1523,0,14.49,1,I
1524,0.104,5.593,1,I
1525,0.603,4.744,1,I
1526,0,5.575,1,I
1527,0.881,3.18,0.999,I
1528,0.09,0.711,0.999,I
1529,0.327,0.96,1,I
1530,0.31,1.324,1,I
1531,0,1.282,1,I
1532,0,6.479,0.999,I
1533,0,0.596,1,I
1534,0.513,1.211,0.999,I
1535,0,1.306,0.999,I
1536,0.168,1.153,0.999,I
1537,0,3.609,1,I
1538,0,1.101,1,I
1539,0.725,1.933,1,I
1540,0.299,4.135,0.999,I
1541,0,7.684,1,I
1542,0.45,1.027,0.999,I
1543,0,1.629,0.999,I
1544,0,7.944,0.999,I
1545,0,15.479,0.999,I
1546,0,27.361,1,I
1547,0,23.005,1,I
1548,0,21.933,1,I
1549,0,12.021,1,I
1550,0,21.303,1,I
1551,0,27.228,0.999,I
1552,0,21.673,0.999,I
1553,0,12.744,1,I
1554,0,15.791,1,I
1555,0,16.207,1,I
1556,0,12.076,1,I
1557,0,10.869,1,I
1558,0.486,12.617,1,I
1559,0.135,1.213,1,I
1560,0.838,1.775,1,I
1561,0,10.609,0.999,I
1562,0,11.821,0.999,I
1563,0,6.94,1,I
1564,0.94,7.279,0.989,I
1565,0.229,6.27,0.957,I
1566,0,11.81,1,I
1567,0,5.734,0.947,I
1568,0,4.943,0.999,I
1569,0,2.416,0.877,I
1570,0,8.417,0.992,I
1571,0,15.423,0.999,I
1572,0.226,20.705,0.999,I
1573,0,21.65,0.999,I
1574,0.211,26.747,1,I
1575,0,23.558,0.999,I
1576,0.096,26.81,1,I
1577,0,21.889,1,I
1578,0,24.819,0.999,I
1579,0,19.893,0.807,I
1580,0,25.232,1,I
1581,0,1.409,0.311,I
1582,0,1.195,0,I
1583,0,10.964,0.245,I
1584,0,7.004,0,I
1585,0,8.749,0.002,I
1586,0,15.009,0.164,I
1587,0,1.105,0.015,I
1588,0,7.658,0.458,I
1589,0,0.94,0.148,I
1590,0.529,0.978,0.204,I
1591,0.473,1.26,0.617,I
1592,0.799,5.524,1,I
1593,0,1.302,0.526,I
1594,0.218,1.165,0.938,I
1595,0,12.964,0.867,I
1596,0.402,13.12,0.988,I
1597,0,8.074,0.999,I
1598,0.724,5.078,0.999,I
1599,0,8.423,1,I
1600,0.175,7.655,0.999,I
1601,0,5.796,1,I
1602,0.761,1.095,1,I
1603,0.688,1.228,1,I
1604,0.267,1.029,0.999,I
1605,0,1.014,1,I
1606,0,17.019,0.747,I
1607,0,8.21,0.999,I
1608,0,11.778,1,I
1609,0,17.482,0.999,I
1610,0,21.494,1,I
1611,0.276,29.122,1,I
1612,0.63,30.941,1,I
1613,0,27.529,1,I
1614,0,21.618,0.999,I
1615,0,19.622,0.999,I
1616,0,23.285,1,I
1617,1,31.9,0.999,I
1618,0,32.086,1,I
1619,0,29.674,1,I
1620,0,25.544,1,I
1621,0,28.576,0.999,I
1622,0,24.492,1,I
1623,0,21.915,1,I
1624,0,17.384,0.999,I
1625,0,40.044,0.999,I
1626,0,40.267,0.999,I
1627,0,10.366,1,I
1628,0,29.367,1,I
1629,0,15.883,1,I
1630,0.707,11.345,0.999,I
1631,0.211,13.647,0.999,I
1632,0.756,28.578,0.884,I
1633,0.388,30.623,0.357,I
1634,0,50.237,0.999,I
1635,0,43.433,0.999,I
1636,0.203,43.662,0.85,I
1637,1,45.267,0.195,I
1638,0.604,46.781,0.024,I
1639,0,48.635,0.999,I
1640,0,42.03,0.999,I
1641,0,37.109,1,I
1642,0,36.886,0.999,I
1643,0,30.534,0.999,I
1644,0,25.456,1,I
1645,1,20.724,0.999,I
1646,0,15.86,0.999,I
1647,0,55.315,1,I
1648,0,60.353,0.995,I
1649,0.134,62.733,0.619,I
1650,1,65.299,0.293,I
1651,0.317,66.212,0,I
1652,0.455,75.63,0.124,I
1653,0.434,69.405,0.641,I
1654,0,63.162,0.999,I
1655,0,52.367,0.999,I
1656,0,38.109,1,I
1657,0,47.202,0.999,I
1658,0.251,54.844,1,I
1659,0,33.534,1,I
1660,0,36.241,1,I
1661,0,33.204,0.999,I
1662,0,29.023,0.999,I
1663,0,24.491,0.999,I
1664,0.533,18.586,1,I
1665,0,12.273,0.999,I
1666,0.275,19.76,0.999,I
1667,0.316,28.847,1,I
1668,0.874,20.406,1,I
1669,0,14.512,0.898,I
1670,0,7.987,0.021,I
1671,0,3.865,0,I
1672,0.357,3.215,0,I
1673,0.064,20.535,0.331,I
1674,0,25.984,0.759,I
1675,0.797,37.452,0.999,I
1676,0,40.087,1,I
1677,0,47.686,0.999,I
1678,0,45.404,1,I
1679,0,52.999,1,I
1680,0,54.782,1,I
1681,0.667,67.662,0.999,I
1682,0.554,78.056,0.383,I
1683,1,73.572,0.546,I
1684,0.286,69.597,0.917,I
1685,0,63.32,1,I
1686,0.36,81.206,1,I
1687,0.717,77.057,0.958,I
1688,0.361,71.947,0.999,I
1689,0,65.684,0.999,I
1690,0,61.266,0.999,I
1691,0,52.262,0.999,I
1692,0,47.75,0.999,I
1693,0,40.597,0.999,I
1694,0,37.563,0.999,I
1695,0,39.161,1,I
1696,0,28.79,1,I
1697,0.204,26.188,0.906,I
1698,0.985,22.018,0.902,I
1699,0.224,17.236,1,I
1700,0.197,4.859,1,I
1701,0.588,1.186,1,I
1702,0.063,4.121,1,I
1703,0.707,9.424,0.999,I
1704,0.896,8.897,0.999,I
1705,0.309,15.888,0.999,I
1706,0.101,17.483,0.999,I
1707,0,18.784,1,I
1708,0,26.683,0.999,I
1709,0,31.432,1,I
1710,0,35.312,1,I
1711,0,29.674,0.999,I
1712,0,39.009,0.999,I
1713,0,45.84,1,I
1714,0,52.844,1,I
1715,0,47.198,0.999,I
1716,0,57.736,0.999,I
1717,0,51.033,0.999,I
1718,0,63.485,0.999,I
1719,0.296,68.234,0.999,I
1720,0.768,72.774,1,I
1721,0.396,76.605,0.999,I
1722,0.412,78.832,0.999,I
1723,0.122,73.347,0.999,I
1724,0.709,70.468,0.999,I
1725,0.205,63.183,1,I
1726,0,64.931,1,I
1727,0.145,56.389,1,I
1728,0.462,61.505,1,I
1729,0.286,68.774,0.999,I
1730,0.195,75.054,1,I
1731,0,45.655,1,I
1732,0.21,46.819,0.999,I
1733,0,37.611,0.999,I
1734,0,30.895,1,I
1735,0,20.938,1,I
1736,0,20.673,1,I
1737,0.037,11.49,0.999,I
1738,0,14.824,1,I
1739,0,6.082,1,I
1740,0,12.201,0.999,I
1741,0,8.079,0.999,I
1742,0,4.726,1,I
1743,0.165,6.217,0.999,I
1744,0.121,2.77,1,I
1745,0.597,2.618,0.999,I
1746,0.124,0.946,0.887,I
1747,0.683,1.146,0.999,I
1748,0.762,1.046,0.999,I
1749,0.432,2.147,0.999,I
1750,0.873,1.027,1,I
1751,1,1.131,0.807,I
1752,0.917,0.993,0.671,I
1753,0.133,1.327,0.907,I
1754,0,1.219,0.437,I
1755,0.807,2.709,0.922,I
1756,0.589,4.831,0.999,I
1757,0,7.845,0.999,I
1758,0.505,9.065,1,I
1759,0,12.355,0.999,I
1760,0,13.022,1,I
1761,0,21.91,1,I
1762,0,20.981,0.999,I
1763,0,17.833,1,I
1764,0,23.136,1,I
1765,0,28.168,1,I
1766,0.102,28.126,0.999,I
1767,0,23.97,1,I
1768,0.23,34.778,1,I
1769,0.903,42.153,0.999,I
1770,0.227,54.774,1,I
1771,0,49.978,1,I
1772,0.356,41.113,1,I
1773,0.207,33.598,0.999,I
1774,0,31.068,0.999,I
1775,0,28.261,0.999,I
1776,0,25.189,0.999,I
1777,0,24.223,1,I
1778,0,28.111,1,I
1779,0,24.177,1,I
1780,0,18.69,1,I
1781,0.216,13.863,0.999,I
1782,0.1,13.777,0.999,I
1783,0.095,9.721,0.999,I
1784,0.233,7.952,1,I
1785,1,12.72,1,I
1786,0,11.1,0.999,I
1787,0.22,8.063,0.999,I
1788,1,6.48,1,I
1789,0.315,3.881,1,I
1790,0,6.615,0.999,I
1791,0,5.697,1,I
1792,0.396,3.358,0.808,I
1793,0,1.435,0.557,I
1794,1,3.649,1,I
1795,0.593,5.552,0.999,I
1796,0.48,3.618,0.781,I
1797,0.587,2.282,0.419,I
1798,0.39,0.797,0.15,I
1799,0.896,3.455,0.92,I
1800,1,0.656,0,I
1801,0.287,3.179,0.864,I
1802,0,6.4,0.999,I
1803,0,11.386,0.999,I
1804,0.16,16.677,0.999,I
1805,0.282,16.642,0.999,I
1806,0,19.717,1,I
1807,0.36,21.343,0.999,I
1808,0.378,22.446,1,I
1809,0.316,26.59,1,I
1810,0.544,21.8,1,I
1811,0,31.337,1,I
1812,0.702,34.88,0.999,I
1813,0,36.703,0.999,I
1814,1,39.729,1,I
1815,0.889,42.174,0.999,I
1816,0,46.325,0.999,I
1817,0.092,57.735,0.999,I
1818,0,43.656,0.999,I
1819,0,47.977,0.999,I
1820,0.669,36.995,0.999,I
1821,1,33.872,1,I
1822,1,32.517,1,I
1823,0,31.181,0.999,I
1824,0.347,30.365,1,I
1825,0,28.959,1,I
1826,0.636,26.638,1,I
1827,1,25.482,1,I
1828,0.575,26.068,0.999,I
1829,0,20.593,0.999,I
1830,0.29,26.248,1,I
1831,0,24.947,0.999,I
1832,0,25.193,0.999,I
1833,0,16.675,1,I
1834,0.627,18.753,1,I
1835,0.227,16.046,1,I
1836,0,15.113,0.999,I
1837,0,27.539,0.999,I
1838,0.097,25.641,1,I
1839,0,22.693,0.999,I
1840,0.573,19.762,1,I
1841,0.362,20.431,1,I
1842,0,17.865,0.999,I
1843,0.494,13.473,1,I
1844,0.185,11.384,0.999,I
1845,0.202,8.801,0.902,I
1846,0,8.634,1,I
1847,0,4.641,1,I
1848,0,1.532,0.999,I
1849,0.495,2.535,0.958,I
1850,1,2.528,0.672,I
1851,0.466,0.95,1,I
1852,0.638,0.629,0.999,I
1853,0.488,3.181,0.889,I
1854,0.12,4.528,0.95,I
1855,1,2.988,0.881,I
1856,0.729,0.892,0.109,I
1857,0.514,1.019,0.13,I
1858,0.491,3.373,0.775,I
1859,0.664,2.877,0.987,I
1860,0.36,1.06,0.82,I
1861,1,1.071,1,I
1862,0.786,0.757,1,I
1863,0.919,0.739,0.999,I
1864,1,0.615,0.989,I
1865,0.578,0.743,0.999,I
1866,0,3.501,0.999,I
1867,0,1.116,0.999,I
1868,0,5.904,0.999,I
1869,0.013,0.921,0.998,I
1870,0,1.404,1,I
1871,0,1.649,1,I
1872,0,5.614,0.999,I
1873,0.423,4.697,0.999,I
1874,0,9.964,0.999,I
1875,0.548,5.66,1,I
1876,0.536,8.232,1,I
1877,0.22,14.998,1,I
1878,0,18.436,1,I
1879,0,22.073,0.999,I
1880,1,17.696,1,I
1881,1,24.241,1,I
1882,0.97,27.575,1,I
1883,0.869,35.163,0.999,I
1884,1,32.831,0.999,I
1885,1,28.141,1,I
1886,0.396,29.928,1,I
1887,0,33.112,0.999,I
1888,1,36.347,1,I
1889,1,39.437,1,I
1890,0,42.067,1,I
1891,0.542,29.768,0.999,I
1892,0.124,24.409,1,I
1893,0.141,19.295,1,I
1894,0.454,10.384,1,I
1895,0.305,12.74,0.999,I
1896,0.659,14.819,1,I
1897,0.202,9.483,0.999,I
1898,0,36.996,1,I
1899,0,24.929,1,I
1900,0,38.279,1,I
1901,0,22.352,0.999,I
1902,0.248,39.802,0.999,I
1903,0,21.931,1,I
1904,0.74,35.978,1,I
1905,0.467,30.206,1,I
1906,0,31.557,1,I
1907,0.249,35.185,0.999,I
1908,0,38.477,1,I
1909,0.129,25.086,0.999,I
1910,0,21.925,1,I
1911,0.742,31.786,1,I
1912,0.717,26.381,0.999,I
1913,0.608,25.888,1,I
1914,0.06,22.774,0.999,I
1915,0.571,18.481,0.999,I
1916,0.072,18.156,0.999,I
1917,0.352,8.074,0.999,I
1918,0.659,8.779,0.999,I
1919,0.609,1.158,0.999,I
1920,0,2.994,1,I
1921,0.156,1.427,1,I
1922,0,1.036,1,I
1923,0,15.294,0.999,I
1924,0,16.901,0.999,I
1925,0,13.48,0.962,I
1926,0,6.344,0.503,I
1927,0.304,3.451,0.019,I
1928,0.269,3.235,0.007,I
1929,0,12.677,0.681,I
1930,0,9.081,0.598,I
1931,0.63,6.747,0,I
1932,0,3.223,0,I
1933,0.748,5.504,0.147,I
1934,0.572,1.675,0.01,I
1935,0.065,0.485,0,I
1936,0.373,0.741,0,I
1937,0.167,2.833,0.211,I
1938,0,5.871,0.645,I
1939,0.713,0.78,0.035,I
1940,0,0.427,0,I
1941,0.951,2.187,0.893,I
1942,0.152,1.792,0.886,I
1943,0.474,0.437,0.023,I
1944,0.496,2.795,0.9,I
1945,1,0.666,0.142,I
1946,0.097,4.75,0.963,I
1947,0,10.256,1,I
1948,0.446,0.66,0.155,I
1949,1,0.726,0.276,I
1950,0.148,0.859,0.742,I
1951,0.098,3.386,0.949,I
1952,0,7.06,0.999,I
1953,0,11.462,1,I
1954,0,11.313,0.999,I
1955,0,7.502,1,I
1956,0,5.423,1,I
1957,0,4.294,1,I
1958,0,2.37,0.999,I
1959,0.126,1.336,0.937,I
1960,0,16.666,0.999,I
1961,0,11.488,0.999,I
1962,0.086,10.776,0.999,I
1963,1,8.428,0.999,I
1964,0.225,12.12,1,I
1965,0,9.712,1,I
1966,0,5.725,0.999,I
1967,0,1.232,0.999,I
1968,0,4.203,0.999,I
1969,0.353,2.041,0.97,I
1970,0.45,1.884,0.77,I
1971,0.637,1.464,0.402,I
1972,0,3.477,0.93,I
1973,0.743,2.762,0.9,I
1974,0,15.139,1,I
1975,0,7.385,1,I
1976,0,6.094,1,I
1977,0,13.854,1,I
1978,0,7.987,1,I
1979,0,11.618,1,I
1980,0.243,7.505,0.999,I
1981,0.322,1.01,0.252,I
1982,0.016,0.733,0.214,I
1983,0.548,2.817,0.951,I
1984,0.485,1.217,0.244,I
1985,0.254,3.067,0.959,I
1986,0,5.846,0.97,I
1987,0,10.192,0.999,I
1988,0,14.65,0.999,I
1989,0.669,17.925,1,I
1990,0,12.6,0.999,I
1991,0,9.623,0.999,I
1992,0.074,17.272,0.999,I
1993,1,20.945,1,I
1994,0.491,22.231,1,I
1995,0.742,20.442,1,I
1996,0.216,25.592,0.999,I
1997,0,30.24,1,I
1998,0,30.526,0.999,I
1999,0,31.49,1,I
2000,0,25.741,1,I
2001,0.037,15.397,0.946,I
2002,0.16,29.851,1,I
2003,0,28.416,0.999,I
2004,0,21.973,1,I
2005,0.191,9.71,0.041,I
2006,0.113,18.59,0.241,I
2007,0,13.104,0,I
2008,0,1.449,0,I
2009,0,1.434,0,I
2010,0,1.206,0,I
2011,0,1.709,0,I
2012,0,1.571,0,I
2013,0,1.811,0,I
2014,0,1.7,0,I
2015,0,1.702,0,I
2016,0,1.829,0,I
2017,0,1.886,0,I
2018,0,1.93,0,I
2019,0,1.753,0,I
2020,0,1.57,0,I
2021,0,6.319,0,I
2022,0.374,21.15,0.999,I
2023,0.256,26.093,1,I
2024,0,5.859,0.978,I
2025,0.342,2.393,0.643,I
2026,0.746,0.688,0,I
2027,0.862,1.551,0.609,I
2028,0.399,3.531,1,I
2029,0,15.99,0.999,I
2030,0,9.977,0.999,I
2031,0,8.888,1,I
2032,0,22.036,1,I
2033,0,18.887,0.999,I
2034,0,24.173,0.999,I
2035,0,13.648,0.999,I
2036,0.318,5.929,0.999,I
2037,0,10.493,1,I
2038,0.058,0.79,0.113,I
2039,0,4.905,1,I
2040,0.634,8.983,0.57,I
2041,0.587,8.364,0.999,I
2042,0.09,14.291,0.999,I
2043,0.099,16.781,0.999,I
2044,0,21.932,0.927,I
2045,0.715,19.798,1,I
2046,0,19.942,0.999,I
2047,0,18.054,1,I
2048,0,19.97,0.999,I
2049,0,18.015,1,I
2050,1,11.351,1,I
2051,0,20.445,0.972,I
2052,0,10.021,0.824,I
2053,0.189,9.127,0.226,I
2054,0,22.042,0.811,I
2055,0,11.212,0.005,I
2056,0,8.61,0,I
2057,0,15.338,0,I
2058,0.097,13.236,0,I
2059,0,1.208,0.303,I
2060,0,5.781,0,I
2061,0.463,3.183,0,I
2062,0.139,1.783,0.203,I
2063,0,9.283,1,I
2064,0,4.126,0.805,I
2065,0,1.207,0.177,I
2066,0,17.797,0.999,I
2067,0.086,17.523,0.999,I
2068,0.046,11.539,0.999,I
2069,0.11,13.414,0.816,I
2070,0.194,15.781,0.473,I
2071,1,11.099,0.857,I
2072,0.387,10.31,0.616,I
2073,0.601,1.409,0.198,I
2074,0.181,4.321,0.889,I
2075,0.597,2.865,0.633,I
2076,1,5.088,0.636,I
2077,0,5.27,0.899,I
2078,0,6.811,0.937,I
2079,0.106,7.801,0.999,I
2080,0,14.603,1,I
2081,0.042,9.369,0.999,I
2082,0,14.215,0.999,I
2083,0,11.106,0.999,I
2084,0,10.059,0.999,I
2085,0.061,6.947,0.971,I
2086,0,5.533,0.28,I
2087,0,9.807,0.409,I
2088,0.284,5.754,0,I
2089,0,14.321,0,I
2090,0.124,5.954,0,I
2091,0.123,17.741,0,I
2092,0,13.873,0,I
2093,0,14.319,0,I
2094,0,9.663,0,I
2095,0,16.65,0,I
2096,0.795,17.53,0,I
2097,0.18,18.655,0,I
2098,0.035,11.099,0,I
2099,0,7.985,0,I
2100,0.2,1.166,0.031,I
2101,0,3.982,0.021,I
2102,0.117,6.56,0.014,I
2103,0,17.45,0,I
2104,0,1.046,0.145,I
2105,0.186,1.736,0.151,I
2106,0,1.309,0.328,I
2107,0,8.672,0.325,I
2108,0,10.169,0.88,I
2109,0,7.532,1,I
2110,0,15.045,0.999,I
2111,0,12.056,0.999,I
2112,0,11.387,0.859,I
2113,0,5.053,0.845,I
2114,0.326,1.394,0.022,I
2115,0.772,1.12,0,I
2116,1,1.669,0,I
2117,0.881,1.11,0,I
2118,0,1.266,0,I
2119,0,1.094,0,I
2120,0,0.979,0,I
2121,0,1.281,0,I
2122,0.407,1.81,0,I
2123,0,4.221,0,I
2124,0.742,6.271,0.035,I
2125,0.339,10.785,0.583,I
2126,0,17.503,0.999,I
2127,0,22.593,0.999,I
2128,0,24.706,1,I
2129,0,27.674,0.999,I
2130,0,26.827,0.694,I
2131,0,21.77,0.017,I
2132,0,25.495,0,I
2133,0.426,19.27,0,I
2134,0,20.505,0,I
2135,0,12.526,0,I
2136,0.117,15.98,0,I
2137,0,4.876,0,I
2138,0.562,8.544,0,I
2139,0,13.344,0.071,I
2140,0,21.317,0.224,I
2141,0,35.888,1,I
2142,0,27.998,0.928,I
2143,0,17.885,0.893,I
2144,0,17.686,0.999,I
2145,0,12.845,0.522,I
2146,0,7.771,0,I
2147,0,31.02,0.999,I
2148,0,20.813,0.974,I
2149,0,26.573,0.999,I
2150,0,16.046,0.999,I
2151,0,5.329,0,I
2152,0,4.568,0,I
2153,0,2.822,0,I
2154,0.604,1.152,0,I
2155,0,2.131,0,I
2156,0.111,3.489,0,I
2157,0.195,0.727,0,I
2158,0,12.701,0.089,I
2159,0,10.225,0.823,I
2160,0,6.833,0,I
2161,0,5.224,0.283,I
2162,0,1.236,0,I
2163,0,1.05,0.025,I
2164,0.303,0.807,0.055,I
2165,0,2.825,0.781,I
2166,0.093,1.144,0.091,I
2167,0,1.498,0,I
2168,0,2.97,0,I
2169,0,1.999,0,I
2170,0,2.092,0,I
2171,0,2.251,0,I
2172,0,2.291,0,I
2173,0,1.865,0,I
2174,0,2.705,0,I
2175,0,1.731,0,I
2176,0,1.736,0,I
2177,0,1.389,0,I
2178,0,2.393,0,I
2179,0,2.099,0,I
2180,0,4.6,0,I
2181,0,1.41,0,I
2182,0,1.834,0,I
2183,0,1.335,0,I
2184,0.497,1.366,0,I
2185,0.274,1.904,0,I
2186,0,1.772,0,I
2187,0.242,1.474,0,I
2188,0,1.27,0,I
2189,0,1.706,0,I
2190,0,1.727,0,I
2191,0,1.705,0,I
2192,0,1.709,0,I
2193,0,1.255,0,I
2194,0,1.919,0,I
2195,0,1.92,0,I
2196,0,2.167,0,I
2197,0,1.841,0,I
2198,0,1.272,0,I
2199,0,3.676,0,I
2200,0,1.883,0,I
2201,0,2.006,0,I
2202,0,1.579,0,I
2203,0,1.494,0,I
2204,0,3.419,0,I
2205,0,1.451,0,I
2206,0,1.355,0,I
2207,0,1.185,0,I
2208,0.055,6.151,0,I
2209,0,4.924,0,I
2210,0,8.755,0,I
2211,0.513,1.353,0,I
2212,0.137,1.415,0,I
2213,0.1,1.184,0.026,I
2214,0,1.229,0,I
2215,0,0.768,0.023,I
2216,0,0.995,0.098,I
2217,0,0.885,0.144,I
2218,0.103,5.658,0.19,I
2219,0,6.752,0.975,I
2220,0,12.959,0,I
2221,0,9.261,0,I
2222,0,8.017,0,I
2223,0,4.571,0,I
2224,0,0.932,0,I
2225,0,7.736,0,I
2226,0,5.579,0,I
2227,0,6.737,0,I
2228,0,6.669,0,I
2229,0.353,6.547,0,I
2230,0,10.505,0,I
2231,0,11.811,0,I
2232,0,8.481,0,I
2233,0,11.161,0.039,I
2234,0,14.573,0,I
2235,0,12.057,1,I
2236,0,4.903,0.926,I
2237,0,20.976,1,I
2238,0,17.268,0.999,I
2239,0,26.492,1,I
2240,0,15.078,1,I
2241,0.184,3.536,0.942,I
2242,0.275,7.288,0.967,I
2243,0,8.382,0.988,I
2244,0.098,20.358,0.999,I
2245,0,33.259,0.999,I
2246,0,24.386,1,I
2247,0,29.72,1,I
2248,0.669,6.191,0.999,I
2249,0.59,1.45,0.397,I
2250,0.322,1.07,0.263,I
2251,0.919,3.683,0.944,I
2252,0.347,15.997,1,I
2253,0.309,8.969,0.999,I
2254,0.275,1.018,0.097,I
2255,1,1.319,0.209,I
2256,0.264,6.78,0.977,I
2257,0.321,15.631,0.999,I
2258,1,3.3,0.942,I
2259,0.355,10.835,0.999,I
2260,0.136,5.965,0.998,I
2261,0.584,18.289,0.999,I
2262,0.426,18.998,1,I
2263,0.028,29.957,1,I
2264,0.316,27.784,0.999,I
2265,0.096,38.632,1,I
2266,0.071,38.355,1,I
2267,0,41.674,0.999,I
2268,0.052,44.368,0.999,I
2269,0,33.78,0.999,I
2270,0,21.382,1,I
2271,0,8.186,1,I
2272,0,12.98,0.563,I
2273,0,12.963,1,I
2274,0,20.107,1,I
2275,0,23.201,0.994,I
2276,0.061,33.464,1,I
2277,0,30.079,0.895,I
2278,0,22.547,0.175,I
2279,0,16.555,0.037,I
2280,0,11.44,0.001,I
2281,0,7.256,0.648,I
2282,0,1.063,0.129,I
2283,0,1.241,0.253,I
2284,0,1.003,0.027,I
2285,0,1.107,0,I
2286,0,0.921,0.101,I
2287,0,1.063,0,I
2288,0,2.786,0,I
2289,0.691,1.213,0.038,I
2290,0.247,4.956,0,I
2291,0,4.265,0,I
2292,0,1.665,0,I
2293,0,7.277,0,I
2294,0,9.614,0,I
2295,0,13.515,0,I
2296,0,12.551,0,I
2297,0,3.809,0,I
2298,0,21.294,0,I
2299,0,38.714,0,I
2300,0,28.016,0,I
2301,0,21.514,0,I
2302,0,41.113,0.002,I
2303,0,28.869,0,I
2304,1,12.162,0,I
2305,0.271,5.249,0.538,I
2306,0,7.193,0.993,I
2307,0,14.677,0.994,I
2308,0,21.717,0.994,I
2309,0,31.104,1,I
2310,0.178,40.157,0.999,I
2311,0,48.695,1,I
2312,0.072,46.631,1,I
2313,0,46.333,0.999,I
2314,0,49.741,1,I
2315,0,39.357,1,I
2316,0,51.854,0.999,I
2317,0,46.532,1,I
2318,0,42.341,1,I
2319,0,35.475,0.999,I
2320,0,28.407,0.999,I
2321,0,18.682,0.999,I
2322,0,34.936,0.999,I
2323,0,18.563,0.999,I
2324,0.466,14.734,0.299,I
2325,0,32.864,1,I
2326,0.145,30.754,0.377,I
2327,1,33.279,0,I
2328,0,30.705,0,I
2329,0,32.861,0.656,I
2330,0,14.975,0.999,I
2331,0,5.379,0.826,I
2332,0,35.91,1,I
2333,0.952,21.967,0.999,I
2334,0.126,28.293,1,I
2335,0,28.616,1,I
2336,0.688,13.973,0.999,I
2337,0,18.596,0.999,I
2338,0,38.661,0.999,I
2339,0,32.451,0.999,I
2340,0,36.715,1,I
2341,0,49.874,0.999,I
2342,0,41.217,0.999,I
2343,0,41.343,1,I
2344,0,41.521,0.999,I
2345,0,36.649,1,I
2346,0,33.318,1,I
2347,0,30.87,1,I
2348,0,26.101,1,I
2349,0,44.231,0.999,I
2350,0,45.232,0.999,I
2351,0,46.588,1,I
2352,0,44.179,1,I
2353,0,34.901,1,I
2354,0,29.983,1,I
2355,0,30.418,0.999,I
2356,0,31.688,1,I
2357,0.225,24.073,0.999,I
2358,0.331,20.813,1,I
2359,0,22.982,1,I
2360,0,26.085,1,I
2361,0,18.609,1,I
2362,0.477,19.367,1,I
2363,1,16.531,0.999,I
2364,0.389,12.337,1,I
2365,0.16,11.265,0.999,I
2366,0,14.644,0.999,I
2367,0.223,4.718,0.954,I
2368,0.104,11.146,1,I
2369,0,15.396,1,I
2370,0.254,4.532,0.977,I
2371,0.19,0.758,0.119,I
2372,1,1.706,0.799,I
2373,0,1.13,0.736,I
2374,0,0.658,0.044,I
2375,0,0.689,0.204,I
2376,0.272,1.069,0.186,I
2377,0.923,1.016,0.03,I
2378,0,9.198,0.999,I
2379,0,4.162,0.943,I
2380,0.24,5.507,0.657,I
2381,0,12.966,0.999,I
2382,0,10.731,0.854,I
2383,0,1.773,0.064,I
2384,0,0.721,0,I
2385,0,0.969,0,I
2386,0,1.303,0.226,I
2387,0,2.194,0,I
2388,0.293,4.936,0.277,I
2389,0.076,5.642,0,I
2390,0,1.083,0,I
2391,0.228,3.618,0,I
2392,0,13.333,0.595,I
2393,0,9.059,0.16,I
2394,0,16.08,0.958,I
2395,0,5.789,0,I
2396,0,8.09,0.314,I
2397,0,17.519,0.998,I
2398,0,23.709,0.999,I
2399,0,22.642,1,I
2400,0,24.111,1,I
2401,0,31.751,0.999,I
2402,0,41.255,1,I
2403,0,39.218,0.999,I
2404,0,37.231,0.999,I
2405,0,28.959,1,I
2406,0.239,19.534,1,I
2407,1,14.04,0.999,I
2408,1,11.785,1,I
2409,0,10.294,1,I
2410,0,17.028,1,I
2411,0,21.364,1,I
2412,1,24.573,1,I
2413,0.909,28.808,1,I
2414,0.162,23.048,0.999,I
2415,0.06,30.815,0.999,I
2416,0,41.739,0.999,I
2417,0,38.953,1,I
2418,0,33.097,1,I
2419,0,22.671,1,I
2420,0,15.761,1,I
2421,0,9.62,0.98,I
2422,0,0.957,0,I
2423,0.16,1.104,0.06,I
2424,0,2.174,0,I
2425,0.126,0.725,0.016,I
2426,0.406,0.643,0,I
2427,0,0.83,0.036,I
2428,0.294,0.812,0,I
2429,0,3.955,0.876,I
2430,0,4.944,0.999,I
2431,0,4.777,0.994,I
2432,0,8.144,1,I
2433,0,6.582,0.985,I
2434,0,17.26,0.99,I
2435,0,9.988,1,I
2436,0,15.174,0.999,I
2437,0,15.344,0.999,I
2438,0,16.78,1,I
2439,0,22.007,1,I
2440,0,25.156,0.995,I
2441,0,21.495,0.639,I
2442,0,26.136,0.555,I
2443,0.081,34.68,0.201,I
2444,0,31.038,0.936,I
2445,0,26.708,0.996,I
2446,0,24.624,0.999,I
2447,0,18.772,0.999,I
2448,0,15.729,1,I
2449,0,14.079,1,I
2450,0.154,12.804,0.977,I
2451,0.966,13.285,0.875,I
2452,0,8.317,0.61,I
2453,0.193,9.598,0.065,I
2454,0.426,9.139,0.737,I
2455,0,27.387,0.254,I
2456,0.391,34.531,0.273,I
2457,0,33.763,0.97,I
2458,0.564,38.14,0.982,I
2459,0.432,41.471,0.302,I
2460,0,46.002,0.82,I
2461,1,41.722,0.999,I
2462,1,35.207,0.999,I
2463,0,45.138,1,I
2464,0,50.846,1,I
2465,0,37.656,1,I
2466,0,29.133,1,I
2467,0,44.769,1,I
2468,0,38.815,1,I
2469,0,52.001,0.999,I
2470,0,54.361,0.999,I
2471,0,50.873,0.856,I
2472,0,62.199,0.999,I
2473,0,56.633,0.999,I
2474,0.525,48.761,0.691,I
2475,0,43.764,0.01,I
2476,0,31.377,0.055,I
2477,0,35.845,0,I
2478,0.942,40.275,0.218,I
2479,0.359,38.077,0.001,I
2480,0,28.597,0.511,I
2481,0,24.433,0.906,I
2482,0,18.845,0.999,I
2483,0,13.95,0.999,I
2484,0,12.185,1,I
2485,0,10.748,0.999,I
2486,1,7.227,0.999,I
2487,0,20.949,0.979,I
2488,0,14.689,0.999,I
2489,0.155,11.268,1,I
2490,1,9.478,0.999,I
2491,0.308,7.669,1,I
2492,1,7.987,1,I
2493,0.314,5.738,0.999,I
2494,0.532,12.604,1,I
2495,0,15.152,0.999,I
2496,0,20.509,0.949,I
2497,0,20.805,0.995,I
2498,0,24.762,1,I
2499,0,27.626,0.773,I
2500,0,30.821,0.494,I
2501,0,33.696,0.044,I
2502,0,36.8,0,I
2503,0.436,42.592,0.138,I
2504,0.542,47.774,0.363,I
2505,0,51.752,0.576,I
2506,0,58.461,1,I
2507,0,60.32,0.956,I
2508,0.77,64.954,0.902,I
2509,0,58.776,0.4,I
2510,0,53.641,0,I
2511,0.388,47.881,0,I
2512,0,41.324,0,I
2513,0,35.36,0.2,I
2514,0,31.207,0.842,I
2515,0,29.142,0.999,I
2516,0,25.593,1,I
2517,0,23.366,1,I
2518,0,22.336,1,I
2519,0.224,19.632,0.999,I
2520,1,18.263,0.999,I
2521,0.965,18.074,0.999,I
2522,0.631,18.081,1,I
2523,0.816,8.487,0.954,I
2524,0.644,9.061,1,I
2525,0.63,6.262,1,I
2526,0.367,8.319,0.999,I
2527,0.418,9.727,1,I
2528,0.695,11.912,0.999,I
2529,0,15.786,1,I
2530,0,17.52,1,I
2531,0,22.293,1,I
2532,0,21.24,0.999,I
2533,0,26.158,1,I
2534,0,23.677,1,I
2535,0,26.254,0.999,I
2536,0,25.857,1,I
2537,0,20.718,0.999,I
2538,0,19.246,1,I
2539,0,33.076,0.531,I
2540,0,33.577,0.631,I
2541,0,39.259,0.97,I
2542,0,30.706,0.999,I
2543,0,36.295,0.313,I
2544,0.106,25.452,1,I
2545,1,22.036,0.999,I
2546,0,38.547,0.007,I
2547,0.071,45.749,0,I
2548,0.348,51.674,0,I
2549,0,57.824,0,I
2550,0,63.703,0.012,I
2551,0,20.979,1,I
2552,0.567,20.213,1,I
2553,0.211,68.675,0,I
2554,0.956,63.898,0,I
2555,0.42,58.962,0.125,I
2556,0,54.04,0.491,I
2557,0,47.486,0.617,I
2558,0.725,73.831,0.222,I
2559,0,69.2,0.58,I
2560,0,66.316,1,I
2561,0,61.727,1,I
2562,0,48.948,1,I
2563,0,58.644,0.999,I
2564,0,53.019,0.999,I
2565,0,58.145,0.999,I
2566,0,44.998,0.999,I
2567,0.23,43.45,0.999,I
2568,0,61.054,1,I
2569,0,60.18,1,I
2570,0.789,43.251,0.999,I
2571,0.758,47.028,0.999,I
2572,0.869,67.052,1,I
2573,1,65.286,1,I
2574,0.933,80.159,0.999,I
2575,0,58.883,0.999,I
2576,0.511,87.739,0.999,I
2577,0.766,84.612,1,I
2578,0.828,89.765,0.999,I
2579,0,91.879,1,I
2580,0,87.479,0.999,I
2581,0.091,71.003,1,I
2582,0,73.28,1,I
2583,0,90.082,1,I
2584,0,85.223,0.999,I
2585,0,94.993,1,I
2586,0,84.612,0.999,I
2587,0,95.163,0.999,I
2588,0,78.957,1,I
2589,0,89.209,0.999,I
2590,0,91.685,1,I
2591,0,77.216,1,I
2592,1,78.215,0.999,I
2593,0,84.28,0.999,I
2594,0.463,78.914,0.999,I
2595,0,85.508,0.999,I
2596,0,80.001,1,I
2597,0,74.532,1,I
2598,0.238,69.386,0.999,I
2599,1,73.005,0.999,I
2600,0.43,71.597,1,I
2601,0.369,65.22,0.999,I
2602,0,64.804,1,I
2603,0,66.949,0.999,I
2604,0.036,81.562,1,I
2605,1,71.086,1,I
2606,0.78,76.642,0.999,I
2607,0,80.628,1,I
2608,0,75.823,0.999,I
2609,0.09,80.444,0.999,I
2610,0,82.123,1,I
2611,0,80.003,1,I
2612,0,69.703,0.999,I
2613,1,77.446,1,I
2614,0.4,69.499,0.999,I
2615,0,60.221,1,I
2616,1,68.95,0.999,I
2617,1,57.438,0.999,I
2618,0.907,76.058,1,I
2619,0.61,53.774,1,I
2620,0.075,41.411,0.914,I
2621,1,46.105,0.946,I
2622,0.256,51.636,0.977,I
2623,0,59.235,0.999,I
2624,0.492,50.795,0.929,I
2625,0,56.81,0.908,I
2626,0,61.328,0.971,I
2627,0.536,69.512,0.964,I
2628,1,71.1,0.972,I
2629,0,67.154,0.694,I
2630,1,59.237,0.847,I
2631,0.057,46.998,0.399,I
2632,0.566,49.203,0.943,I
2633,0.181,62.194,0.597,I
2634,0.831,52.126,0.201,I
2635,0,56.299,0.695,I
2636,0.616,40.547,0.024,I
2637,0,50.418,0.024,I
2638,0.077,54.527,0.014,I
2639,0,49.433,0,I
2640,0,43.512,0,I
2641,0,52.559,0,I
2642,0.709,48.555,0.299,I
2643,0.163,42.689,0,I
2644,1,35.869,0,I
2645,1,32.199,0,I
2646,0,32.403,0.072,I
2647,0.107,27.018,0,I
2648,0.786,34.061,0,I
2649,1,29.588,0,I
2650,0.49,33.69,0,I
2651,0.316,42.89,0.026,I
2652,1,52.056,0.771,I
2653,0,26.281,0,I
2654,0,42.067,0.374,I
2655,0,28.057,0,I
2656,0,32.74,0,I
2657,0,39.297,0.161,I
2658,0,21.624,0.017,I
2659,0,13.137,0.675,I
2660,0,17.749,0.771,I
2661,0,27.257,0.644,I
2662,0.104,35.093,0.818,I
2663,0,22.543,0.999,I
2664,0,18.936,0.351,I
2665,0,22.419,0.383,I
2666,0,30.121,0.948,I
2667,0.837,37.251,0.892,I
2668,0.151,39.076,0.81,I
2669,0.504,45.577,0.782,I
2670,1,47.342,1,I
2671,0.516,45.253,0.404,I
2672,0.387,50.07,0.613,I
2673,0,42.916,0,I
2674,0.078,41.891,0,I
2675,0.325,34.694,0,I
2676,0,28.607,0,I
2677,0.166,23.88,0,I
2678,0.754,31.748,0,I
2679,1,27.739,0,I
2680,1,23.758,0,I
2681,0,32.119,0,I
2682,0,32.45,0,I
2683,0,36.477,0,I
2684,0,44.34,0.116,I
2685,0.51,41.307,1,I
2686,0.235,41.388,0.258,I
2687,0,41.189,0.378,I
2688,0,32.529,0,I
2689,0.611,31.504,0,I
2690,0,32.847,0,I
2691,0,38.025,0.184,I
2692,0,36.715,0,I
2693,0,33.864,0.008,I
2694,0,25.652,0,I
2695,0,26.778,0,I
2696,0,22.213,0,I
2697,0,20.293,0,I
2698,0,24.065,0,I
2699,0.932,21.365,0,I
2700,0.228,19.944,0,I
2701,0.351,17.887,0,I
2702,0.108,11.33,0,I
2703,1,15.235,0.113,I
2704,0.514,12.245,0.007,I
2705,0.22,5.05,0.208,I
2706,0.325,14.493,0.202,I
2707,0,8.013,0.833,I
2708,0,4.324,0.476,I
2709,0.104,3.85,0.226,I
2710,0.066,2.235,0,I
2711,0,1.203,0.049,I
2712,0.258,1.127,0.052,I
2713,0.12,1.682,0.043,I
2714,1,2.284,0.357,I
2715,1,1.251,0.088,I
2716,0.168,1.405,0.107,I
2717,0,29.749,0,I
2718,0,37.515,0,I
2719,0.687,40.17,0.711,I
2720,0,38.95,0.045,I
2721,0,41.058,0,I
2722,0,34.113,0.272,I
2723,0,17.441,0.187,I
2724,0,6.255,0.999,I
2725,0,14.769,0.563,I
2726,0,25.733,0.135,I
2727,0,32.674,0,I
2728,0.259,41.091,0,I
2729,0,42.494,0,I
2730,0,39.317,0,I
2731,0,33.825,0.049,I
2732,0,29.709,0.594,I
2733,0,25.497,0,I
2734,0,22.228,0.153,I
2735,0,19.453,0.237,I
2736,0,26.137,0,I
2737,0,24.621,0,I
2738,0,11.943,0,I
2739,0,12.169,0,I
2740,0,4.812,0,I
2741,0,4.053,0,I
2742,0,2.596,0,I
2743,0,4.128,0,I
2744,0,1.262,0,I
2745,0,1.384,0,I
2746,0.696,1.851,0,I
2747,0,1.537,0,I
2748,0,1.454,0,I
2749,0,1.993,0,I
2750,0,13.435,0,I
2751,0,16.225,0,I
2752,0,15.167,0,I
2753,0,12.552,0,I
2754,1,11.877,0,I
2755,0,7.035,0,I
2756,0,5.755,0,I
2757,0,1.147,0,I
2758,1,9.981,0,I
2759,0,3.943,0,I
2760,0,1.937,0,I
2761,1,11.107,0,I
2762,0,9.699,0,I
2763,0,11.234,0,I
2764,0,7.28,0,I
2765,0,6.649,0,I
2766,0,5.157,0,I
2767,0,1.088,0,I
2768,0,1.361,0,I
2769,0,1.801,0,I
2770,0,1.337,0,I
2771,0,1.198,0,I
2772,0,1.035,0,I
2773,0,2.343,0,I
2774,0,1.393,0,I
2775,0,1.938,0,I
2776,0,1.798,0,I
2777,0,2.106,0,I
2778,0,2.042,0,I
2779,0,2.132,0,I
2780,0,2.453,0,I
2781,0,1.288,0,I
2782,0,1.837,0,I
2783,0,2.133,0,I
2784,0,4.502,0,I
2785,0,7.253,0,I
2786,0,2.468,0,I
2787,0,7.338,0,I
2788,0,12.29,0,I
2789,0,18.445,0.022,I
2790,0,9.735,0,I
2791,0,4.213,0,I
2792,0,1.532,0,I
2793,0,6.313,0,I
2794,0,1.258,0,I
2795,0,1.646,0,I
2796,0,6.635,0,I
2797,0,13.104,0,I
2798,0,17.749,0.073,I
2799,0,25.078,0.758,I
2800,0,12.813,0.036,I
2801,0,29.418,0.511,I
2802,0,32.164,0.734,I
2803,0,38.536,0.411,I
2804,0,35.821,0.992,I
2805,0,22.26,0.497,I
2806,0,20.66,0.629,I
2807,0,18.565,0.971,I
2808,0.356,17.715,0.922,I
2809,0,12.739,0.786,I
2810,1,11.268,0.522,I
2811,0,4.348,0.499,I
2812,0,4.247,0.863,I
2813,0,1.367,0.027,I
2814,0.905,9.584,0.999,I
2815,0,12.506,1,I
2816,0,16.186,0.999,I
2817,0,18.777,0.909,I
2818,0,34.328,0.325,I
2819,0,28.781,0.502,I
2820,0,38.652,0,I
2821,0,38.062,0,I
2822,0,40.218,0,I
2823,0,33.312,0,I
2824,0,25.941,0.506,I
2825,0.179,15.748,0.999,I
2826,0.281,19.524,0.876,I
2827,1,8.361,0.999,I
2828,0,7.388,0.609,I
2829,1,8.87,0.777,I
2830,0,12.23,0,I
2831,0.862,12.621,0.587,I
2832,0.218,16.988,0.064,I
2833,0,22.093,0.005,I
2834,0.203,20.863,0,I
2835,0,6.371,0.169,I
2836,0,1.219,0.069,I
2837,0,11.817,0.982,I
2838,0,8.129,0.754,I
2839,0,19.974,0.102,I
2840,1,19.232,0,I
2841,0.816,26.663,0,I
2842,0,10.191,0.016,I
2843,0,12.676,0,I
2844,0.661,16.809,0,I
2845,0.311,20.295,0,I
2846,0,19.742,0,I
2847,0,28.647,0,I
2848,0,32.328,0,I
2849,0,24.278,0,I
2850,0,31.552,0,I
2851,0,24.273,0,I
2852,0,29.466,0,I
2853,0,31.554,0,I
2854,0,35.697,0,I
2855,0,35.943,0,I
2856,0,36.768,0,I
2857,0,39.154,0,I
2858,0.187,35.871,0,I
2859,0.079,26.894,0.078,I
2860,0,29.361,0.898,I
2861,0,32.211,0.888,I
2862,0.048,29.707,0.029,I
2863,0,22.403,0.316,I
2864,0,32.109,0.633,I
2865,0,23.456,1,I
2866,0,19.105,1,I
2867,0,15.747,0.999,I
2868,0,24.02,0.999,I
2869,0,20.909,1,I
2870,0.338,1.364,0,I
2871,0,1.073,0,I
2872,1,1.235,0,I
2873,0,1.142,0,I
2874,0,1.035,0.048,I
2875,0.458,1.262,0.019,I
2876,0.476,1.31,0,I
2877,0.157,1.123,0.17,I
2878,0,1.101,0.138,I
2879,0.102,4.293,0.956,I
2880,0,4.509,0.93,I
2881,0,8.504,1,I
2882,0,16.909,0.999,I
2883,0,19.517,0.999,I
2884,0.432,9.216,1,I
2885,0,17.343,0.999,I
2886,0.797,13.98,0.626,I
2887,0,22.01,0.469,I
2888,0,16.029,0.881,I
2889,0,11.632,1,I
2890,0.046,16.35,0.826,I
2891,0,7.788,0.999,I
2892,0,5.946,0.984,I
2893,0.728,3.922,0.87,I
2894,0.259,4.371,0.855,I
2895,0,8.397,1,I
2896,0.932,1.357,0.292,I
2897,0.899,0.982,0.056,I
2898,0.18,1.703,0.228,I
2899,1,4.665,0.805,I
2900,0,9.423,0.995,I
2901,0.164,8.696,0.999,I
2902,0,13.418,0.999,I
2903,0,7.556,0.992,I
2904,0,10.712,1,I
2905,0,4.972,1,I
2906,0,4.113,0.932,I
2907,0.942,4.696,0.976,I
2908,0.513,3.339,0.872,I
2909,0.46,2.204,0.553,I
2910,0,1.335,0.225,I
2911,0,3.958,0.946,I
2912,0,2.847,0.874,I
2913,0,4.298,0.98,I
2914,0,6.466,0.987,I
2915,0,5.79,0.989,I
2916,0,7.047,0.952,I
2917,0,1.222,0.089,I
2918,0.849,7.526,0.998,I
2919,1,1.194,0,I
2920,0,1.261,0,I
2921,0.943,1.311,0,I
2922,1,1.026,0,I
2923,0,1.051,0,I
2924,0.602,1.183,0,I
2925,0.084,1.353,0.183,I
2926,0,1.212,0.006,I
2927,1,1.001,0,I
2928,0,0.862,0,I
2929,0,2.22,0,I
2930,0,3.314,0.02,I
2931,0,6.67,0.953,I
2932,0,6.079,0.261,I
2933,0,8.592,0.86,I
2934,0,8.634,0.984,I
2935,0,11.939,0.999,I
2936,0,22.584,0.999,I
2937,0.341,27.729,0.999,I
2938,1,19.128,1,I
2939,1,28.828,0.999,I
2940,0,21.802,1,I
2941,0,28.436,0.999,I
2942,0.848,23.883,1,I
2943,0,26.839,1,I
2944,0,23.648,0.999,I
2945,0,30.82,0.999,I
2946,0,19.491,0.996,I
2947,0,9.39,0.735,I
2948,0,15.567,0.456,I
2949,0.213,15.471,0.024,I
2950,1,8.348,0,I
2951,0.996,21.606,0,I
2952,0.24,11.442,0,I
2953,0.071,36.479,0,I
2954,0.257,38.773,0.251,I
2955,0,30.588,0.666,I
2956,0,31.569,1,I
2957,0,34.338,0.892,I
2958,0.185,24.65,0.999,I
2959,0,29.881,0.911,I
2960,0.202,20.395,0.512,I
2961,0.809,36.28,0.999,I
2962,1,39.867,0.81,I
2963,0.792,40.651,0.915,I
2964,1,42.333,0.795,I
2965,0.397,13.847,0.477,I
2966,0.449,14.02,0.817,I
2967,0,8.303,0,I
2968,1,7.369,0,I
2969,0.755,8.886,0,I
2970,1,10.437,0.988,I
2971,1,3.529,0.008,I
2972,0.488,1.802,0.383,I
2973,0,9.397,1,I
2974,0.422,13.476,0,I
2975,0.398,13.606,0,I
2976,0.483,18.466,0,I
2977,0,24.395,0,D
2978,0,29.842,0.619,D
2979,0,34.156,1,I
2980,0,34.165,0.999,I
2981,0.962,37.203,1,I
2982,0,37.394,1,I
2983,0.573,39.053,1,I
2984,0.774,40.11,0.863,I
2985,0.547,41.015,0.741,I
2986,0.343,32.964,0.999,I
2987,0,34.913,0.999,I
2988,0.895,33.691,0.999,I
2989,0,30.934,0.999,I
2990,0,18.6,0.999,I
2991,0,6.565,0.912,I
2992,0,16.005,0.988,I
2993,0,1.046,0,I
2994,0,0.9,0,I
2995,0,3.722,0.91,I
2996,0,1.061,0.106,I
2997,0,1.415,0.297,I
2998,0.684,0.885,0.018,I
2999,0,1.364,0,I
3000,0,1.027,0.24,I
3001,0,0.941,0,I
3002,0,1.387,0,I
3003,0,1.294,0,I
3004,1,1.286,0,I
3005,0.571,1.082,0.001,I
3006,0.979,1.698,0.396,I
3007,0.068,1.299,0.006,I
3008,0.812,0.855,0,I
3009,0,1.091,0,I
3010,0.684,1.151,0.114,I
3011,0.144,1.447,0.173,I
3012,0.76,8.196,0.635,I
3013,0,8.977,0.814,I
3014,1,1.57,0.321,I
3015,0.864,1.507,0.043,I
3016,0,1.759,0.044,I
3017,1,1.283,0,I
3018,0,1.779,0,I
3019,0.793,0.786,0,I
3020,0,1.735,0,I
3021,0.854,0.945,0,I
3022,0,1.887,0,I
3023,0,1.372,0,I
3024,1,2.15,0.006,I
3025,0.695,1.265,0.045,I
3026,0,6.494,0.837,I
3027,0,2.193,0.297,I
3028,0.918,11.341,0.961,I
3029,0.394,27.46,0.847,I
3030,0.065,29.029,0.242,I
3031,0,19.769,0.867,I
3032,0.023,24.525,0.849,I
3033,0,38.437,0.016,I
3034,0,39.497,0,I
3035,0,11.483,0,I
3036,0.069,11.696,0.04,I
3037,0,1.663,0,I
3038,0,1.534,0,I
3039,0,1.015,0,I
3040,0,2.928,0.025,I
3041,0,1.119,0.862,I
3042,0,0.992,0.999,I
3043,0,2.012,0.663,I
3044,0.319,1.05,0.997,I
3045,0.383,1.012,1,I
3046,0.317,1.296,0.827,I
3047,0.113,1.935,0.595,I
3048,0,1.48,1,I
3049,0,2.878,0.189,I
3050,0.749,1.5,0.796,I
3051,0,1.334,0.659,I
3052,1,1.119,0.976,I
3053,0,1.016,0.866,I
3054,0.843,1.758,0.999,I
3055,0,2.152,0.999,I
3056,0,1.458,0.982,I
3057,0,4.105,0.109,I
3058,0,1.543,1,I
3059,0,2.212,0.999,I
3060,0,1.252,0.999,I
3061,0,1.436,1,I
3062,1,1.766,0.643,I
3063,0,1.691,0.519,I
3064,0,2.883,0,I
3065,0,1.011,0.856,I
3066,0,6.885,0.029,I
3067,0,1.275,0.594,I
3068,0,3.737,0,I
3069,0,1.395,0.873,I
3070,0,2.7,0.1,I
3071,0,1.203,0.938,I
3072,0,2.755,0.09,I
3073,0.533,1.432,0.844,I
3074,0,3.721,0.445,I
3075,0,1.162,0.178,I
3076,0.148,2.734,0.708,I
3077,0,1.534,0.353,I
3078,0.313,9.367,0.221,I
3079,0.345,38.128,0.513,I
3080,0,59.319,0.753,I
3081,0.912,77.4,0.759,I
3082,0,76.098,0.547,I
3083,1,74.773,0.402,I
3084,0,76.482,0.247,I
3085,0,75.888,0.027,I
3086,0,75.431,0.016,I
3087,0,67.763,0.003,I
3088,0,33.612,0,I
3089,0.05,33.253,0.657,I
3090,0,23.813,1,I
3091,0.771,61.761,0,I
3092,0,46.489,0,I
3093,0,17.056,0,I
3094,0,8.347,0,I
3095,0,3.446,0,I
3096,0,1.347,0,I
3097,0,1.56,0,I
3098,0,1.833,0,I
3099,0,1.889,0,I
3100,0,1.583,0,I
3101,0,1.492,0,I
3102,0,1.359,0,I
3103,0,4.682,0,I
3104,0,1.703,0,I
3105,0,15.406,0,I
3106,0,27.058,0,I
3107,0,23.791,0.018,I
3108,0,15.033,0,I
3109,0,46.61,0.69,I
3110,0,39.568,0,I
3111,0,35.542,0,I
3112,0,35.336,0.117,I
3113,0.101,33.748,0.546,I
3114,0.564,52.301,0.702,I
3115,0,63.249,0.351,I
3116,0.922,64.837,0.693,I
3117,0.189,49.958,0.362,I
3118,0.744,59.341,0.886,I
3119,0.477,53.394,0.996,I
3120,0,30.773,0.873,I
3121,1,31.16,1,I
3122,0,8.396,0.98,I
3123,0.849,12.87,0.999,I
3124,0,1.539,0.207,I
3125,1,3.561,0.946,I
3126,0,3.947,0.999,I
3127,0.853,7.751,0.999,I
3128,0,1.593,0.55,I
3129,0.472,22.338,0.999,I
3130,0,11.085,0.873,I
3131,1,4.882,0.998,I
3132,0.102,1.737,0.005,I
3133,0,3.985,0,I
3134,0.925,1.945,0.112,I
3135,0.852,3.471,0,I
3136,1,2.123,0.056,I
3137,0,1.924,0,I
3138,0,2.596,0,I
3139,1,1.477,0,I
3140,0.741,2.593,0.022,I
3141,0.556,2.885,0,I
3142,0.187,1.799,0,I
3143,0,4.06,0,I
3144,0,1.867,0,I
3145,1,1.133,0,I
3146,1,3.633,0,I
3147,1,1.276,0,I
3148,0.794,2.605,0,I
3149,1,1.35,0,I
3150,1,4.043,0,I
3151,1,1.324,0,I
3152,1,2.98,0,I
3153,1,1.396,0,I
3154,0,4.114,0,I
3155,0.053,7.106,0.083,I
3156,0.702,5.347,0,I
3157,0.156,1.983,0,I
3158,1,2.407,0,I
3159,1,2.212,0,I
3160,0.657,2.412,0,I
3161,1,3.952,0.323,I
3162,0,2.157,0,I
3163,0,2.262,0,I
3164,1,1.521,0.45,I
3165,0.765,4.787,0.994,I
3166,0.619,1.186,0.323,I
3167,0.35,3.954,0.975,I
3168,0,1.591,0.982,I
3169,1,3.742,0.959,I
3170,0.831,1.532,0.071,I
3171,1,3.145,0.661,I
3172,1,1.281,0.01,I
3173,1,3.551,0.761,I
3174,0,2.105,0.038,I
3175,0,2.285,0.216,I
3176,1,1.952,0.331,I
3177,0,2.062,0.017,I
3178,0,6.312,0.51,I
3179,1,6.515,0.86,I
3180,0.899,1.521,0.076,I
3181,1,5.175,0.996,I
3182,0,5.422,0.839,I
3183,1,0.94,0.058,I
3184,0,1.323,0,I
3185,0,3.108,0.748,I
3186,1,3.667,0.878,I
3187,0,1.699,0.153,I
3188,1,1.183,0.283,I
3189,0,1.399,0.053,I
3190,0.27,17.473,0.887,I
3191,0,16.252,0.843,I
3192,0.714,44.727,0.999,I
3193,0,43.027,0.901,I
3194,0,14.037,0.852,I
3195,1,1.905,0.572,I
3196,1,0.86,0,I
3197,0,2.169,0.742,I
3198,1,1.702,0.49,I
3199,1,2.759,0.706,I
3200,0,1.409,0.024,I
3201,0,1.949,0.003,I
3202,1,1.108,0.036,I
3203,1,0.992,0,I
3204,1,1.272,0,I
3205,0.898,1.378,0.002,I
3206,1,1.429,0,I
3207,0,2.253,0,I
3208,0,2.438,0,I
3209,0.995,1.739,0.21,I
3210,0,2.087,0.156,I
3211,1,6.411,0.833,I
3212,0.459,9.637,0.781,I
3213,0,8.254,0.811,I
3214,1,1.004,0.999,I
3215,0.128,1.19,0.932,I
3216,0.883,0.991,1,I
3217,0,2.087,0.904,I
3218,1,0.556,1,I
3219,0,1.432,0.999,I
3220,0.068,1.044,0.938,I
3221,0.839,1.723,1,I
3222,0,2.102,0.971,I
3223,0.998,0.901,0.999,I
3224,1,0.877,1,I
3225,0,1.367,0.999,I
3226,0.932,11.385,0.999,I
3227,0,11.76,1,I
3228,0.853,12.356,0.975,I
3229,0,10.844,0.896,I
3230,1,1.473,1,I
3231,1,4.314,0.999,I
3232,1,8.135,0.999,I
3233,0,5.299,1,I
3234,0,8.658,0.997,I
3235,0.889,8.393,0.999,I
3236,1,29.056,0.53,I
3237,0,21.227,0.743,I
3238,0,54.966,0,I
3239,0,79.007,0,I
3240,0.915,85.822,0.98,I
3241,0.168,80.616,0.105,I
3242,0.844,81.343,0.999,I
3243,0.053,84.16,0.982,I
3244,0,78.885,0.999,I
3245,0,75.309,0.999,I
3246,0.265,68.067,1,I
3247,0,56.673,0.999,I
3248,0,74.26,1,I
3249,0,75.419,0.962,I
3250,0,63.868,1,I
3251,0.365,72.405,0.999,I
3252,0.678,73.336,0.999,I
3253,1,73.109,1,I
3254,0,75.07,0.999,I
3255,0,57.203,1,I
3256,0,43.872,0.999,I
3257,0.364,57.009,0.999,I
3258,0,38.97,1,I
3259,0,47.191,1,I
3260,0,35.125,0.999,I
3261,0,28.887,0.999,I
3262,0.621,38.459,1,I
3263,0,14.955,0.529,I
3264,0,1.779,0,I
3265,0.318,6.644,0.424,I
3266,0.585,8.545,0.928,I
3267,0.13,17.217,0.999,I
3268,0,21.724,1,I
3269,0,26.218,1,I
3270,0,26.65,1,I
3271,0,15.161,0.976,I
3272,0.084,17.937,0.997,I
3273,0.158,18.426,1,I
3274,0,2.527,0.404,I
3275,0,6.028,0.82,I
3276,1,1.86,0.12,I
3277,0,6.107,0.944,I
3278,0.975,4.601,0.993,I
3279,0,4.854,0.025,I
3280,0,2.686,0.003,I
3281,0.507,1.725,0.324,I
3282,0,1.049,0,I
3283,0,1.638,0,I
3284,0,2.144,0,I
3285,0,2.097,0,I
3286,0,1.946,0,I
3287,0,2.69,0,I
3288,0,2.471,0,I
3289,0,2.78,0,I
3290,0,1.801,0,I
3291,0,4.858,0,I
3292,0,2.606,0,I
3293,0,2.111,0,I
3294,0,1.497,0,I
3295,0,1.634,0,I
3296,0,4.958,0,I
3297,0,6.404,0,I
3298,0.267,12.51,0,I
3299,0.491,7.274,0,I
3300,0.307,6.118,0,I
3301,0.203,5.538,0,I
3302,0,2.376,0,I
3303,0,2.321,0,I
3304,0,1.428,0,I
3305,0,2.205,0,I
3306,0,3.058,0,I
3307,0,2.97,0,I
3308,0,2.822,0,I
3309,0,3.099,0,I
3310,0,3.156,0,I
3311,0,2.453,0,I
3312,0,2.876,0,I
3313,0,2.508,0,I
3314,0,2.327,0,I
3315,0,2.698,0,I
3316,0,2.668,0,I
3317,0,2.46,0,I
3318,0,2.858,0,I
3319,0,1.733,0,I
3320,0,2.206,0,I
3321,0,1.723,0,I
3322,0,1.866,0,I
3323,0,2.083,0,I
3324,0,1.505,0,I
3325,0,1.292,0,I
3326,0,2.759,0,I
3327,0,2.565,0,I
3328,0,2.449,0,I
3329,0,1.308,0,I
3330,0.406,2.176,0,I
3331,0.109,2.462,0,I
3332,0,1.98,0,I
3333,0,1.864,0,I
3334,0,2.117,0,I
3335,0,2.135,0,I
3336,0,3.515,0,I
3337,0,1.982,0,I
3338,0,2.018,0,I
3339,0,4.548,0,I
3340,0,2.973,0,I
3341,0,2.072,0,I
3342,0,12.008,0,I
3343,0,32.834,0,I
3344,0,49.062,0,I
3345,0,50.017,0,I
3346,0,34.868,0.001,I
3347,0,21.485,0.049,I
3348,0.237,10.076,0.512,I
3349,0,14.172,0,I
3350,0,23.754,0,I
3351,0,37.085,0,I
3352,0,11.649,0,I
3353,0,3.519,0,I
3354,0,29.155,0,I
3355,0,19.969,0,I
3356,0,20.561,0,I
3357,0,52.671,0,I
3358,0,46.443,0,I
3359,0,43.926,0,I
3360,0,60.417,0,I
3361,0,51.635,0,I
3362,0,28.882,0,I
3363,1,13.383,0,I
3364,0,9.798,0,I
3365,0.279,2.496,0.078,I
3366,1,1.888,0,I
3367,0,1.84,0.018,I
3368,0.61,3.98,0.987,I
3369,0,1.759,0.367,I
3370,0.368,7.799,0.974,I
3371,0.594,15.342,1,I
3372,0.539,31.489,1,I
3373,0,15.537,1,I
3374,0.574,53.164,1,I
3375,0.105,50.856,0.997,I
3376,0.618,66.833,0.912,I
3377,0.752,69.324,0.647,I
3378,0.32,69.721,0.399,I
3379,0.516,77.384,0.119,I
3380,0.398,69.522,0.16,I
3381,0.439,75.83,0,I
3382,0.743,70.502,0,I
3383,0.438,74.487,0,I
3384,1,69.618,0.568,I
3385,0,72.277,0,I
3386,1,63.515,0.999,I
3387,0.225,62.789,0.868,I
3388,0.82,61.085,1,I
3389,1,61.084,1,I
3390,0,57.044,0.999,I
3391,0.741,60.75,0.999,I
3392,0.153,57.128,0.994,I
3393,0,44.905,0.092,I
3394,0.814,47.723,0.159,I
3395,0.771,60.003,0.991,I
3396,0.489,52.154,0.422,I
3397,0,58.365,0.657,I
3398,0.651,44.185,0,I
3399,0.551,42.644,0,I
3400,0,22.726,0,I
3401,0,22.027,0,I
3402,0,9.75,0.024,I
3403,0,5.585,0.054,I
3404,0,15.92,0.558,I
3405,0.085,7.912,0.253,I
3406,0,1.14,0,I
3407,0,1.377,0,I
3408,0,1.233,0,I
3409,0,1.102,0,I
3410,0,1.252,0,I
3411,0,3.094,0,I
3412,0,1.176,0,I
3413,0,1.256,0,I
3414,0,1.586,0,I
3415,0,2.039,0,I
3416,0,1.634,0,I
3417,0,1.656,0,I
3418,0,1.637,0,I
3419,0,2.938,0,I
3420,0,6.528,0,I
3421,0,15.806,0,I
3422,0,12.15,0,I
3423,0,14.136,0,I
3424,0,13.906,0,I
3425,0,8.297,0,I
3426,0,16.094,0,I
3427,0,20.623,0,I
3428,0,7.476,0,I
3429,0,14.176,0,I
3430,0,25.208,0,I
3431,0,2.33,0,I
3432,0,2.954,0,I
3433,0,3.106,0,I
3434,0,17.451,0,I
3435,0,33.383,0,I
3436,0,18.777,0,I
3437,0,5.048,0,I
3438,0,1.666,0,I
3439,0,1.947,0,I
3440,0,3.804,0,I
3441,0,2.499,0,I
3442,0,2.218,0,I
3443,0,1.54,0,I
3444,0,1.719,0,I
3445,0,1.699,0,I
3446,0,2.221,0,I
3447,0,10.536,0,I
3448,0,11.374,0,I
3449,0,3.583,0,I
3450,0,1.328,0,I
3451,0,3.879,0,I
3452,0,1.18,0,I
3453,0,1.458,0,I
3454,0,2.766,0,I
3455,0,1.717,0,I
3456,0,1.148,0,I
3457,0,1.315,0,I
3458,0,1.706,0,I
3459,0,1.416,0,I
3460,0,1.469,0,I
3461,0,1.987,0,I
3462,0,1.506,0,I
3463,0,1.471,0,I
3464,0,2.192,0,I
3465,0.699,1.407,0,I
3466,0,1.485,0,I
3467,0,1.451,0,I
3468,1,1.556,0,I
3469,0,1.873,0,I
3470,0,1.379,0,I
3471,0,1.469,0,I
3472,0.912,1.124,0,I
3473,1,1.38,0,I
3474,0,1.999,0,I
3475,1,1.033,0,I
3476,0,1.05,0,I
3477,0,1.253,0,I
3478,1,12.802,0,I
3479,0,10.731,0,I
3480,0.084,38.122,0,I
3481,1,43.977,0.409,I
3482,0.242,46.532,0.003,I
3483,1,42.359,0.317,I
3484,0.649,43.558,0,I
3485,1,44.511,0,I
3486,0.632,46.037,0,I
3487,0.876,0.696,0,I
3488,1,0.732,0,I
3489,0.706,1.158,0,I
3490,0.417,2.231,0,I
3491,0.905,1.257,0,I
3492,0.222,1.276,0,I
3493,0.441,1.217,0,I
3494,0.722,1.154,0,I
3495,0.13,1.284,0,I
3496,0,1.199,0,I
3497,0.147,1.097,0,I
3498,0,2.983,0,I
3499,0.651,1.009,0,I
3500,0.118,1.419,0.07,I
3501,0,2.778,0,I
3502,0,2.208,0,I
3503,0,1.362,0,I
3504,0.722,1.254,0,I
3505,1,3.003,0.377,I
3506,0,6.962,0.198,I
3507,0.785,3.825,0,I
3508,0.626,7.655,0.063,I
3509,1,19.85,0.425,I
3510,0,21.751,0.72,I
3511,0.239,11.384,0.745,I
3512,0,10.96,0.932,I
3513,0,2.326,0.415,I
3514,0,0.782,0,I
3515,0,1.094,0.059,I
3516,0,0.88,0.005,I
3517,0.412,1.424,0,I
3518,0.163,1.156,0,I
3519,0.113,1.008,0,I
3520,0.987,0.931,0.002,I
3521,0,1.214,0,I
3522,0.934,0.875,0.091,I
3523,0,1.127,0.004,I
3524,0.61,2.509,0.716,I
3525,0.897,1.106,0.022,I
3526,0,1.29,0.007,I
3527,1,0.938,0,I
3528,0,1.318,0,I
3529,0,1.588,0.037,I
3530,0,12.377,0.999,I
3531,1,6.58,0.92,I
3532,0,6.765,0.955,I
3533,0.923,0.998,0,I
3534,0.183,2.008,0,I
3535,0.936,1.76,0,I
3536,0,2.454,0,I
3537,1,1.084,0,I
3538,0,1.995,0,I
3539,0,1.349,0,I
3540,0.675,0.922,0,I
3541,0,1.229,0,I
3542,0.142,1.232,0.04,I
3543,0.425,3.814,0.975,I
3544,0,3.579,0.597,I
3545,0,1.418,0.119,I
3546,0.333,2.864,0.829,I
3547,1,1.252,0.323,I
3548,0,1.394,0.158,I
3549,0,3.452,0.925,I
3550,0.832,4.245,0.978,I
3551,0,4.353,0.468,I
3552,0,3.963,0.672,I
3553,0.035,10.932,0.561,I
3554,0,1.703,0.363,I
3555,0.27,10.158,0.972,I
3556,0.648,3.14,0.965,I
3557,0,1.538,0.111,I
3558,0.641,0.936,0.027,I
3559,0,2.814,0.754,I
3560,0,1.107,0,I
3561,0.228,1.68,0,I
3562,0,1.633,0,I
3563,0.299,1.486,0,I
3564,0.809,1.252,0,I
3565,0,1.253,0,I
3566,0,1.169,0,I
3567,0,1.321,0,I
3568,0.059,1.661,0,I
3569,0,1.341,0,I
3570,0,1.882,0,I
3571,0,1.262,0,I
3572,0,1.837,0,I
3573,0,1.697,0,I
3574,0,1.436,0,I
3575,0,1.689,0,I
3576,0,1.592,0,I
3577,0,1.822,0,I
3578,0,2.37,0,I
3579,0,2.021,0,I
3580,0,1.98,0,I
3581,0,1.927,0,I
3582,0,2.045,0,I
3583,0,1.775,0,I
3584,0,2.158,0,I
3585,0,2.202,0.002,I
3586,0,2.641,0.123,I
3587,0,2.24,0.119,I
3588,0,1.829,0.068,I
3589,0,2.205,0.447,I
3590,0,1.173,0,I
3591,0,1.026,0,I
3592,0,0.991,0,I
3593,0,2.188,0,I
3594,0,1.348,0,I
3595,0.391,1.117,0,I
3596,0,1.893,0,I
3597,0,1.682,0,I
3598,0,1.198,0,I
3599,0.065,1.116,0,I
3600,0,2.137,0,I
3601,0,4.698,0,I
3602,0,6.859,0,I
3603,0,8.612,0,I
3604,0,13.184,0,I
3605,0,26.902,0,I
3606,0,38.961,0.091,I
3607,0,56.334,0.106,I
3608,0,69.454,0.399,I
3609,0,79.758,0.339,I
3610,0.884,75.519,0.999,I
3611,0,81.152,0.928,I
3612,0,71.13,1,I
3613,0,73.527,0.999,I
3614,1,76.193,1,I
3615,0,76.064,0.999,I
3616,1,69.086,1,I
3617,0,73.905,1,I
3618,0.425,52.083,0.999,I
3619,0,48.496,0.999,I
3620,0,38.439,1,I
3621,1,21.738,0.999,I
3622,0,22.265,0.999,I
3623,1,4.191,0.95,I
3624,1,3.502,0.648,I
3625,0,3.904,0.686,I
3626,0.47,3.64,0.771,I
3627,0,2.897,0.599,I
3628,1,2.477,0.837,I
3629,0,7.595,0.999,I
3630,0.792,7.486,0.999,I
3631,0.651,17.675,0.878,I
3632,0,21.504,0.008,I
3633,0,28.372,0,I
3634,0,14.932,0,I
3635,0,6.026,0,I
3636,0,7.673,0,I
3637,0,8.076,0,I
3638,0,7.263,0,I
3639,0,1.582,0,I
3640,0,1.529,0,I
3641,0,5.452,0,I
3642,0,1.81,0,I
3643,0,1.444,0,I
3644,0,1.581,0,I
3645,0,1.61,0,I
3646,0,1.287,0,I
3647,0,1.705,0,I
3648,0,1.734,0,I
3649,0,1.187,0,I
3650,0,1.413,0,I
3651,0,3.451,0,I
3652,0,2.919,0,I
3653,0,3.751,0,I
3654,0,2.283,0,I
3655,0,6.147,0,I
3656,0,3.256,0,I
3657,0,4.77,0,I
3658,0,2.188,0,I
3659,0,5.22,0,I
3660,1,5.493,0.489,I
3661,0,1.822,0,I
3662,0,6.85,0.6,I
3663,0,2.437,0.641,I
3664,0,3.031,0.63,I
3665,0,1.723,0.941,I
3666,0,3.268,0.518,I
3667,0,1.613,1,I
3668,0.501,3.09,0.999,I
3669,0,1.567,1,I
3670,0.652,2.423,0.999,I
3671,0,2.362,0.999,I
3672,0.587,0.83,0.999,I
3673,0.144,0.927,1,I
3674,0.901,4.411,0.999,I
3675,0,9.012,0.87,I
3676,1,21.819,0.965,I
3677,0.327,25.069,0.46,I
3678,1,38.404,0.335,I
3679,0,39.654,0,I
3680,0.567,45.062,0.829,I
3681,0.065,47.945,0.389,I
3682,0.026,13.235,0.19,I
3683,0,17.179,0.365,I
3684,0,18.708,0.62,I
3685,1,16.133,1,I
3686,0.306,22.157,0.999,I
3687,0,22.246,0.999,I
3688,0,24.856,1,I
3689,0,21.506,0.999,I
3690,0.299,14.737,0.953,I
3691,0,4.031,0.999,I
3692,0,21.901,0.999,I
3693,0,16.806,1,I
3694,0,14.711,1,I
3695,0,6.606,0.999,I
3696,0,17.513,0.033,I
3697,0,18.18,0.194,I
3698,0,21.496,0.136,I
3699,0,20.823,0.477,I
3700,1,4.658,0.24,I
3701,0,8.138,0.081,I
3702,0,6.053,0,I
3703,0,1.015,0,I
3704,0.488,2.069,0,I
3705,0.247,6.241,0.461,I
3706,0,5.334,0.166,I
3707,0,1.051,0.128,I
3708,0,16.075,0.601,I
3709,0,3.034,0.753,I
3710,0,1.055,0.235,I
3711,1,1.561,0.505,I
3712,0,2.781,0.998,I
3713,1,0.881,0,I
3714,0.118,0.972,0.056,I
3715,0,1.604,0.282,I
3716,1,3.35,0.824,I
3717,0.805,0.913,0.063,I
3718,0,3.594,0.598,I
3719,0.392,1.449,0.186,I
3720,0,1.37,0,I
3721,0.222,1.452,0.064,I
3722,0,8.801,0.999,I
3723,0.748,4.05,0.956,I
3724,1,1.125,0.05,I
3725,1,1.672,0.03,I
3726,0,1.815,0,I
3727,0.535,6.569,0.91,I
3728,0,3.185,0.837,I
3729,0.485,5.527,0.922,I
3730,0.413,1.646,0.023,I
3731,0,1.545,0.189,I
3732,0.212,11.717,0.968,I
3733,0,1.651,0.231,I
3734,0.216,6.207,0.932,I
3735,0.831,2.927,0.383,I
3736,0.403,4.903,0.864,I
3737,1,2.4,0.245,I
3738,0,9.303,0.999,I
3739,0,15.316,0.999,I
3740,0,9.925,1,I
3741,0,14.819,0.999,I
3742,0.696,5.628,0.814,I
3743,0,1.816,0.086,I
3744,0.743,8.854,0.998,I
3745,0,15.143,0.999,I
3746,0.102,14.918,1,I
3747,0,4.391,0.879,I
3748,0,2.466,0.288,I
3749,0,5.648,0.961,I
3750,0,2.267,0.42,I
3751,0,1.559,0.158,I
3752,0,4.61,0.936,I
3753,0,3.284,0.866,I
3754,0.727,1.351,0.091,I
3755,1,5.177,0.994,I
3756,0,7.417,0.693,I
3757,0.322,8.884,0.999,I
3758,0.592,9.232,0.999,I
3759,0.153,5.506,0.968,I
3760,1,1.726,0.256,I
3761,0.212,1.611,0.099,I
3762,0,4.283,0.617,I
3763,0,1.438,0.323,I
3764,0.484,1.47,0,I
3765,0,3.744,0,I
3766,0,1.824,0,I
3767,0,2.443,0,I
3768,0,1.38,0,I
3769,0,1.35,0,I
3770,0,1.95,0,I
3771,0,1.237,0,I
3772,0,1.589,0,I
3773,0,1.372,0,I
3774,0,2.191,0,I
3775,0,1.654,0,I
3776,0,1.497,0,I
3777,0,1.264,0,I
3778,0.136,9.587,0,I
3779,0,10.739,0,I
3780,0,0.849,0,I
3781,0,17.918,0.006,I
3782,0,20.367,0.001,I
3783,0.495,14.421,0.195,I
3784,0.93,12.348,0.968,I
3785,0.335,16.718,0.683,I
3786,0,9.531,0.541,I
3787,0,1.478,0.743,I
3788,0.262,1.143,0.69,I
3789,0,1.814,0.011,I
3790,0,0.967,0,I
3791,0.414,1.522,0.049,I
3792,0,1.432,0,I
3793,0,1.392,0,I
3794,0,0.909,0,I
3795,0,1.305,0.817,I
3796,0.288,1.376,0,I
3797,0.411,1.595,0.329,I
3798,0.744,1.806,0.477,I
3799,1,1.351,0.244,I
3800,0,1.499,0.012,I
3801,1,0.757,0,I
3802,0.323,1.292,0.049,I
3803,0,3.491,0,I
3804,0.133,1.32,0,I
3805,0,2.838,0.23,I
3806,0,0.623,0.046,I
3807,0,2.899,0.32,I
3808,0,1.545,0.107,I
3809,0,0.611,0.54,I
3810,0.056,0.668,0.103,I
3811,0.376,4.411,0.04,I
3812,0,12.754,0.011,I
3813,1,1.013,0,I
3814,0,1.395,0,I
3815,0,5.259,0.434,I
3816,0,1.266,0,I
3817,0.276,0.937,0,I
3818,0,1.089,0,I
3819,0,1.119,0,I
3820,0.485,0.751,0,I
3821,0,0.669,0,I
3822,0,0.663,0,I
3823,1,0.724,0,I
3824,0,0.816,0,I
3825,0.601,0.697,0.063,I
3826,1,1.098,0.406,I
3827,0.67,2.11,0.96,I
3828,0,0.853,0.027,I
3829,0,0.748,0,I
3830,0,1.08,0.061,I
3831,0,0.578,0,I
3832,0,0.507,0,I
3833,0,9.49,0,I
3834,0.505,12.115,0.084,I
3835,0,12.984,0,I
3836,1,4.249,0.976,I
3837,0.714,4.146,0.92,I
3838,0,2.773,0.029,I
3839,0.759,0.934,0.073,I
3840,0,4.354,0.863,I
3841,0,1.546,0.242,I
3842,1,2.837,0.838,I
3843,0.993,15.896,0.772,I
3844,0,12.127,0.514,I
3845,0,7.665,0.347,I
3846,0,1.259,0.141,I
3847,0,16.226,0.572,I
3848,1,3.209,0.856,I
3849,0.844,4.489,0.991,I
3850,0.924,20.857,0.918,I
3851,1,47.323,1,I
3852,0.984,68.402,1,I
3853,0,54.976,0.923,I
3854,1,77.889,1,I
3855,0,84.895,0.999,I
3856,0.762,71.255,1,I
3857,0,69.659,0.994,I
3858,0.598,46.562,0.999,I
3859,0,47.246,1,I
3860,1,36.612,1,I
3861,1,38.19,0.999,I
3862,0,31.11,0.999,I
3863,0.704,26.123,0.999,I
3864,0.436,24.825,0.397,I
3865,0.073,28.129,0.028,I
3866,0,16.323,0.75,I
3867,0.909,14.194,0.132,I
3868,0,5.467,0.487,I
3869,0,2.825,0,I
3870,0.299,15.303,0,I
3871,0,14.925,0,I
3872,0.289,10.636,0,I
3873,0,19.61,0,I
3874,0,9.236,0,I
3875,0,12.297,0,I
3876,0.081,8.512,0,I
3877,0,3.257,0,I
3878,0,1.625,0,I
3879,0,1.396,0,I
3880,0.057,1.437,0,I
3881,1,1.633,0,I
3882,0,2.336,0,I
3883,0,3.517,0.596,I
3884,0,2.056,0.181,I
3885,0,13.803,0.999,I
3886,0,12.837,0.999,I
3887,0,25.794,1,I
3888,0,23.142,0.999,I
3889,0,20.135,0.999,I
3890,0,23.244,1,I
3891,0,31.46,1,I
3892,0.053,11.742,0.997,I
3893,0.153,7.131,0,I
3894,0,9.681,0,I
3895,0.392,11.855,0,I
3896,0,14.477,0.897,I
3897,0.075,24.053,0.401,I
3898,0,28.465,1,I
3899,0,29.712,1,I
3900,0,32.75,1,I
3901,0,33.074,1,I
3902,0,18.827,1,I
3903,0.076,12.579,0.999,I
3904,0.319,7.366,0,I
3905,0.443,18.215,0,I
3906,0,22.065,0,I
3907,1,23.49,0,I
3908,0.872,15.985,0,I
3909,0,24.636,0.44,I
3910,0.164,15.672,0,I
3911,0.673,7.148,0,I
3912,0.221,15.719,0.029,I
3913,0,4.97,0,I
3914,0,14.184,0.019,I
3915,0,5.116,0,I
3916,1,8.448,0,I
3917,0,1.299,0,I
3918,0,22.106,1,I
3919,0.638,1.187,0,I
3920,0.455,1.445,0,I
3921,0,1.505,0.009,I
3922,0,2.171,0.028,I
3923,0,5.355,0.786,I
3924,0,16.538,0.983,I
3925,0,17.235,0.999,I
3926,0,19.876,0.999,I
3927,0,21.184,0.999,I
3928,0,0.96,0.1,I
3929,0.233,1.01,0.999,I
3930,0,0.94,0.963,I
3931,0.541,77.074,0.124,I
3932,1,2.22,0.69,I
3933,0,1.615,1,I
