"inSALMO cell data file, Clear Creek site Restoration 3A, 2008 data",,,,
Developed from USFWS data,"From Jason White, 11/15/2012",,,
Cell#,FracVelShelter,DistToHidingCover,FracSpawnGravel,ReachEndCode
1,0,2.362,0.004,I
2,0.446,2.569,0,I
3,0.163,4.212,0,I
4,0.294,6.897,0.095,I
5,0.68,5.687,0,I
6,1,6.246,0,I
7,0,9.521,0,I
8,0.183,8.244,0,I
9,0.473,8.374,0,I
10,0,10.835,0,I
11,0,14.514,0,U
12,0,16.768,0,I
13,0,14.263,0,I
14,0,19.439,0,I
15,0,9.79,0.498,U
16,0,20.128,0.388,I
17,0,9.571,0.954,I
18,0.313,6.655,0.879,I
19,0,23.024,0.98,I
20,0,7.663,1,I
21,0,18.993,1,I
22,0,15.589,1,I
23,0,6.622,0.341,I
24,0.391,7.888,0.368,I
25,0,1.405,0,I
26,0,3.834,0.007,I
27,0.118,0.804,0,I
28,0,9.99,0.744,I
29,0.457,4.764,0,I
30,0.802,0.877,0,I
31,0.248,0.877,0,I
32,0.179,1.415,0,I
33,0,1.513,0.261,I
34,0.261,7.143,0.097,I
35,0,9.807,0.993,I
36,0,13.101,0.999,I
37,0,19.266,0.898,I
38,0,23.465,0.148,I
39,0,20.941,0,I
40,0,19.929,0,I
41,0,10.985,0,I
42,0,9.732,0,I
43,0,15.158,0,I
44,0.201,2.952,0,I
45,1,2.491,0,I
46,1,1.369,0,I
47,0.555,5.039,0,I
48,0.085,6.677,0,I
49,0.989,3.909,0,I
50,0.823,2.54,0,I
51,0,11.247,0,I
52,0,9.569,0,I
53,0,16.648,0,I
54,0,15.773,0,I
55,0,22.438,0.059,I
56,0,19.941,0.847,I
57,0,12.003,0.992,I
58,0,5.815,0.596,I
59,0,14.149,0.888,I
60,0,21.141,1,I
61,0,3.459,0.065,I
62,0,5.648,0.277,I
63,0,10.672,0.359,I
64,0,4.217,0.303,I
65,0,1.569,0,I
66,0,1.756,0,I
67,0,1.251,0,I
68,0,0.661,0,I
69,0,0.585,0,I
70,0,0.735,0,I
71,0,0.712,0,I
72,0.21,0.669,0,I
73,0,0.445,0,I
74,0,0.808,0,I
75,0,0.801,0,I
76,0,0.677,0,I
77,0.512,0.578,0,I
78,0.223,1.73,0,I
79,0,0.623,0,I
80,0,1.592,0,I
81,0,9.027,0.076,I
82,0,2.703,0,I
83,0.229,0.952,0,I
84,0.063,2.511,0,I
85,0,5.141,0,I
86,0,10.066,0,I
87,0,7.688,0,I
88,0,11.174,0,I
89,0,17.156,0.069,I
90,0,20.923,0.857,I
91,0,19.128,0.608,I
92,0,23.514,0.967,I
93,0,19.43,0.582,I
94,0,9.855,0.556,I
95,0,4.723,0.235,I
96,0,2.768,0,I
97,0,11.025,0.998,I
98,0,4.402,0.903,I
99,0,0.908,0,I
100,0.121,2.797,0.414,I
101,1,1.261,0,I
102,0.163,0.951,0.011,I
103,1,1.213,0,I
104,1,1.406,0,I
105,0.156,3.368,0.082,I
106,0.511,3.309,0,I
107,0,10.7,0.8,I
108,0,8.445,0.11,I
109,0.175,5.054,0,I
110,0,3.586,0,I
111,0,8.405,0,I
112,0,6.434,0,I
113,0,1.944,0,I
114,0,1.628,0,I
115,0,14.592,0.397,I
116,0,13.295,0,I
117,0,23.698,0.676,I
118,0,24.785,0.067,I
119,0,21.009,0.489,I
120,0,20.997,0,I
121,0,21.159,0,I
122,0,22.03,0.232,I
123,0,15.949,0.183,I
124,0,22.156,0,I
125,0,18.192,0.033,I
126,0,19.102,0,I
127,0,7.077,0,I
128,0,8.483,0,I
129,0,5.417,0,I
130,0,1.885,0,I
131,0,7.695,0,I
132,0,2.795,0,I
133,0,12.036,0,I
134,0,14.002,0,I
135,0,14.626,0,I
136,0,15.941,0,I
137,0,13.507,0,I
138,0,12.137,0,I
139,0,8.822,0,I
140,0,12.006,0,I
141,0,2.094,0,I
142,0,4.317,0,I
143,0,2.264,0,I
144,0,8.591,0,I
145,0,5.227,0,I
146,0,7.415,0,I
147,0,3.644,0,I
148,0,4.269,0,I
149,0,4.949,0,I
150,0,4.486,0,I
151,0,2.153,0,I
152,0,1.287,0,I
153,0,3.082,0,I
154,0,2.786,0.329,I
155,0,8.58,0,I
156,0,4.875,0.585,I
157,0.594,0.773,0,I
158,0.15,0.909,0,I
159,0,0.906,0,I
160,0,1.234,0,I
161,0,1.57,0,I
162,0,1.172,0,I
163,0.177,1.006,0,I
164,0,3.25,0,I
165,0,3.58,0,I
166,0,1.195,0,I
167,0,1.397,0,I
168,0,0.793,0,I
169,0,1.414,0,I
170,0,1.491,0,I
171,0.402,1.071,0,I
172,0,1.448,0,I
173,0,2.205,0,I
174,0.46,1.959,0,I
175,0,3.379,0,I
176,0.265,1.683,0,I
177,0,0.841,0,I
178,0,1.295,0,I
179,0,1.297,0,I
180,0,1.254,0,I
181,0.133,1.345,0,I
182,0.368,0.776,0,I
183,1,0.578,0,I
184,0,0.858,0,I
185,0,0.836,0,I
186,0,2.68,0,I
187,0,0.843,0,I
188,0,1.191,0,I
189,0,1.562,0,I
190,1,1.001,0,I
191,0.289,1.176,0,I
192,0,1.951,0,I
193,0.432,0.979,0,I
194,0,1.243,0,I
195,0,1.378,0,I
196,0,1.701,0,I
197,0,0.668,0.066,I
198,0,12.537,0.324,I
199,0,9.446,0.995,I
200,0,17.291,0.55,I
201,0,16.393,0.999,I
202,0,23.627,0,I
203,0,21.388,0.418,I
204,0,23.233,0,I
205,0,22.35,0.325,I
206,0,18.006,0,I
207,0,16.828,0,I
208,0,13.78,0,I
209,0,8.319,0,I
210,0,16.006,0,I
211,0,8.912,0.005,I
212,0,10.538,0,I
213,0,4.268,0,I
214,0,2.194,0,I
215,0,1.431,0,I
216,0,1.77,0.051,I
217,0,3.259,0.598,I
218,0,7.588,0.885,I
219,0,13.369,0.315,I
220,0,11.394,0.999,I
221,0.075,1.87,0.052,I
222,0,1.092,0,I
223,0.372,1.377,0,I
224,0.359,5.899,0.86,I
225,0,6.892,0.765,I
226,0,12.581,0.967,I
227,0.274,6.232,0.88,I
228,0,17.584,0.974,I
229,0,17.394,0.889,I
230,0,20.285,1,I
231,0,24.079,0.446,I
232,0,18.91,0.008,I
233,0,23.625,0.444,I
234,0,24.838,0.335,I
235,0,22.381,0.712,I
236,0,21.812,1,I
237,0,21.658,0.996,I
238,0,20.692,0.971,I
239,0,14.98,1,I
240,0,12.882,0.999,I
241,0,9.891,0.999,I
242,0,15.964,0.999,I
243,0,10.08,0.929,I
244,0,4.857,0.05,I
245,0,2.907,0.001,I
246,0,1.551,0,I
247,0,1.521,0.038,I
248,0,0.854,0,I
249,0,2.498,0.351,I
250,0,8.277,0.827,I
251,0,2.663,0.833,I
252,0,10.449,0.999,I
253,0,6.99,0.999,I
254,0,6.672,0.999,I
255,0,3.309,0.985,I
256,0,1.358,0.481,I
257,0,0.77,0.042,I
258,0,2.083,0.812,I
259,0,1.146,0,I
260,0,1.093,0,I
261,0,1.083,0,I
262,0.078,0.747,0,I
263,0,0.883,0,I
264,0,0.741,0,I
265,0,0.543,0,I
266,0.602,0.939,0,I
267,0.416,0.896,0,I
268,0.496,0.821,0,I
269,0.833,1.042,0.011,I
270,0.32,2.677,0.547,I
271,0,0.872,0,I
272,0,3.576,0.734,I
273,0,0.758,0.001,I
274,0.939,0.95,0,I
275,0.519,2.346,0.208,I
276,0.61,5.67,0.019,I
277,0,6.471,0.276,I
278,0,8.797,0.652,I
279,0.092,5.682,0.946,I
280,0,10.71,0.999,I
281,0,13.478,0.982,I
282,0,18.436,0.958,I
283,0,24.14,0.999,I
284,0,29.515,0.484,I
285,0,27.003,0.154,I
286,0,26.559,0.807,I
287,0,26.965,0.999,I
288,0,17.359,0.989,I
289,0,9.693,0.999,I
290,0,16.154,0.999,I
291,0,6.692,0.999,I
292,0.156,1.894,0.062,I
293,0,1.455,0,I
294,0.168,5.479,0.695,I
295,0.495,1.396,0.044,I
296,0,1.172,0,I
297,0,1.212,0,I
298,0.959,1.111,0,I
299,0,1.525,0.903,I
300,0.084,1.007,0.973,I
301,0.059,3.791,0.063,I
302,0.095,2.822,0.625,I
303,0.078,8.731,0.156,I
304,0.022,2.525,0.905,I
305,0,4.346,0.999,I
306,0,5.169,0.999,I
307,0,11.779,1,I
308,0,16.002,0.999,I
309,0,19.924,0.999,I
310,0,18.509,1,I
311,0,24.204,0.999,I
312,0,13.308,0.999,I
313,0,19.042,1,I
314,0,11.403,0.999,I
315,0,21.518,0.999,I
316,0,9.251,0.999,I
317,0.423,8.101,0.999,I
318,0.059,1.851,0.333,I
319,1,2.487,0.476,I
320,0,2.008,0.248,I
321,0.324,1.407,0.059,I
322,0.736,1.314,0,I
323,0.365,1.286,0,I
324,0.396,1.179,0,I
325,1,1.093,0,I
326,0.279,1.346,0.176,I
327,0.735,2.485,0.557,I
328,0,2.063,0.384,I
329,0,6.22,0.712,I
330,0,8.521,0.972,I
331,0,11.352,0.982,I
332,0.148,1.189,0.015,I
333,0.667,1.504,0.01,I
334,0.362,2.358,0.46,I
335,0,4.671,0.652,I
336,0,9.636,0.991,I
337,0,13.811,0.98,I
338,0.006,12.851,0.728,I
339,0,10.36,0.941,I
340,0,23.738,1,I
341,0,27.165,0.999,I
342,0,17.57,0.941,I
343,0,24.876,0.999,I
344,0,12.768,0.988,I
345,0,10.774,0.999,I
346,0,3.105,0.36,I
347,0.343,2.398,0.077,I
348,0.081,1.068,0,I
349,0.308,1.905,0.072,I
350,0.154,3.096,0.187,I
351,0.231,2.106,0,I
352,0,1.191,0,I
353,0.166,1.241,0.033,I
354,0.525,2.473,0.233,I
355,0.028,2.473,0.782,I
356,0.232,1.754,0.69,I
357,0.3,1.082,0.642,I
358,0,1.593,0.999,I
359,0,2.311,0.999,I
360,0.787,2.147,0.998,I
361,1,4.728,0.877,I
362,1,2.643,0.91,I
363,0.851,2.298,0,I
364,0.529,5.054,0.399,I
365,0.179,2.079,0,I
366,0,2.328,0.011,I
367,0.653,7.081,0.877,I
368,0,2.041,0.094,I
369,0.766,5.4,0.596,I
370,0,13.617,1,I
371,0,6.8,0.758,I
372,0,8.692,0.894,I
373,0.617,1.516,0,I
374,0,2.05,0.011,I
375,0,2.07,0.042,I
376,1,1.042,0.003,I
377,0.206,1.299,0,I
378,0.577,0.973,0,I
379,0.088,1.215,0,I
380,0.239,1.024,0,I
381,0.826,1.281,0,I
382,0,1.607,0,I
383,0,2.334,0,I
384,0.107,0.954,0,I
385,0.818,1.24,0,I
386,0.167,1.717,0,I
387,0,1.946,0,I
388,0,2.196,0.038,I
389,0,2.668,0.151,I
390,0,2.464,0,I
391,0,3.148,0.376,I
392,0,7.601,0.808,I
393,0,6.337,0.859,I
394,0,2.512,0.087,I
395,0,2.717,0.494,I
396,0.747,2.162,0.005,I
397,1,2.106,0,I
398,0,1.545,0,I
399,0,1.985,0,I
400,0.869,1.676,0.03,I
401,0,1.678,0,I
402,0.379,1.796,0,I
403,0.488,3.031,0.564,I
404,0,2.735,0.732,I
405,0,8.871,1,I
406,0,7.291,0.999,I
407,0,8.678,0.883,I
408,0,10.259,1,I
409,0,13.838,1,I
410,0,11.833,0.999,I
411,0.141,1.718,0.007,I
412,0.802,1.518,0,I
413,0.705,0.958,0,I
414,0,2.144,0.566,I
415,0,1.057,0.003,I
416,0.928,3.458,0.618,I
417,0.999,1.676,0.088,I
418,0.975,2.757,0.665,I
419,0.38,1.515,0.36,I
420,0,4.8,0.724,I
421,0.074,6.394,0.869,I
422,0.445,7.202,0.999,I
423,0,13.288,0.999,I
424,0,13.849,0.999,I
425,0,17.294,0.999,I
426,0,13.598,0.999,I
427,0,7.253,0.995,I
428,0,9.11,0.98,I
429,0.475,2.874,0.524,I
430,1,1.405,0.002,I
431,0,1.629,0,I
432,0,1.964,0.013,I
433,0,1.423,0,I
434,1,1.854,0.041,I
435,0.785,4.334,0.653,I
436,0.32,4.542,0.705,I
437,0,4.164,0.658,I
438,0,13.555,0.999,I
439,0,11.476,0.999,I
440,0,18.364,1,I
441,1,3.382,0.918,I
442,0.854,1.957,0.438,I
443,0,19.031,1,I
444,0,11.863,1,I
445,0.694,6.822,0.999,I
446,0.38,5.699,0.999,I
447,0.178,1.501,0.467,I
448,0.194,6.758,0.999,I
449,0.556,1.064,0.418,I
450,0,14.909,0.999,I
451,0.178,1.164,0.222,I
452,0.511,0.638,0,I
453,0.196,6.448,0.999,I
454,0.157,3.373,0.583,I
455,0.996,0.881,0.002,I
456,0.905,0.622,0,I
457,0.046,3.551,0.762,I
458,0,9.093,1,I
459,0,15.519,1,I
460,0,10.649,0.999,I
461,0,2.322,0.001,I
462,0,4.294,0.915,I
463,0,15.73,0.999,I
464,0,18.823,0.999,I
465,0,12.266,1,I
466,0,10.689,1,I
467,0,6.961,0.921,I
468,0,5.752,0.931,I
469,1,3.321,0.614,I
470,0.469,1.576,0,I
471,0.847,2.285,0.037,I
472,0.418,2.098,0.002,I
473,0,2.159,0.04,I
474,0.934,3.303,0.481,I
475,1,3.716,0.62,I
476,0,9.234,0.997,I
477,0,12.441,0.999,I
478,0,10.244,1,I
479,0,11.032,0.999,I
480,0,5.589,0.918,I
481,0,1.519,0.002,I
482,0,1.603,0.511,I
483,0,0.678,0,I
484,0.625,0.655,0,I
485,0.522,0.601,0,I
486,0,0.785,0,I
487,0.023,2.961,0.174,I
488,0.477,1.285,0,I
489,0,2.145,0,I
490,0,3.955,0.783,I
491,0,2.914,0,I
492,1,0.828,0,I
493,0.589,0.718,0,I
494,0.732,1.081,0.01,I
495,0.25,1.135,0,I
496,0.817,1.526,0.074,I
497,0,1.12,0,I
498,0,5.701,0.096,I
499,0.068,3.489,0.199,I
500,0,11.03,0.374,I
501,0,5.165,0.63,I
502,0,13.333,0.915,I
503,0,14.166,0.999,I
504,0,15.765,0.999,I
505,0.288,8.85,0.931,I
506,1,3.208,0.478,I
507,0,2.137,0.434,I
508,0.964,1.654,0.23,I
509,0,1.917,0.471,I
510,1,2.593,0.205,I
511,0,2.466,0.494,I
512,0.444,2.309,0.612,I
513,0.625,2.469,0.474,I
514,0.353,4.775,0.649,I
515,0,6.465,0.962,I
516,0,7.131,1,I
517,0,13.458,0.999,I
518,0,10.577,0.999,I
519,0,15.159,1,I
520,0,19.981,1,I
521,0,19.166,0.999,I
522,0,14.838,0.999,I
523,0,14.979,0.999,I
524,0.171,4.577,0.972,I
525,0.467,1.216,0.651,I
526,0.879,1.29,0.585,I
527,0.513,1.002,0.258,I
528,0.659,2.567,0.902,I
529,0,8.163,1,I
530,0,8.763,0.999,I
531,0.511,0.918,0.093,I
532,1,0.884,0.217,I
533,0.919,1.476,0.705,I
534,0.109,3.899,0.999,I
535,0.16,0.978,0.079,I
536,0.19,1.092,0.012,I
537,0.805,2.66,0.938,I
538,0,6.445,1,I
539,0.566,3.206,0.87,I
540,1,0.86,0.254,I
541,0.288,3.958,0.924,I
542,0.724,2.671,0.439,I
543,0,8.189,0.991,I
544,0.498,2.065,0.327,I
545,0,7.939,0.986,I
546,0,11.771,1,I
547,0,16.982,0.999,I
548,0,16.798,1,I
549,0.193,4.277,0.642,I
550,0,9.059,1,I
551,0,15.658,0.999,I
552,0,15.999,1,I
553,0,16.984,1,I
554,0,9.193,0.999,I
555,0.111,4.131,0.625,I
556,1,3.579,0.656,I
557,0,2.019,0.438,I
558,0,2.383,0.947,I
559,0.79,6.823,1,I
560,0,2.571,0.999,I
561,0.797,3.024,0.722,I
562,0,8.357,1,I
563,0,7.715,1,I
564,0,11.316,1,I
565,0,6.242,0.959,I
566,0,7.597,0.923,I
567,0.344,2.475,0.464,I
568,0.668,1.323,0.139,I
569,0.598,1.018,0.008,I
570,0,2.311,0.593,I
571,1,1.701,1,I
572,0,1.704,0.999,I
573,0.852,3.165,0.448,I
574,0.353,1.541,0.846,I
575,0,2.719,1,I
576,0.53,5.591,0.999,I
577,0,2.204,0.999,I
578,0,2.802,1,I
579,0,10.366,0.999,I
580,0,8.593,0.999,I
581,0.251,3.67,0.603,I
582,0.787,0.886,0,I
583,0.995,0.938,0,I
584,0.819,0.664,0,I
585,0,0.734,0,I
586,0.244,0.795,0,I
587,0.667,0.958,0.071,I
588,0.129,2.817,0.794,I
589,0,10.69,1,I
590,0,6.982,0.999,I
591,0,6.418,0.999,I
592,0,8.055,0.999,I
593,0.414,1.511,0.408,I
594,0.553,2.79,0.707,I
595,0,9.2,0.999,I
596,0,7.602,0.998,I
597,0.134,7.486,0.996,I
598,0.07,1.255,0.053,I
599,0,1.831,0.403,I
600,0.1,0.495,0,I
601,0.256,0.971,0,I
602,0,2.021,0,I
603,0.105,3.259,0.451,I
604,0,3.266,0.196,I
605,0.04,5.881,0.975,I
606,0.049,8.304,1,I
607,0,12.796,1,I
608,0,11.658,0.999,I
609,0,8.405,1,I
610,0,12.702,1,I
611,0,14.242,1,I
612,0,11.451,0.999,I
613,0,9.503,1,I
614,0,11.001,0.999,I
615,0,6.208,0.541,I
616,0.528,3.728,0.778,I
617,0.383,2.46,0.999,I
618,0.191,1.4,0.999,I
619,1,1.119,1,I
620,0.136,1.759,0.999,I
621,0,1.349,0.999,I
622,0,1.464,0.962,I
623,1,2.09,0.401,I
624,0,11.899,1,I
625,0,10.854,0.999,I
626,0,7.427,0.949,I
627,0.267,3.016,0.171,I
628,0.207,4.185,0.797,I
629,0,10.597,1,I
630,0,5.334,0.999,I
631,0,2.318,0.085,I
632,0.339,2.462,0.335,I
633,0.287,2.144,0.222,I
634,0.15,1.052,0.006,I
635,1,2.056,0.526,I
636,0.232,2.089,0.95,I
637,0,1.532,0.942,I
638,1,2.791,0.899,I
639,0.713,2.956,0.774,I
640,0,1.617,0.353,I
641,0,1.758,0.846,I
642,0.388,2.172,0.503,I
643,0.864,1.311,0.209,I
644,0.945,1.065,0.046,I
645,0,1.347,0.189,I
646,1,1.115,0,I
647,0.437,1.342,0.047,I
648,0,1.662,0.158,I
649,0.223,1.557,0.093,I
650,0,2.595,0.558,I
651,0,1.737,0.926,I
652,0.868,4.351,0.977,I
653,0.316,2.048,0.989,I
654,0.37,2.607,0.999,I
655,0.622,2.042,1,I
656,0.245,1.898,0.999,I
657,0.289,2.174,0.638,I
658,0.374,2.212,0.998,I
659,0.729,1.42,1,I
660,1,1.56,1,I
661,0.333,1.181,0,I
662,0.291,1.912,0.045,I
663,0.174,4.191,0.685,I
664,0.191,1.357,0.084,I
665,1,2.655,0.739,I
666,0.766,1.812,0.999,I
667,0.518,1.792,1,I
668,0.781,2.167,0.999,I
669,0.573,2.716,0.999,I
670,0.517,2.466,1,I
671,0,1.5,1,I
672,1,1.396,0.767,I
673,0.755,1.035,0,I
674,1,1.034,0.067,I
675,0.32,0.99,0.477,I
676,1,1.537,0.831,I
677,1,1.497,0.223,I
678,0.742,1.401,0.941,I
679,0,1.637,0.999,I
680,0,3.112,0.507,I
681,0.581,2.588,0.565,I
682,0,1.272,0.999,I
683,0,3.801,0.943,I
684,0.843,2.103,0.897,I
685,0,1.977,1,I
686,0.955,1.771,0.999,I
687,1,0.84,0.525,I
688,0.32,1.369,0.721,I
689,0,1.903,0.611,I
690,1,6.021,0.977,I
691,1,3.66,0.825,I
692,0,4.416,0.999,I
693,0,1.809,0.82,I
694,1,1.422,0.999,I
695,0,1.038,0.999,I
696,0.575,2.753,0.773,I
697,0.421,1.299,0.212,I
698,1,3.189,1,I
699,0.726,1.616,1,I
700,0.509,5.165,0.999,I
701,0.177,6.391,0.789,I
702,0,1.394,0.348,I
703,0.087,1.584,0.432,I
704,0.062,6.002,1,I
705,0,10.277,0.999,I
706,0,8.822,1,I
707,0.387,5.74,1,I
708,0,1.295,1,I
709,0,6.491,1,I
710,0,1.739,1,I
711,0,3.259,0.834,I
712,0,6.882,1,I
713,0,7.673,1,I
714,0,2.231,1,I
715,0,2.918,0.424,I
716,0,3.254,0.914,I
717,0,1.5,0,I
718,0,1.824,0.062,I
719,0,1.71,0,I
720,0,1.754,0,I
721,0.283,1.554,0.005,I
722,0.336,3.059,0,I
723,0,7.039,0.276,I
724,0,5.83,0.24,I
725,0.133,6.907,0.185,I
726,0,4.486,0.43,I
727,0,2.574,0,I
728,0,2.07,0.516,I
729,0,12.481,0.373,I
730,0.42,1.322,0.079,I
731,0,6.958,0.835,I
732,0,10.849,1,I
733,0,14.572,1,I
734,0,12.066,0.999,I
735,0,5.662,0.999,I
736,0,2.298,0.379,I
737,0.733,1.093,0,I
738,0,1.635,0,I
739,0.454,0.805,0,I
740,0.605,0.713,0,I
741,0.917,1.131,0.036,I
742,0,2.047,0.441,I
743,0.741,1.474,0,I
744,0.388,2.858,0.031,I
745,0,4.691,0.678,I
746,0,5.599,0.142,I
747,0,9.701,1,I
748,0,14.859,1,I
749,0,5.324,0.158,I
750,0,11.328,0.914,I
751,0,19.214,0.999,I
752,0.131,1.263,0.135,I
753,0.414,4.974,0.59,I
754,0,3.442,0.862,I
755,0,7.837,0.973,I
756,0,15.94,0.999,I
757,1,1.445,0.663,I
758,1,1.276,0,I
759,0.217,0.883,0,I
760,0.146,2.64,0.593,I
761,0,9.902,0.999,I
762,0.119,7.821,0.351,I
763,0.227,6.165,0.274,I
764,0.759,2.352,0.005,I
765,0,6.168,0.607,I
766,0.92,1.657,0,I
767,0.16,1.697,0,I
768,0,20.291,1,I
769,0,12.673,0.999,I
770,0,15.259,1,I
771,0.163,6.509,0.779,I
772,0,10.136,1,I
773,0,23.103,1,I
774,0,14.624,0.999,I
775,0.066,2.175,1,I
776,0.725,7.345,0.999,I
777,0,2.83,1,I
778,0,11.912,1,I
779,0,16.222,1,I
780,0,1.915,0.999,I
781,0.797,6.962,1,I
782,0,1.302,1,I
783,0,6.863,1,I
784,0,4.367,0.999,I
785,0,3.082,0.999,I
786,0.74,2.207,0.999,I
787,0,1.534,0.999,I
788,0,4.762,0.999,I
789,0,1.972,0.72,I
790,0,4.766,0.999,I
791,0,2.679,0.999,I
792,0,7.539,0.407,I
793,0,5.483,0.784,I
794,0,7.078,0.275,I
795,0.372,2.093,0.001,I
796,1,2.654,0.386,I
797,0,7.492,0.893,I
798,0,9.908,0.958,I
799,0,9.07,1,I
800,0.626,4.001,0.698,I
801,0.212,1.851,0.002,I
802,0.179,1.503,0.284,I
803,0.751,2.408,1,I
804,0,1.379,1,I
805,0.118,4.736,1,I
806,0,4.607,0.999,I
807,0,1.968,0.999,I
808,0,2.229,0.999,I
809,0,4.652,0.999,I
810,0.49,1.563,1,I
811,0,1.658,0.999,I
812,0.25,3.865,0.999,I
813,0.388,2.763,1,I
814,0,0.984,0.999,I
815,0,6.251,0.999,I
816,0,9.869,0.999,I
817,0,6.798,1,I
818,0.43,2.631,1,I
819,0,6.407,0.967,I
820,0,13.978,1,I
821,0.51,1.602,0.695,I
822,0.087,1.475,0.375,I
823,0.32,1.409,0.843,I
824,0.53,1.984,0.991,I
825,0,9.694,1,I
826,0,15.924,0.999,I
827,0.18,1.165,0.999,I
828,0,8.166,0.999,I
829,0.343,1.3,1,I
830,0.305,2.523,1,I
831,0,1.406,0.999,I
832,0,5.917,0.999,I
833,0,10.909,0.999,I
834,0,18.847,0.999,I
835,0,14.395,1,I
836,0,8.808,0.999,I
837,0,3.299,1,I
838,0.684,1.563,0.973,I
839,0.191,1.374,0.933,I
840,0.199,0.844,0.012,I
841,0,0.749,0.091,I
842,0,1.842,0.654,I
843,0,0.849,0,I
844,0,1.666,0.391,I
845,0,8.961,1,I
846,0,4.501,0.999,I
847,0,14.559,1,I
848,0,19.691,1,I
849,0,12.522,0.999,I
850,0,20.412,0.999,I
851,0,11.504,0.928,I
852,0.422,3.646,0.895,I
853,0,5.627,0.999,I
854,1,1.998,0.811,I
855,0,1.335,0.675,I
856,0.702,1.077,0.183,I
857,0,2.404,0.499,I
858,0.567,1.394,0.418,I
859,0.876,1.163,0.017,I
860,0.165,1.952,0.538,I
861,0.907,0.754,0,I
862,0.218,1.473,0.232,I
863,0,1.598,0.999,I
864,0,1.492,1,I
865,0.726,1.086,0,I
866,0.058,1.786,0.15,I
867,0,2.774,1,I
868,0,2.561,0.942,I
869,0,5.4,1,I
870,0,12.641,0.802,I
871,0,16.876,0.458,I
872,0,16.565,0.801,I
873,0.367,17.748,0.015,I
874,0,12.181,0.747,I
875,0,15.011,0.749,I
876,0.182,17.812,0.013,I
877,0,12.718,0.197,I
878,0.075,16.436,0,I
879,0.353,12.299,0.242,I
880,0,15.123,0.246,I
881,0,9.777,0.999,I
882,0.128,16.237,0.502,I
883,0,18.293,0,I
884,0,1.807,0.398,I
885,0.601,3.887,1,I
886,1,3.035,0.999,I
887,0,1.832,0.999,I
888,0,8.582,1,I
889,0,6.071,0.999,I
890,0,12.555,0.828,I
891,0.37,0.643,0,I
892,0.829,0.943,0,I
893,0.803,1.631,0.014,I
894,0.957,0.93,0,I
895,1,1.635,0.245,I
896,0,2.243,0,I
897,0,4.913,0.64,I
898,0,11.112,0.999,I
899,0,14.313,1,I
900,0.099,6.766,0.453,I
901,0,15.083,0.575,I
902,0,20.839,0.963,I
903,0,14.945,0.808,I
904,0,9.416,1,I
905,0,5.588,0.999,I
906,0.356,2.77,1,I
907,0.548,1.344,1,I
908,0.086,2.301,0.777,I
909,0.065,1.843,0.205,I
910,0,0.924,0.245,I
911,0.423,0.965,0.052,I
912,0,1.074,0,I
913,0,1.454,0.038,I
914,0,1.281,0.453,I
915,0.094,1.217,0,I
916,0,1.096,0.033,I
917,0,1.615,0.859,I
918,0,1.243,0.694,I
919,0,1.678,0.842,I
920,0.241,1.003,0.005,I
921,0,1.744,1,I
922,0.404,2.14,0.751,I
923,0,2.23,1,I
924,0,3.637,1,I
925,0,6.038,1,I
926,0,6.263,1,I
927,0,12.323,1,I
928,0,2.636,0.999,I
929,0,12.964,1,I
930,0,19.911,0.999,I
931,0,23.678,0.999,I
932,0,10.784,1,I
933,0.251,0.982,0.311,I
934,0,3.912,0.853,I
935,0,21.109,0.999,I
936,0,12.906,0.999,I
937,0,21.844,0.999,I
938,0.241,7.925,0.034,I
939,0.35,4.584,0.439,I
940,0.288,13.541,0.691,I
941,0.706,10.353,0.399,I
942,0.107,14.757,0.986,I
943,0,2.463,0,I
944,0.161,4.248,0.001,I
945,0.162,6.505,0.59,I
946,0,4.013,0.11,I
947,0,11.257,0.975,I
948,0.102,1.124,0.006,I
949,0,0.938,0,I
950,0.375,1.205,0.067,I
951,0.434,1.102,0.03,I
952,1,1.048,0,I
953,0.101,1.326,0.92,I
954,1,1.234,0.927,I
955,0.355,0.965,0.811,I
956,0.232,2.639,0.637,I
957,0,3.731,0.68,I
958,0,10.033,0.987,I
959,0,21.937,1,I
960,0,11.998,1,I
961,0,16.936,0.999,I
962,0,3.408,0.999,I
963,0,3.59,0.844,I
964,0,2.658,0.999,I
965,0,3.587,1,I
966,0.4,1.63,0.182,I
967,0.848,1.925,0.174,I
968,0.313,1.594,0,I
969,0,2.469,0.841,I
970,0.031,1.289,1,I
971,0.508,0.831,0.999,I
972,0.138,1.665,1,I
973,0.443,1.284,0.999,I
974,0,2.695,1,I
975,0,7.388,1,I
976,0,12.028,0.999,I
977,0,15.724,1,I
978,0,11.392,1,I
979,0,3.358,0.999,I
980,0,8.674,0.999,I
981,0,3.971,0.999,I
982,0,8.679,1,I
983,0,1.853,0.999,I
984,0,1.024,0.999,I
985,0,1.729,0.993,I
986,0.734,1.847,0.748,I
987,0,0.8,0.999,I
988,0,1.435,0.791,I
989,0,1.629,1,I
990,0,1.134,1,I
991,0,1.461,0.999,I
992,0,1.272,1,I
993,0,1.4,1,I
994,0,1.696,1,I
995,0,2.622,0.999,I
996,0,5.157,1,D
997,0,11.813,0.999,D
998,0,7.309,1,I
999,0,2.673,0.999,I
1000,0.284,1.071,0.999,I
1001,0.288,0.891,1,I
1002,0.837,0.757,0.999,I
1003,0.828,0.932,0,I
1004,0,0.811,0,I
1005,1,0.914,0,I
1006,0,0.762,0,I
1007,0.191,1.115,0,I
1008,0.198,0.851,0,I
1009,0,2.056,0,I
1010,0,1.246,0,I
1011,0.48,0.995,0,I
1012,0.427,0.762,0,I
1013,0,0.881,0,I
1014,0.779,0.653,0,I
1015,1,0.455,0,I
1016,0.28,0.705,0,I
1017,0.088,1.008,0,I
1018,0.678,0.674,0,I
1019,0.446,1.083,0,I
1020,0,1.318,0,I
1021,0.338,0.933,0,I
1022,0,1.106,0,I
1023,0.165,0.536,0,I
1024,0,0.614,0,I
1025,1,0.622,0,I
1026,0,0.82,0,I
1027,0.218,1.081,0,I
1028,0.486,1.102,0,I
1029,0,1.039,0,I
1030,1,1.024,0,I
1031,0,1.591,0,I
1032,1,0.637,0,I
1033,0.628,1.026,0,I
1034,1,0.958,0,I
1035,0,1.837,0,I
1036,0,1.287,0,I
1037,1,1.229,0,I
1038,0.254,1.247,0,I
1039,0,1.265,0,I
1040,1,1.458,0,I
1041,0,1.339,0,I
1042,1,1.006,0.002,I
1043,0,1.182,0.003,I
1044,0.38,2.074,0.629,I
1045,0.108,1.846,0,I
1046,0.496,1.494,0.435,I
1047,0.2,2.79,0.649,I
1048,0.778,1.787,1,I
1049,0,1.918,0.999,I
1050,1,1.897,0.999,I
1051,0,2.337,1,I
1052,0.898,1.694,1,I
1053,0,1.696,1,I
1054,0.895,1.67,0.999,I
1055,0,1.916,0.999,I
1056,0,2.079,1,I
1057,0.739,2.028,1,I
1058,1,2.102,0.478,I
1059,0,1.97,0.999,I
1060,0,2.71,0.962,I
1061,0,1.922,0.993,I
1062,0.229,2.02,0.902,I
1063,1,2.332,0.999,I
1064,0,2.513,0.999,I
1065,0.24,2.205,0.318,I
1066,0,1.793,0.092,I
1067,0,2.347,0.456,I
1068,0,2.399,0.138,I
1069,1,1.832,0.022,I
1070,0.135,2.907,0.336,I
1071,0.309,2.532,0.358,I
1072,0,3.365,0.376,I
1073,1,1.779,0,I
1074,0.17,2.121,0,I
1075,0.225,2.044,0,I
1076,0.43,1.712,0,I
1077,0,1.427,0,I
1078,0.248,1.908,0,I
1079,1,1.704,0,I
1080,0.937,2.006,0,I
1081,0,2.044,0,I
1082,0,1.979,0,I
1083,1,1.197,0,I
1084,0.291,1.557,0,I
1085,0.4,1.073,0.199,I
1086,0.6,1.043,0.235,I
1087,1,1.334,0,I
1088,0,1.243,0,I
1089,0,2.26,0,I
1090,0.316,1.5,0.109,I
1091,0,3.513,0.311,I
1092,0.757,1.906,0.598,I
1093,1,2.988,0.975,I
1094,0.976,1.222,0.148,I
1095,0,1.765,0.355,I
1096,0.207,0.95,0,I
1097,0,0.78,0,I
1098,0.97,0.883,0,I
1099,0.082,0.919,0,I
1100,0.233,3.442,0,I
1101,0,1.839,0,I
1102,0.147,1.165,0,I
1103,0.563,1.588,0.999,I
1104,0.391,2.475,0.86,I
1105,0.286,3.125,0.999,I
1106,0.319,1.332,0.999,I
1107,0.395,0.915,1,I
1108,0,2.357,0,I
1109,0,2.146,0,I
1110,0,2.285,0,I
1111,0,1.975,0,I
1112,0,2.1,0,I
1113,0.267,1.776,0,I
1114,0.252,2.308,0,I
1115,0.758,2.261,0,I
1116,0.757,2.03,0,I
1117,0,2.692,0,I
1118,0,2.518,0,I
1119,0.144,2.742,0,I
1120,0,1.272,0,I
1121,1,1.229,0,I
1122,0.179,1.596,0,I
1123,0,1.273,0,I
1124,0.296,1.651,0.245,I
1125,0,1.345,0,I
1126,0.29,1.788,0.012,I
1127,0.387,2.119,0.014,I
1128,0.901,2.009,0.062,I
1129,0,1.873,0.247,I
1130,0,1.708,0.295,I
1131,0.787,1.699,0.013,I
1132,1,1.613,0.076,I
1133,0,2.087,0.953,I
1134,0,1.853,0.619,I
1135,0.979,1.82,0,I
1136,0.151,1.337,0.238,I
1137,0.369,2.089,0.326,I
1138,0.021,2.163,0.926,I
1139,0.942,1.485,0.261,I
1140,0.855,2.131,0.948,I
1141,0,2.246,0.721,I
1142,0,2.266,0.767,I
1143,0,3.022,0.312,I
1144,0,2.585,0.06,I
1145,0,4.268,0.892,I
1146,0,2.028,0.775,I
1147,0,2.104,0.952,I
1148,0.722,2.45,0.999,I
1149,0,3.992,0.561,I
1150,0.765,5.728,0.999,I
1151,0,2.161,0.016,I
1152,0,1.109,0.129,I
1153,1,3.804,0.803,I
1154,0.387,2.445,1,I
1155,0,6.075,0.999,I
1156,0.825,2.03,0,I
1157,0.378,2.08,0,I
1158,0,1.939,0,I
1159,0.965,1.415,0,I
1160,1,2.154,0.162,I
1161,1,2.116,0.21,I
1162,0,2.205,0.008,I
1163,0.597,1.742,0,I
1164,1,1.674,0,I
1165,1,1.561,0,I
1166,0,2.276,0,I
1167,0,2.113,0,I
1168,0,2.782,0,I
1169,0.275,1.689,0,I
1170,0.655,1.592,0,I
1171,0.603,1.647,0,I
1172,0,2.156,0,I
1173,0,2.181,0,I
1174,1,1.863,0,I
1175,0,2.021,0,I
1176,0,1.697,0,I
1177,0,1.457,0,I
1178,0.452,1.682,0,I
1179,1,1.531,0,I
1180,0,1.326,0,I
1181,0,2.32,0,I
1182,0.817,1.207,0,I
1183,1,1.303,0.048,I
1184,0,2.291,0.177,I
1185,0.348,1.659,0.131,I
1186,0,2.89,0.156,I
1187,0.694,1.192,0.392,I
1188,0,1.755,0.587,I
1189,0,1.231,0.576,I
1190,0.435,0.975,0.131,I
1191,0.451,6.9,0.778,I
1192,0,3.119,1,I
1193,0.916,5.66,0.779,I
1194,0,5.68,0.94,I
1195,0.132,2.324,0.971,I
1196,0,1.364,0,I
1197,0.2,8.753,0.722,I
1198,0,1.839,0.103,I
1199,0.591,2.016,0.063,I
1200,0,6.831,0.89,I
1201,0,2.081,0.047,I
1202,0,1.314,0.036,I
1203,0.395,1.485,0.442,I
1204,1,1.569,0,I
1205,0,1.224,0,I
1206,0,1.339,0.212,I
1207,0.336,1.083,0.02,I
1208,0,1.497,0.045,I
1209,0,1.761,0.105,I
1210,1,2.051,0.008,I
1211,0,1.34,0,I
1212,0,1.915,0.011,I
1213,0.767,1.343,0,I
1214,0.26,1.595,0,I
1215,0.232,1.94,0,I
1216,0,1.929,0.007,I
1217,0,2.217,0,I
1218,0,1.737,0,I
1219,0.295,1.75,0,I
1220,0.438,1.923,0,I
1221,0,1.984,0,I
1222,0.229,2.102,0,I
1223,0.666,2.07,0,I
1224,0.281,1.907,0,I
1225,0,1.651,0,I
1226,0,2.297,0,I
1227,0,1.617,0,I
1228,0,1.689,0,I
1229,0,1.664,0,I
1230,0,2.219,0,I
1231,0,1.535,0,I
1232,0,1.852,0,I
1233,0,2.021,0,I
1234,0,2.111,0,I
1235,0,1.878,0,I
1236,0,1.9,0,I
1237,0,1.551,0,I
1238,0,2.242,0,I
1239,0.699,1.33,0,I
1240,0,1.428,0,I
1241,0,1.816,0,I
1242,0.984,1.413,0,I
1243,0,1.128,0,I
1244,0,1.579,0,I
1245,0.692,0.803,0,I
1246,0,1.919,0,I
1247,1,1.106,0,I
1248,0,1.24,0,I
1249,0,1.059,0,I
1250,1,0.892,0,I
1251,1,0.901,0,I
1252,0,1.117,0,I
1253,0,1.368,0.111,I
1254,0,1.361,0.142,I
1255,0,0.893,0.005,I
1256,0,1.777,0.035,I
1257,0.936,0.889,0,I
1258,0,0.959,0,I
1259,1,0.589,0,I
1260,0,0.925,0,I
1261,0.17,0.967,0,I
1262,1,0.649,0,I
1263,0,0.713,0.105,I
1264,0.48,1.055,0.087,I
1265,1,0.85,0.007,I
1266,0,0.868,0,I
1267,0.881,0.873,0,I
1268,0.369,1.363,0,I
1269,1,1.005,0,I
1270,0.64,1.292,0.173,I
1271,0,1.391,0.231,I
1272,1,1.17,0,I
1273,0,1.161,0,I
1274,0.248,1,0,I
1275,1,0.636,0,I
1276,0.091,0.68,0,I
1277,0.828,0.55,0,I
1278,0,1.009,0,I
1279,0.119,0.732,0,I
1280,0.087,1.748,0.923,I
1281,1,0.817,0.334,I
1282,0,1.085,0.072,I
1283,0.059,1.741,0.569,I
1284,0,1.444,0.149,I
1285,0.606,1.346,0,I
1286,0.182,2.185,0.481,I
1287,0.865,1.381,0.077,I
1288,0,1.894,0,I
1289,0.496,4.446,0.84,I
1290,0,1.621,1,I
1291,0.058,2.985,1,I
1292,0.185,5.216,0.857,I
1293,0.252,2.759,0.999,I
1294,0,0.949,0,I
1295,1,1.206,0.086,I
1296,0,1.351,0,I
1297,0,1.227,0,I
1298,0,3.79,0.49,I
1299,0,6.93,0.973,I
1300,1,3.418,1,I
1301,0,2.008,1,I
1302,0,1.477,0.059,I
1303,0,1.393,0,I
1304,0,1.244,0,I
1305,0,9.107,0.996,I
1306,0,2.967,0.244,I
1307,0.496,4.984,1,I
1308,0,2.179,0.999,I
1309,0.436,1.875,1,I
1310,0.91,2.624,0.999,I
1311,0,5.149,0.999,I
1312,0,11.15,0.999,I
1313,0,3.463,0.384,I
1314,0,2.995,0.29,I
1315,0,2.031,0,I
1316,0,2.405,0.125,I
1317,0.83,1.681,0.999,I
1318,0,2.95,0.999,I
1319,0,1.885,0.999,I
1320,0,2.039,0.854,I
1321,0.622,1.621,0.294,I
1322,0.441,1.038,0.321,I
1323,0.221,2.014,0.893,I
1324,0.788,1.703,0.808,I
1325,0.177,1.423,0.144,I
1326,0,1.846,0,I
1327,0,0.717,0.059,I
1328,0,1.517,0.441,I
1329,1,1.22,0,I
1330,0,1.102,0.206,I
1331,0,4.026,0.71,I
1332,0,7.461,0.908,I
1333,0,1.818,0.273,I
1334,0,0.835,0,I
1335,0,1.483,0.041,I
1336,0.844,1.787,0.174,I
1337,0.735,1.738,0.416,I
1338,0,1.806,0.067,I
1339,0,3.467,0.78,I
1340,0,5.498,0.999,I
1341,0,3.129,0.999,I
1342,0,2.429,1,I
1343,0,1.352,0.637,I
1344,0,1.973,0.197,I
1345,0.118,2.291,0.509,I
1346,1,2.43,0.516,I
1347,0,1.995,0.945,I
1348,0,1.854,0.957,I
1349,1,1.353,0.591,I
1350,0,2.242,0.471,I
1351,0,1.835,0.835,I
1352,0,2.024,0.149,I
1353,0,1.835,0.141,I
1354,0,1.855,0.144,I
1355,0,1.115,0,I
1356,0.278,0.836,0,I
1357,1,1.191,0,I
1358,0,1.089,0,I
1359,1,1.522,0,I
1360,0.8,1.9,0.385,I
1361,0.493,1.34,0,I
1362,0,0.939,0,I
1363,1,1.118,0.013,I
1364,0,1.488,0.14,I
1365,1,1.759,0.624,I
1366,0,3.516,0.865,I
1367,0,1.531,0,I
1368,0,2.178,0,I
1369,0,2.096,0.397,I
1370,0,2.207,0,I
1371,0,2.103,0.007,I
1372,0,2.96,0.318,I
1373,0,3.131,0.491,I
